user_id,stage,event_date
U0001,app_downloaded,2024-12-21
U0001,registered,2024-12-22
U0001,kyc_completed,2024-12-23
U0001,card_activated,2024-12-24
U0001,first_transaction,2024-12-25
U0002,app_downloaded,2024-03-18
U0002,registered,2024-03-19
U0003,app_downloaded,2024-12-25
U0003,registered,2024-12-26
U0003,kyc_completed,2024-12-27
U0003,card_activated,2024-12-28
U0004,app_downloaded,2024-07-05
U0004,registered,2024-07-06
U0004,kyc_completed,2024-07-07
U0004,card_activated,2024-07-08
U0004,first_transaction,2024-07-09
U0005,app_downloaded,2024-03-13
U0005,registered,2024-03-14
U0006,app_downloaded,2024-10-26
U0006,registered,2024-10-27
U0006,kyc_completed,2024-10-28
U0006,card_activated,2024-10-29
U0007,app_downloaded,2024-11-11
U0007,registered,2024-11-12
U0007,kyc_completed,2024-11-13
U0007,card_activated,2024-11-14
U0007,first_transaction,2024-11-15
U0008,app_downloaded,2024-03-26
U0008,registered,2024-03-27
U0008,kyc_completed,2024-03-28
U0008,card_activated,2024-03-29
U0008,first_transaction,2024-03-30
U0009,app_downloaded,2024-09-03
U0009,registered,2024-09-04
U0009,kyc_completed,2024-09-05
U0009,card_activated,2024-09-06
U0009,first_transaction,2024-09-07
U0010,app_downloaded,2024-12-10
U0010,registered,2024-12-11
U0011,app_downloaded,2024-09-10
U0011,registered,2024-09-11
U0011,kyc_completed,2024-09-12
U0011,card_activated,2024-09-13
U0011,first_transaction,2024-09-14
U0012,app_downloaded,2024-02-12
U0012,registered,2024-02-13
U0012,kyc_completed,2024-02-14
U0012,card_activated,2024-02-15
U0012,first_transaction,2024-02-16
U0013,app_downloaded,2024-12-30
U0013,registered,2024-12-31
U0013,kyc_completed,2025-01-01
U0013,card_activated,2025-01-02
U0013,first_transaction,2025-01-03
U0014,app_downloaded,2024-09-10
U0014,registered,2024-09-11
U0014,kyc_completed,2024-09-12
U0014,card_activated,2024-09-13
U0014,first_transaction,2024-09-14
U0015,app_downloaded,2024-10-02
U0015,registered,2024-10-03
U0015,kyc_completed,2024-10-04
U0015,card_activated,2024-10-05
U0016,app_downloaded,2024-05-26
U0016,registered,2024-05-27
U0016,kyc_completed,2024-05-28
U0016,card_activated,2024-05-29
U0016,first_transaction,2024-05-30
U0017,app_downloaded,2024-08-29
U0017,registered,2024-08-30
U0017,kyc_completed,2024-08-31
U0017,card_activated,2024-09-01
U0017,first_transaction,2024-09-02
U0018,app_downloaded,2024-02-12
U0018,registered,2024-02-13
U0018,kyc_completed,2024-02-14
U0018,card_activated,2024-02-15
U0018,first_transaction,2024-02-16
U0019,app_downloaded,2024-01-14
U0019,registered,2024-01-15
U0019,kyc_completed,2024-01-16
U0019,card_activated,2024-01-17
U0019,first_transaction,2024-01-18
U0020,app_downloaded,2024-04-12
U0020,registered,2024-04-13
U0020,kyc_completed,2024-04-14
U0021,app_downloaded,2024-03-30
U0021,registered,2024-03-31
U0021,kyc_completed,2024-04-01
U0021,card_activated,2024-04-02
U0021,first_transaction,2024-04-03
U0022,app_downloaded,2024-06-03
U0022,registered,2024-06-04
U0022,kyc_completed,2024-06-05
U0022,card_activated,2024-06-06
U0022,first_transaction,2024-06-07
U0023,app_downloaded,2024-10-05
U0023,registered,2024-10-06
U0024,app_downloaded,2024-08-04
U0024,registered,2024-08-05
U0024,kyc_completed,2024-08-06
U0024,card_activated,2024-08-07
U0025,app_downloaded,2024-06-25
U0025,registered,2024-06-26
U0025,kyc_completed,2024-06-27
U0025,card_activated,2024-06-28
U0025,first_transaction,2024-06-29
U0026,app_downloaded,2024-09-24
U0026,registered,2024-09-25
U0026,kyc_completed,2024-09-26
U0026,card_activated,2024-09-27
U0026,first_transaction,2024-09-28
U0027,app_downloaded,2024-12-03
U0027,registered,2024-12-04
U0027,kyc_completed,2024-12-05
U0027,card_activated,2024-12-06
U0027,first_transaction,2024-12-07
U0028,app_downloaded,2024-11-07
U0028,registered,2024-11-08
U0028,kyc_completed,2024-11-09
U0028,card_activated,2024-11-10
U0028,first_transaction,2024-11-11
U0029,app_downloaded,2024-06-23
U0029,registered,2024-06-24
U0029,kyc_completed,2024-06-25
U0030,app_downloaded,2024-01-12
U0030,registered,2024-01-13
U0030,kyc_completed,2024-01-14
U0030,card_activated,2024-01-15
U0030,first_transaction,2024-01-16
U0031,app_downloaded,2024-04-29
U0031,registered,2024-04-30
U0031,kyc_completed,2024-05-01
U0031,card_activated,2024-05-02
U0031,first_transaction,2024-05-03
U0032,app_downloaded,2024-12-14
U0033,app_downloaded,2024-11-26
U0033,registered,2024-11-27
U0033,kyc_completed,2024-11-28
U0033,card_activated,2024-11-29
U0034,app_downloaded,2024-02-27
U0034,registered,2024-02-28
U0034,kyc_completed,2024-02-29
U0034,card_activated,2024-03-01
U0034,first_transaction,2024-03-02
U0035,app_downloaded,2024-01-04
U0035,registered,2024-01-05
U0035,kyc_completed,2024-01-06
U0035,card_activated,2024-01-07
U0035,first_transaction,2024-01-08
U0036,app_downloaded,2024-11-25
U0036,registered,2024-11-26
U0036,kyc_completed,2024-11-27
U0036,card_activated,2024-11-28
U0036,first_transaction,2024-11-29
U0037,app_downloaded,2024-03-17
U0037,registered,2024-03-18
U0037,kyc_completed,2024-03-19
U0037,card_activated,2024-03-20
U0037,first_transaction,2024-03-21
U0038,app_downloaded,2024-05-25
U0038,registered,2024-05-26
U0038,kyc_completed,2024-05-27
U0039,app_downloaded,2024-05-11
U0039,registered,2024-05-12
U0039,kyc_completed,2024-05-13
U0040,app_downloaded,2024-03-05
U0040,registered,2024-03-06
U0041,app_downloaded,2024-10-23
U0041,registered,2024-10-24
U0041,kyc_completed,2024-10-25
U0041,card_activated,2024-10-26
U0041,first_transaction,2024-10-27
U0042,app_downloaded,2024-01-18
U0042,registered,2024-01-19
U0042,kyc_completed,2024-01-20
U0042,card_activated,2024-01-21
U0042,first_transaction,2024-01-22
U0043,app_downloaded,2024-10-24
U0043,registered,2024-10-25
U0044,app_downloaded,2024-01-31
U0044,registered,2024-02-01
U0044,kyc_completed,2024-02-02
U0044,card_activated,2024-02-03
U0044,first_transaction,2024-02-04
U0045,app_downloaded,2024-08-27
U0045,registered,2024-08-28
U0045,kyc_completed,2024-08-29
U0045,card_activated,2024-08-30
U0045,first_transaction,2024-08-31
U0046,app_downloaded,2024-10-08
U0046,registered,2024-10-09
U0046,kyc_completed,2024-10-10
U0046,card_activated,2024-10-11
U0046,first_transaction,2024-10-12
U0047,app_downloaded,2024-12-31
U0047,registered,2025-01-01
U0047,kyc_completed,2025-01-02
U0047,card_activated,2025-01-03
U0047,first_transaction,2025-01-04
U0048,app_downloaded,2024-06-10
U0048,registered,2024-06-11
U0048,kyc_completed,2024-06-12
U0048,card_activated,2024-06-13
U0048,first_transaction,2024-06-14
U0049,app_downloaded,2024-08-23
U0049,registered,2024-08-24
U0049,kyc_completed,2024-08-25
U0050,app_downloaded,2024-08-08
U0050,registered,2024-08-09
U0050,kyc_completed,2024-08-10
U0050,card_activated,2024-08-11
U0050,first_transaction,2024-08-12
U0051,app_downloaded,2024-02-29
U0051,registered,2024-03-01
U0051,kyc_completed,2024-03-02
U0051,card_activated,2024-03-03
U0051,first_transaction,2024-03-04
U0052,app_downloaded,2024-04-05
U0052,registered,2024-04-06
U0052,kyc_completed,2024-04-07
U0052,card_activated,2024-04-08
U0053,app_downloaded,2024-03-03
U0054,app_downloaded,2024-10-05
U0054,registered,2024-10-06
U0054,kyc_completed,2024-10-07
U0054,card_activated,2024-10-08
U0054,first_transaction,2024-10-09
U0055,app_downloaded,2024-02-17
U0055,registered,2024-02-18
U0055,kyc_completed,2024-02-19
U0055,card_activated,2024-02-20
U0055,first_transaction,2024-02-21
U0056,app_downloaded,2024-08-12
U0056,registered,2024-08-13
U0056,kyc_completed,2024-08-14
U0056,card_activated,2024-08-15
U0056,first_transaction,2024-08-16
U0057,app_downloaded,2024-12-31
U0057,registered,2025-01-01
U0058,app_downloaded,2024-09-29
U0058,registered,2024-09-30
U0058,kyc_completed,2024-10-01
U0058,card_activated,2024-10-02
U0058,first_transaction,2024-10-03
U0059,app_downloaded,2024-07-12
U0059,registered,2024-07-13
U0059,kyc_completed,2024-07-14
U0059,card_activated,2024-07-15
U0059,first_transaction,2024-07-16
U0060,app_downloaded,2024-02-20
U0060,registered,2024-02-21
U0060,kyc_completed,2024-02-22
U0061,app_downloaded,2024-03-15
U0061,registered,2024-03-16
U0061,kyc_completed,2024-03-17
U0061,card_activated,2024-03-18
U0061,first_transaction,2024-03-19
U0062,app_downloaded,2024-12-12
U0062,registered,2024-12-13
U0063,app_downloaded,2024-09-18
U0063,registered,2024-09-19
U0063,kyc_completed,2024-09-20
U0063,card_activated,2024-09-21
U0063,first_transaction,2024-09-22
U0064,app_downloaded,2024-05-05
U0065,app_downloaded,2024-02-01
U0065,registered,2024-02-02
U0065,kyc_completed,2024-02-03
U0065,card_activated,2024-02-04
U0065,first_transaction,2024-02-05
U0066,app_downloaded,2024-09-29
U0066,registered,2024-09-30
U0066,kyc_completed,2024-10-01
U0066,card_activated,2024-10-02
U0067,app_downloaded,2024-12-30
U0067,registered,2024-12-31
U0067,kyc_completed,2025-01-01
U0067,card_activated,2025-01-02
U0068,app_downloaded,2024-08-03
U0068,registered,2024-08-04
U0069,app_downloaded,2024-08-30
U0069,registered,2024-08-31
U0069,kyc_completed,2024-09-01
U0070,app_downloaded,2024-02-23
U0070,registered,2024-02-24
U0070,kyc_completed,2024-02-25
U0070,card_activated,2024-02-26
U0071,app_downloaded,2024-05-13
U0071,registered,2024-05-14
U0072,app_downloaded,2024-08-16
U0072,registered,2024-08-17
U0072,kyc_completed,2024-08-18
U0072,card_activated,2024-08-19
U0072,first_transaction,2024-08-20
U0073,app_downloaded,2024-06-08
U0073,registered,2024-06-09
U0073,kyc_completed,2024-06-10
U0073,card_activated,2024-06-11
U0073,first_transaction,2024-06-12
U0074,app_downloaded,2024-12-03
U0074,registered,2024-12-04
U0074,kyc_completed,2024-12-05
U0074,card_activated,2024-12-06
U0075,app_downloaded,2024-01-27
U0075,registered,2024-01-28
U0075,kyc_completed,2024-01-29
U0075,card_activated,2024-01-30
U0076,app_downloaded,2024-10-23
U0076,registered,2024-10-24
U0076,kyc_completed,2024-10-25
U0076,card_activated,2024-10-26
U0077,app_downloaded,2024-07-31
U0077,registered,2024-08-01
U0077,kyc_completed,2024-08-02
U0077,card_activated,2024-08-03
U0077,first_transaction,2024-08-04
U0078,app_downloaded,2024-03-01
U0079,app_downloaded,2024-02-25
U0079,registered,2024-02-26
U0079,kyc_completed,2024-02-27
U0079,card_activated,2024-02-28
U0080,app_downloaded,2024-04-15
U0080,registered,2024-04-16
U0080,kyc_completed,2024-04-17
U0080,card_activated,2024-04-18
U0080,first_transaction,2024-04-19
U0081,app_downloaded,2024-09-09
U0081,registered,2024-09-10
U0081,kyc_completed,2024-09-11
U0081,card_activated,2024-09-12
U0081,first_transaction,2024-09-13
U0082,app_downloaded,2024-01-02
U0083,app_downloaded,2024-10-28
U0083,registered,2024-10-29
U0083,kyc_completed,2024-10-30
U0083,card_activated,2024-10-31
U0083,first_transaction,2024-11-01
U0084,app_downloaded,2024-02-21
U0084,registered,2024-02-22
U0084,kyc_completed,2024-02-23
U0084,card_activated,2024-02-24
U0085,app_downloaded,2024-09-27
U0085,registered,2024-09-28
U0085,kyc_completed,2024-09-29
U0086,app_downloaded,2024-03-01
U0086,registered,2024-03-02
U0087,app_downloaded,2024-07-29
U0087,registered,2024-07-30
U0087,kyc_completed,2024-07-31
U0087,card_activated,2024-08-01
U0087,first_transaction,2024-08-02
U0088,app_downloaded,2024-11-20
U0088,registered,2024-11-21
U0088,kyc_completed,2024-11-22
U0088,card_activated,2024-11-23
U0088,first_transaction,2024-11-24
U0089,app_downloaded,2024-09-11
U0089,registered,2024-09-12
U0089,kyc_completed,2024-09-13
U0089,card_activated,2024-09-14
U0090,app_downloaded,2024-04-05
U0090,registered,2024-04-06
U0090,kyc_completed,2024-04-07
U0090,card_activated,2024-04-08
U0091,app_downloaded,2024-11-18
U0091,registered,2024-11-19
U0091,kyc_completed,2024-11-20
U0091,card_activated,2024-11-21
U0092,app_downloaded,2024-08-04
U0092,registered,2024-08-05
U0092,kyc_completed,2024-08-06
U0093,app_downloaded,2024-08-28
U0093,registered,2024-08-29
U0094,app_downloaded,2024-07-03
U0094,registered,2024-07-04
U0094,kyc_completed,2024-07-05
U0094,card_activated,2024-07-06
U0094,first_transaction,2024-07-07
U0095,app_downloaded,2024-09-27
U0095,registered,2024-09-28
U0095,kyc_completed,2024-09-29
U0095,card_activated,2024-09-30
U0096,app_downloaded,2024-11-18
U0096,registered,2024-11-19
U0096,kyc_completed,2024-11-20
U0096,card_activated,2024-11-21
U0097,app_downloaded,2024-07-29
U0097,registered,2024-07-30
U0097,kyc_completed,2024-07-31
U0097,card_activated,2024-08-01
U0097,first_transaction,2024-08-02
U0098,app_downloaded,2024-01-27
U0098,registered,2024-01-28
U0098,kyc_completed,2024-01-29
U0098,card_activated,2024-01-30
U0099,app_downloaded,2024-11-08
U0099,registered,2024-11-09
U0099,kyc_completed,2024-11-10
U0099,card_activated,2024-11-11
U0099,first_transaction,2024-11-12
U0100,app_downloaded,2024-03-31
U0100,registered,2024-04-01
U0100,kyc_completed,2024-04-02
U0101,app_downloaded,2024-08-02
U0101,registered,2024-08-03
U0101,kyc_completed,2024-08-04
U0101,card_activated,2024-08-05
U0101,first_transaction,2024-08-06
U0102,app_downloaded,2024-07-13
U0102,registered,2024-07-14
U0102,kyc_completed,2024-07-15
U0102,card_activated,2024-07-16
U0102,first_transaction,2024-07-17
U0103,app_downloaded,2024-12-02
U0103,registered,2024-12-03
U0104,app_downloaded,2024-08-11
U0104,registered,2024-08-12
U0104,kyc_completed,2024-08-13
U0104,card_activated,2024-08-14
U0104,first_transaction,2024-08-15
U0105,app_downloaded,2024-05-01
U0105,registered,2024-05-02
U0106,app_downloaded,2024-10-09
U0106,registered,2024-10-10
U0106,kyc_completed,2024-10-11
U0106,card_activated,2024-10-12
U0106,first_transaction,2024-10-13
U0107,app_downloaded,2024-04-30
U0108,app_downloaded,2024-11-03
U0108,registered,2024-11-04
U0109,app_downloaded,2024-02-11
U0109,registered,2024-02-12
U0109,kyc_completed,2024-02-13
U0109,card_activated,2024-02-14
U0110,app_downloaded,2024-09-16
U0110,registered,2024-09-17
U0111,app_downloaded,2024-07-04
U0111,registered,2024-07-05
U0111,kyc_completed,2024-07-06
U0112,app_downloaded,2024-03-18
U0112,registered,2024-03-19
U0112,kyc_completed,2024-03-20
U0112,card_activated,2024-03-21
U0113,app_downloaded,2024-05-24
U0113,registered,2024-05-25
U0113,kyc_completed,2024-05-26
U0113,card_activated,2024-05-27
U0114,app_downloaded,2024-03-01
U0114,registered,2024-03-02
U0114,kyc_completed,2024-03-03
U0115,app_downloaded,2024-08-30
U0115,registered,2024-08-31
U0115,kyc_completed,2024-09-01
U0115,card_activated,2024-09-02
U0115,first_transaction,2024-09-03
U0116,app_downloaded,2024-01-27
U0116,registered,2024-01-28
U0117,app_downloaded,2024-06-02
U0117,registered,2024-06-03
U0117,kyc_completed,2024-06-04
U0117,card_activated,2024-06-05
U0118,app_downloaded,2024-01-07
U0119,app_downloaded,2024-04-05
U0119,registered,2024-04-06
U0119,kyc_completed,2024-04-07
U0119,card_activated,2024-04-08
U0119,first_transaction,2024-04-09
U0120,app_downloaded,2024-05-25
U0120,registered,2024-05-26
U0120,kyc_completed,2024-05-27
U0120,card_activated,2024-05-28
U0121,app_downloaded,2024-03-13
U0121,registered,2024-03-14
U0121,kyc_completed,2024-03-15
U0121,card_activated,2024-03-16
U0122,app_downloaded,2024-05-12
U0122,registered,2024-05-13
U0122,kyc_completed,2024-05-14
U0122,card_activated,2024-05-15
U0123,app_downloaded,2024-08-13
U0123,registered,2024-08-14
U0123,kyc_completed,2024-08-15
U0123,card_activated,2024-08-16
U0123,first_transaction,2024-08-17
U0124,app_downloaded,2024-12-31
U0124,registered,2025-01-01
U0124,kyc_completed,2025-01-02
U0124,card_activated,2025-01-03
U0124,first_transaction,2025-01-04
U0125,app_downloaded,2024-12-25
U0125,registered,2024-12-26
U0125,kyc_completed,2024-12-27
U0125,card_activated,2024-12-28
U0126,app_downloaded,2024-07-07
U0126,registered,2024-07-08
U0127,app_downloaded,2024-09-20
U0127,registered,2024-09-21
U0127,kyc_completed,2024-09-22
U0127,card_activated,2024-09-23
U0127,first_transaction,2024-09-24
U0128,app_downloaded,2024-03-13
U0128,registered,2024-03-14
U0128,kyc_completed,2024-03-15
U0128,card_activated,2024-03-16
U0128,first_transaction,2024-03-17
U0129,app_downloaded,2024-03-05
U0129,registered,2024-03-06
U0129,kyc_completed,2024-03-07
U0130,app_downloaded,2024-05-30
U0130,registered,2024-05-31
U0130,kyc_completed,2024-06-01
U0130,card_activated,2024-06-02
U0131,app_downloaded,2024-09-29
U0131,registered,2024-09-30
U0131,kyc_completed,2024-10-01
U0131,card_activated,2024-10-02
U0131,first_transaction,2024-10-03
U0132,app_downloaded,2024-07-07
U0132,registered,2024-07-08
U0133,app_downloaded,2024-07-15
U0133,registered,2024-07-16
U0133,kyc_completed,2024-07-17
U0134,app_downloaded,2024-11-18
U0134,registered,2024-11-19
U0134,kyc_completed,2024-11-20
U0134,card_activated,2024-11-21
U0135,app_downloaded,2024-08-19
U0135,registered,2024-08-20
U0135,kyc_completed,2024-08-21
U0135,card_activated,2024-08-22
U0135,first_transaction,2024-08-23
U0136,app_downloaded,2024-06-10
U0136,registered,2024-06-11
U0137,app_downloaded,2024-02-14
U0137,registered,2024-02-15
U0137,kyc_completed,2024-02-16
U0137,card_activated,2024-02-17
U0138,app_downloaded,2024-03-14
U0138,registered,2024-03-15
U0138,kyc_completed,2024-03-16
U0138,card_activated,2024-03-17
U0138,first_transaction,2024-03-18
U0139,app_downloaded,2024-04-23
U0139,registered,2024-04-24
U0139,kyc_completed,2024-04-25
U0139,card_activated,2024-04-26
U0140,app_downloaded,2024-01-18
U0141,app_downloaded,2024-07-02
U0141,registered,2024-07-03
U0141,kyc_completed,2024-07-04
U0141,card_activated,2024-07-05
U0141,first_transaction,2024-07-06
U0142,app_downloaded,2024-07-02
U0142,registered,2024-07-03
U0142,kyc_completed,2024-07-04
U0142,card_activated,2024-07-05
U0142,first_transaction,2024-07-06
U0143,app_downloaded,2024-05-17
U0143,registered,2024-05-18
U0143,kyc_completed,2024-05-19
U0143,card_activated,2024-05-20
U0144,app_downloaded,2024-05-28
U0144,registered,2024-05-29
U0144,kyc_completed,2024-05-30
U0144,card_activated,2024-05-31
U0144,first_transaction,2024-06-01
U0145,app_downloaded,2024-08-04
U0145,registered,2024-08-05
U0145,kyc_completed,2024-08-06
U0146,app_downloaded,2024-12-16
U0146,registered,2024-12-17
U0146,kyc_completed,2024-12-18
U0146,card_activated,2024-12-19
U0147,app_downloaded,2024-03-26
U0147,registered,2024-03-27
U0147,kyc_completed,2024-03-28
U0147,card_activated,2024-03-29
U0147,first_transaction,2024-03-30
U0148,app_downloaded,2024-04-01
U0148,registered,2024-04-02
U0148,kyc_completed,2024-04-03
U0148,card_activated,2024-04-04
U0148,first_transaction,2024-04-05
U0149,app_downloaded,2024-08-13
U0149,registered,2024-08-14
U0149,kyc_completed,2024-08-15
U0149,card_activated,2024-08-16
U0150,app_downloaded,2024-03-25
U0150,registered,2024-03-26
U0151,app_downloaded,2024-04-23
U0151,registered,2024-04-24
U0151,kyc_completed,2024-04-25
U0152,app_downloaded,2024-02-05
U0152,registered,2024-02-06
U0152,kyc_completed,2024-02-07
U0153,app_downloaded,2024-10-20
U0153,registered,2024-10-21
U0153,kyc_completed,2024-10-22
U0153,card_activated,2024-10-23
U0153,first_transaction,2024-10-24
U0154,app_downloaded,2024-05-14
U0154,registered,2024-05-15
U0154,kyc_completed,2024-05-16
U0155,app_downloaded,2024-02-22
U0155,registered,2024-02-23
U0155,kyc_completed,2024-02-24
U0155,card_activated,2024-02-25
U0156,app_downloaded,2024-03-25
U0156,registered,2024-03-26
U0156,kyc_completed,2024-03-27
U0156,card_activated,2024-03-28
U0157,app_downloaded,2024-04-02
U0157,registered,2024-04-03
U0157,kyc_completed,2024-04-04
U0158,app_downloaded,2024-09-27
U0158,registered,2024-09-28
U0158,kyc_completed,2024-09-29
U0159,app_downloaded,2024-10-10
U0159,registered,2024-10-11
U0159,kyc_completed,2024-10-12
U0160,app_downloaded,2024-08-09
U0160,registered,2024-08-10
U0160,kyc_completed,2024-08-11
U0160,card_activated,2024-08-12
U0160,first_transaction,2024-08-13
U0161,app_downloaded,2024-07-07
U0161,registered,2024-07-08
U0161,kyc_completed,2024-07-09
U0161,card_activated,2024-07-10
U0161,first_transaction,2024-07-11
U0162,app_downloaded,2024-04-06
U0162,registered,2024-04-07
U0163,app_downloaded,2024-10-31
U0163,registered,2024-11-01
U0163,kyc_completed,2024-11-02
U0163,card_activated,2024-11-03
U0163,first_transaction,2024-11-04
U0164,app_downloaded,2024-01-24
U0164,registered,2024-01-25
U0165,app_downloaded,2024-02-12
U0165,registered,2024-02-13
U0165,kyc_completed,2024-02-14
U0165,card_activated,2024-02-15
U0165,first_transaction,2024-02-16
U0166,app_downloaded,2024-09-05
U0166,registered,2024-09-06
U0166,kyc_completed,2024-09-07
U0166,card_activated,2024-09-08
U0166,first_transaction,2024-09-09
U0167,app_downloaded,2024-07-25
U0167,registered,2024-07-26
U0167,kyc_completed,2024-07-27
U0167,card_activated,2024-07-28
U0167,first_transaction,2024-07-29
U0168,app_downloaded,2024-07-27
U0168,registered,2024-07-28
U0168,kyc_completed,2024-07-29
U0168,card_activated,2024-07-30
U0169,app_downloaded,2024-01-07
U0169,registered,2024-01-08
U0169,kyc_completed,2024-01-09
U0169,card_activated,2024-01-10
U0170,app_downloaded,2024-02-03
U0170,registered,2024-02-04
U0170,kyc_completed,2024-02-05
U0171,app_downloaded,2024-10-16
U0171,registered,2024-10-17
U0171,kyc_completed,2024-10-18
U0171,card_activated,2024-10-19
U0171,first_transaction,2024-10-20
U0172,app_downloaded,2024-02-02
U0172,registered,2024-02-03
U0172,kyc_completed,2024-02-04
U0172,card_activated,2024-02-05
U0173,app_downloaded,2024-02-19
U0173,registered,2024-02-20
U0173,kyc_completed,2024-02-21
U0173,card_activated,2024-02-22
U0173,first_transaction,2024-02-23
U0174,app_downloaded,2024-10-14
U0174,registered,2024-10-15
U0174,kyc_completed,2024-10-16
U0174,card_activated,2024-10-17
U0174,first_transaction,2024-10-18
U0175,app_downloaded,2024-02-17
U0175,registered,2024-02-18
U0176,app_downloaded,2024-02-07
U0176,registered,2024-02-08
U0176,kyc_completed,2024-02-09
U0176,card_activated,2024-02-10
U0176,first_transaction,2024-02-11
U0177,app_downloaded,2024-02-11
U0177,registered,2024-02-12
U0177,kyc_completed,2024-02-13
U0177,card_activated,2024-02-14
U0177,first_transaction,2024-02-15
U0178,app_downloaded,2024-11-29
U0178,registered,2024-11-30
U0178,kyc_completed,2024-12-01
U0179,app_downloaded,2024-10-19
U0179,registered,2024-10-20
U0179,kyc_completed,2024-10-21
U0179,card_activated,2024-10-22
U0179,first_transaction,2024-10-23
U0180,app_downloaded,2024-01-18
U0180,registered,2024-01-19
U0180,kyc_completed,2024-01-20
U0180,card_activated,2024-01-21
U0180,first_transaction,2024-01-22
U0181,app_downloaded,2024-08-21
U0181,registered,2024-08-22
U0181,kyc_completed,2024-08-23
U0181,card_activated,2024-08-24
U0182,app_downloaded,2024-11-14
U0182,registered,2024-11-15
U0182,kyc_completed,2024-11-16
U0183,app_downloaded,2024-11-27
U0183,registered,2024-11-28
U0183,kyc_completed,2024-11-29
U0183,card_activated,2024-11-30
U0183,first_transaction,2024-12-01
U0184,app_downloaded,2024-10-19
U0184,registered,2024-10-20
U0184,kyc_completed,2024-10-21
U0184,card_activated,2024-10-22
U0184,first_transaction,2024-10-23
U0185,app_downloaded,2024-10-14
U0185,registered,2024-10-15
U0185,kyc_completed,2024-10-16
U0185,card_activated,2024-10-17
U0186,app_downloaded,2024-08-08
U0186,registered,2024-08-09
U0186,kyc_completed,2024-08-10
U0187,app_downloaded,2024-05-01
U0187,registered,2024-05-02
U0187,kyc_completed,2024-05-03
U0188,app_downloaded,2024-10-06
U0188,registered,2024-10-07
U0188,kyc_completed,2024-10-08
U0189,app_downloaded,2024-07-24
U0189,registered,2024-07-25
U0189,kyc_completed,2024-07-26
U0189,card_activated,2024-07-27
U0190,app_downloaded,2024-11-08
U0190,registered,2024-11-09
U0190,kyc_completed,2024-11-10
U0191,app_downloaded,2024-02-26
U0191,registered,2024-02-27
U0192,app_downloaded,2024-03-14
U0192,registered,2024-03-15
U0192,kyc_completed,2024-03-16
U0193,app_downloaded,2024-04-06
U0193,registered,2024-04-07
U0193,kyc_completed,2024-04-08
U0194,app_downloaded,2024-09-03
U0194,registered,2024-09-04
U0194,kyc_completed,2024-09-05
U0194,card_activated,2024-09-06
U0194,first_transaction,2024-09-07
U0195,app_downloaded,2024-11-28
U0195,registered,2024-11-29
U0195,kyc_completed,2024-11-30
U0195,card_activated,2024-12-01
U0195,first_transaction,2024-12-02
U0196,app_downloaded,2024-09-27
U0196,registered,2024-09-28
U0196,kyc_completed,2024-09-29
U0196,card_activated,2024-09-30
U0197,app_downloaded,2024-11-03
U0197,registered,2024-11-04
U0197,kyc_completed,2024-11-05
U0197,card_activated,2024-11-06
U0197,first_transaction,2024-11-07
U0198,app_downloaded,2024-02-02
U0198,registered,2024-02-03
U0198,kyc_completed,2024-02-04
U0199,app_downloaded,2024-05-26
U0199,registered,2024-05-27
U0199,kyc_completed,2024-05-28
U0200,app_downloaded,2024-05-26
U0200,registered,2024-05-27
U0200,kyc_completed,2024-05-28
U0200,card_activated,2024-05-29
U0200,first_transaction,2024-05-30
U0201,app_downloaded,2024-11-18
U0201,registered,2024-11-19
U0201,kyc_completed,2024-11-20
U0201,card_activated,2024-11-21
U0202,app_downloaded,2024-03-22
U0202,registered,2024-03-23
U0202,kyc_completed,2024-03-24
U0202,card_activated,2024-03-25
U0202,first_transaction,2024-03-26
U0203,app_downloaded,2024-05-27
U0203,registered,2024-05-28
U0203,kyc_completed,2024-05-29
U0204,app_downloaded,2024-05-10
U0204,registered,2024-05-11
U0204,kyc_completed,2024-05-12
U0204,card_activated,2024-05-13
U0204,first_transaction,2024-05-14
U0205,app_downloaded,2024-01-24
U0205,registered,2024-01-25
U0205,kyc_completed,2024-01-26
U0205,card_activated,2024-01-27
U0206,app_downloaded,2024-06-05
U0206,registered,2024-06-06
U0206,kyc_completed,2024-06-07
U0206,card_activated,2024-06-08
U0206,first_transaction,2024-06-09
U0207,app_downloaded,2024-11-04
U0207,registered,2024-11-05
U0207,kyc_completed,2024-11-06
U0208,app_downloaded,2024-08-27
U0208,registered,2024-08-28
U0208,kyc_completed,2024-08-29
U0208,card_activated,2024-08-30
U0208,first_transaction,2024-08-31
U0209,app_downloaded,2024-11-13
U0209,registered,2024-11-14
U0209,kyc_completed,2024-11-15
U0209,card_activated,2024-11-16
U0210,app_downloaded,2024-01-08
U0210,registered,2024-01-09
U0211,app_downloaded,2024-10-04
U0211,registered,2024-10-05
U0211,kyc_completed,2024-10-06
U0212,app_downloaded,2024-03-23
U0212,registered,2024-03-24
U0212,kyc_completed,2024-03-25
U0212,card_activated,2024-03-26
U0212,first_transaction,2024-03-27
U0213,app_downloaded,2024-02-04
U0213,registered,2024-02-05
U0213,kyc_completed,2024-02-06
U0213,card_activated,2024-02-07
U0213,first_transaction,2024-02-08
U0214,app_downloaded,2024-12-02
U0215,app_downloaded,2024-06-22
U0215,registered,2024-06-23
U0215,kyc_completed,2024-06-24
U0215,card_activated,2024-06-25
U0215,first_transaction,2024-06-26
U0216,app_downloaded,2024-01-18
U0216,registered,2024-01-19
U0216,kyc_completed,2024-01-20
U0216,card_activated,2024-01-21
U0216,first_transaction,2024-01-22
U0217,app_downloaded,2024-08-15
U0217,registered,2024-08-16
U0217,kyc_completed,2024-08-17
U0217,card_activated,2024-08-18
U0217,first_transaction,2024-08-19
U0218,app_downloaded,2024-08-28
U0218,registered,2024-08-29
U0218,kyc_completed,2024-08-30
U0219,app_downloaded,2024-01-18
U0219,registered,2024-01-19
U0219,kyc_completed,2024-01-20
U0219,card_activated,2024-01-21
U0219,first_transaction,2024-01-22
U0220,app_downloaded,2024-04-06
U0220,registered,2024-04-07
U0221,app_downloaded,2024-03-05
U0221,registered,2024-03-06
U0221,kyc_completed,2024-03-07
U0221,card_activated,2024-03-08
U0222,app_downloaded,2024-05-20
U0222,registered,2024-05-21
U0222,kyc_completed,2024-05-22
U0222,card_activated,2024-05-23
U0222,first_transaction,2024-05-24
U0223,app_downloaded,2024-06-06
U0223,registered,2024-06-07
U0223,kyc_completed,2024-06-08
U0224,app_downloaded,2024-10-31
U0224,registered,2024-11-01
U0224,kyc_completed,2024-11-02
U0224,card_activated,2024-11-03
U0225,app_downloaded,2024-08-24
U0225,registered,2024-08-25
U0225,kyc_completed,2024-08-26
U0225,card_activated,2024-08-27
U0226,app_downloaded,2024-08-01
U0226,registered,2024-08-02
U0226,kyc_completed,2024-08-03
U0226,card_activated,2024-08-04
U0226,first_transaction,2024-08-05
U0227,app_downloaded,2024-11-01
U0227,registered,2024-11-02
U0227,kyc_completed,2024-11-03
U0227,card_activated,2024-11-04
U0227,first_transaction,2024-11-05
U0228,app_downloaded,2024-12-31
U0228,registered,2025-01-01
U0229,app_downloaded,2024-11-08
U0229,registered,2024-11-09
U0229,kyc_completed,2024-11-10
U0230,app_downloaded,2024-08-19
U0230,registered,2024-08-20
U0230,kyc_completed,2024-08-21
U0230,card_activated,2024-08-22
U0230,first_transaction,2024-08-23
U0231,app_downloaded,2024-03-21
U0232,app_downloaded,2024-12-29
U0232,registered,2024-12-30
U0232,kyc_completed,2024-12-31
U0232,card_activated,2025-01-01
U0233,app_downloaded,2024-12-29
U0233,registered,2024-12-30
U0234,app_downloaded,2024-05-07
U0234,registered,2024-05-08
U0234,kyc_completed,2024-05-09
U0234,card_activated,2024-05-10
U0234,first_transaction,2024-05-11
U0235,app_downloaded,2024-11-23
U0235,registered,2024-11-24
U0235,kyc_completed,2024-11-25
U0235,card_activated,2024-11-26
U0235,first_transaction,2024-11-27
U0236,app_downloaded,2024-06-26
U0236,registered,2024-06-27
U0236,kyc_completed,2024-06-28
U0236,card_activated,2024-06-29
U0236,first_transaction,2024-06-30
U0237,app_downloaded,2024-05-23
U0237,registered,2024-05-24
U0237,kyc_completed,2024-05-25
U0237,card_activated,2024-05-26
U0237,first_transaction,2024-05-27
U0238,app_downloaded,2024-01-21
U0238,registered,2024-01-22
U0238,kyc_completed,2024-01-23
U0239,app_downloaded,2024-06-29
U0239,registered,2024-06-30
U0239,kyc_completed,2024-07-01
U0240,app_downloaded,2024-12-14
U0240,registered,2024-12-15
U0241,app_downloaded,2024-10-20
U0241,registered,2024-10-21
U0241,kyc_completed,2024-10-22
U0242,app_downloaded,2024-12-09
U0242,registered,2024-12-10
U0242,kyc_completed,2024-12-11
U0242,card_activated,2024-12-12
U0242,first_transaction,2024-12-13
U0243,app_downloaded,2024-12-21
U0243,registered,2024-12-22
U0243,kyc_completed,2024-12-23
U0243,card_activated,2024-12-24
U0243,first_transaction,2024-12-25
U0244,app_downloaded,2024-03-10
U0244,registered,2024-03-11
U0244,kyc_completed,2024-03-12
U0244,card_activated,2024-03-13
U0244,first_transaction,2024-03-14
U0245,app_downloaded,2024-02-15
U0245,registered,2024-02-16
U0245,kyc_completed,2024-02-17
U0245,card_activated,2024-02-18
U0245,first_transaction,2024-02-19
U0246,app_downloaded,2024-01-09
U0246,registered,2024-01-10
U0246,kyc_completed,2024-01-11
U0246,card_activated,2024-01-12
U0246,first_transaction,2024-01-13
U0247,app_downloaded,2024-09-03
U0247,registered,2024-09-04
U0247,kyc_completed,2024-09-05
U0248,app_downloaded,2024-05-03
U0248,registered,2024-05-04
U0248,kyc_completed,2024-05-05
U0248,card_activated,2024-05-06
U0249,app_downloaded,2024-08-19
U0249,registered,2024-08-20
U0249,kyc_completed,2024-08-21
U0249,card_activated,2024-08-22
U0249,first_transaction,2024-08-23
U0250,app_downloaded,2024-12-28
U0250,registered,2024-12-29
U0250,kyc_completed,2024-12-30
U0250,card_activated,2024-12-31
U0250,first_transaction,2025-01-01
U0251,app_downloaded,2024-03-01
U0251,registered,2024-03-02
U0251,kyc_completed,2024-03-03
U0251,card_activated,2024-03-04
U0251,first_transaction,2024-03-05
U0252,app_downloaded,2024-01-11
U0252,registered,2024-01-12
U0252,kyc_completed,2024-01-13
U0252,card_activated,2024-01-14
U0252,first_transaction,2024-01-15
U0253,app_downloaded,2024-09-22
U0253,registered,2024-09-23
U0253,kyc_completed,2024-09-24
U0254,app_downloaded,2024-08-11
U0254,registered,2024-08-12
U0254,kyc_completed,2024-08-13
U0254,card_activated,2024-08-14
U0255,app_downloaded,2024-01-26
U0255,registered,2024-01-27
U0255,kyc_completed,2024-01-28
U0255,card_activated,2024-01-29
U0256,app_downloaded,2024-11-14
U0256,registered,2024-11-15
U0256,kyc_completed,2024-11-16
U0256,card_activated,2024-11-17
U0257,app_downloaded,2024-05-04
U0257,registered,2024-05-05
U0258,app_downloaded,2024-04-05
U0258,registered,2024-04-06
U0258,kyc_completed,2024-04-07
U0258,card_activated,2024-04-08
U0258,first_transaction,2024-04-09
U0259,app_downloaded,2024-05-10
U0259,registered,2024-05-11
U0259,kyc_completed,2024-05-12
U0260,app_downloaded,2024-07-22
U0260,registered,2024-07-23
U0260,kyc_completed,2024-07-24
U0260,card_activated,2024-07-25
U0260,first_transaction,2024-07-26
U0261,app_downloaded,2024-12-19
U0261,registered,2024-12-20
U0261,kyc_completed,2024-12-21
U0261,card_activated,2024-12-22
U0261,first_transaction,2024-12-23
U0262,app_downloaded,2024-09-29
U0262,registered,2024-09-30
U0262,kyc_completed,2024-10-01
U0262,card_activated,2024-10-02
U0262,first_transaction,2024-10-03
U0263,app_downloaded,2024-10-14
U0263,registered,2024-10-15
U0263,kyc_completed,2024-10-16
U0263,card_activated,2024-10-17
U0263,first_transaction,2024-10-18
U0264,app_downloaded,2024-01-20
U0264,registered,2024-01-21
U0264,kyc_completed,2024-01-22
U0264,card_activated,2024-01-23
U0265,app_downloaded,2024-08-29
U0265,registered,2024-08-30
U0265,kyc_completed,2024-08-31
U0265,card_activated,2024-09-01
U0265,first_transaction,2024-09-02
U0266,app_downloaded,2024-03-13
U0267,app_downloaded,2024-04-12
U0267,registered,2024-04-13
U0267,kyc_completed,2024-04-14
U0268,app_downloaded,2024-09-28
U0269,app_downloaded,2024-10-10
U0269,registered,2024-10-11
U0269,kyc_completed,2024-10-12
U0269,card_activated,2024-10-13
U0269,first_transaction,2024-10-14
U0270,app_downloaded,2024-06-02
U0270,registered,2024-06-03
U0270,kyc_completed,2024-06-04
U0270,card_activated,2024-06-05
U0271,app_downloaded,2024-10-04
U0271,registered,2024-10-05
U0271,kyc_completed,2024-10-06
U0271,card_activated,2024-10-07
U0271,first_transaction,2024-10-08
U0272,app_downloaded,2024-02-03
U0272,registered,2024-02-04
U0272,kyc_completed,2024-02-05
U0272,card_activated,2024-02-06
U0273,app_downloaded,2024-08-31
U0273,registered,2024-09-01
U0273,kyc_completed,2024-09-02
U0273,card_activated,2024-09-03
U0273,first_transaction,2024-09-04
U0274,app_downloaded,2024-01-22
U0274,registered,2024-01-23
U0274,kyc_completed,2024-01-24
U0274,card_activated,2024-01-25
U0275,app_downloaded,2024-12-07
U0275,registered,2024-12-08
U0275,kyc_completed,2024-12-09
U0275,card_activated,2024-12-10
U0275,first_transaction,2024-12-11
U0276,app_downloaded,2024-06-10
U0276,registered,2024-06-11
U0276,kyc_completed,2024-06-12
U0276,card_activated,2024-06-13
U0276,first_transaction,2024-06-14
U0277,app_downloaded,2024-07-05
U0277,registered,2024-07-06
U0277,kyc_completed,2024-07-07
U0277,card_activated,2024-07-08
U0277,first_transaction,2024-07-09
U0278,app_downloaded,2024-03-30
U0278,registered,2024-03-31
U0278,kyc_completed,2024-04-01
U0279,app_downloaded,2024-05-09
U0280,app_downloaded,2024-10-30
U0280,registered,2024-10-31
U0281,app_downloaded,2024-10-21
U0281,registered,2024-10-22
U0281,kyc_completed,2024-10-23
U0281,card_activated,2024-10-24
U0281,first_transaction,2024-10-25
U0282,app_downloaded,2024-03-05
U0282,registered,2024-03-06
U0283,app_downloaded,2024-08-02
U0283,registered,2024-08-03
U0283,kyc_completed,2024-08-04
U0283,card_activated,2024-08-05
U0283,first_transaction,2024-08-06
U0284,app_downloaded,2024-12-15
U0284,registered,2024-12-16
U0284,kyc_completed,2024-12-17
U0284,card_activated,2024-12-18
U0284,first_transaction,2024-12-19
U0285,app_downloaded,2024-01-20
U0285,registered,2024-01-21
U0286,app_downloaded,2024-08-29
U0286,registered,2024-08-30
U0286,kyc_completed,2024-08-31
U0286,card_activated,2024-09-01
U0286,first_transaction,2024-09-02
U0287,app_downloaded,2024-03-08
U0287,registered,2024-03-09
U0288,app_downloaded,2024-10-30
U0288,registered,2024-10-31
U0288,kyc_completed,2024-11-01
U0288,card_activated,2024-11-02
U0288,first_transaction,2024-11-03
U0289,app_downloaded,2024-12-27
U0289,registered,2024-12-28
U0289,kyc_completed,2024-12-29
U0289,card_activated,2024-12-30
U0289,first_transaction,2024-12-31
U0290,app_downloaded,2024-02-06
U0290,registered,2024-02-07
U0290,kyc_completed,2024-02-08
U0291,app_downloaded,2024-09-19
U0291,registered,2024-09-20
U0291,kyc_completed,2024-09-21
U0291,card_activated,2024-09-22
U0291,first_transaction,2024-09-23
U0292,app_downloaded,2024-02-09
U0292,registered,2024-02-10
U0292,kyc_completed,2024-02-11
U0292,card_activated,2024-02-12
U0292,first_transaction,2024-02-13
U0293,app_downloaded,2024-08-17
U0293,registered,2024-08-18
U0293,kyc_completed,2024-08-19
U0294,app_downloaded,2024-12-28
U0294,registered,2024-12-29
U0294,kyc_completed,2024-12-30
U0294,card_activated,2024-12-31
U0294,first_transaction,2025-01-01
U0295,app_downloaded,2024-11-26
U0295,registered,2024-11-27
U0295,kyc_completed,2024-11-28
U0295,card_activated,2024-11-29
U0296,app_downloaded,2024-01-31
U0296,registered,2024-02-01
U0296,kyc_completed,2024-02-02
U0296,card_activated,2024-02-03
U0297,app_downloaded,2024-10-31
U0297,registered,2024-11-01
U0298,app_downloaded,2024-06-23
U0298,registered,2024-06-24
U0298,kyc_completed,2024-06-25
U0298,card_activated,2024-06-26
U0298,first_transaction,2024-06-27
U0299,app_downloaded,2024-06-24
U0299,registered,2024-06-25
U0300,app_downloaded,2024-07-18
U0300,registered,2024-07-19
U0300,kyc_completed,2024-07-20
U0300,card_activated,2024-07-21
U0301,app_downloaded,2024-05-15
U0301,registered,2024-05-16
U0301,kyc_completed,2024-05-17
U0301,card_activated,2024-05-18
U0301,first_transaction,2024-05-19
U0302,app_downloaded,2024-05-04
U0302,registered,2024-05-05
U0302,kyc_completed,2024-05-06
U0302,card_activated,2024-05-07
U0302,first_transaction,2024-05-08
U0303,app_downloaded,2024-08-02
U0303,registered,2024-08-03
U0304,app_downloaded,2024-08-12
U0304,registered,2024-08-13
U0304,kyc_completed,2024-08-14
U0304,card_activated,2024-08-15
U0305,app_downloaded,2024-02-22
U0305,registered,2024-02-23
U0305,kyc_completed,2024-02-24
U0305,card_activated,2024-02-25
U0305,first_transaction,2024-02-26
U0306,app_downloaded,2024-01-04
U0306,registered,2024-01-05
U0306,kyc_completed,2024-01-06
U0306,card_activated,2024-01-07
U0306,first_transaction,2024-01-08
U0307,app_downloaded,2024-11-18
U0307,registered,2024-11-19
U0307,kyc_completed,2024-11-20
U0308,app_downloaded,2024-02-20
U0308,registered,2024-02-21
U0309,app_downloaded,2024-06-24
U0309,registered,2024-06-25
U0309,kyc_completed,2024-06-26
U0310,app_downloaded,2024-07-11
U0310,registered,2024-07-12
U0310,kyc_completed,2024-07-13
U0310,card_activated,2024-07-14
U0310,first_transaction,2024-07-15
U0311,app_downloaded,2024-03-19
U0311,registered,2024-03-20
U0311,kyc_completed,2024-03-21
U0311,card_activated,2024-03-22
U0311,first_transaction,2024-03-23
U0312,app_downloaded,2024-12-06
U0312,registered,2024-12-07
U0312,kyc_completed,2024-12-08
U0313,app_downloaded,2024-02-27
U0313,registered,2024-02-28
U0313,kyc_completed,2024-02-29
U0314,app_downloaded,2024-07-25
U0314,registered,2024-07-26
U0314,kyc_completed,2024-07-27
U0315,app_downloaded,2024-01-08
U0315,registered,2024-01-09
U0315,kyc_completed,2024-01-10
U0315,card_activated,2024-01-11
U0315,first_transaction,2024-01-12
U0316,app_downloaded,2024-10-29
U0316,registered,2024-10-30
U0316,kyc_completed,2024-10-31
U0316,card_activated,2024-11-01
U0316,first_transaction,2024-11-02
U0317,app_downloaded,2024-01-14
U0317,registered,2024-01-15
U0317,kyc_completed,2024-01-16
U0318,app_downloaded,2024-02-23
U0318,registered,2024-02-24
U0318,kyc_completed,2024-02-25
U0318,card_activated,2024-02-26
U0319,app_downloaded,2024-02-04
U0319,registered,2024-02-05
U0319,kyc_completed,2024-02-06
U0320,app_downloaded,2024-05-11
U0320,registered,2024-05-12
U0320,kyc_completed,2024-05-13
U0320,card_activated,2024-05-14
U0320,first_transaction,2024-05-15
U0321,app_downloaded,2024-12-29
U0321,registered,2024-12-30
U0321,kyc_completed,2024-12-31
U0321,card_activated,2025-01-01
U0321,first_transaction,2025-01-02
U0322,app_downloaded,2024-06-07
U0322,registered,2024-06-08
U0322,kyc_completed,2024-06-09
U0322,card_activated,2024-06-10
U0322,first_transaction,2024-06-11
U0323,app_downloaded,2024-07-26
U0323,registered,2024-07-27
U0323,kyc_completed,2024-07-28
U0324,app_downloaded,2024-09-02
U0324,registered,2024-09-03
U0324,kyc_completed,2024-09-04
U0324,card_activated,2024-09-05
U0325,app_downloaded,2024-09-14
U0325,registered,2024-09-15
U0325,kyc_completed,2024-09-16
U0326,app_downloaded,2024-07-21
U0326,registered,2024-07-22
U0326,kyc_completed,2024-07-23
U0326,card_activated,2024-07-24
U0326,first_transaction,2024-07-25
U0327,app_downloaded,2024-03-09
U0327,registered,2024-03-10
U0327,kyc_completed,2024-03-11
U0327,card_activated,2024-03-12
U0328,app_downloaded,2024-01-16
U0328,registered,2024-01-17
U0328,kyc_completed,2024-01-18
U0329,app_downloaded,2024-06-13
U0329,registered,2024-06-14
U0329,kyc_completed,2024-06-15
U0329,card_activated,2024-06-16
U0329,first_transaction,2024-06-17
U0330,app_downloaded,2024-06-30
U0330,registered,2024-07-01
U0330,kyc_completed,2024-07-02
U0330,card_activated,2024-07-03
U0330,first_transaction,2024-07-04
U0331,app_downloaded,2024-05-06
U0331,registered,2024-05-07
U0331,kyc_completed,2024-05-08
U0332,app_downloaded,2024-01-20
U0332,registered,2024-01-21
U0332,kyc_completed,2024-01-22
U0333,app_downloaded,2024-06-05
U0333,registered,2024-06-06
U0334,app_downloaded,2024-07-15
U0334,registered,2024-07-16
U0334,kyc_completed,2024-07-17
U0334,card_activated,2024-07-18
U0335,app_downloaded,2024-11-15
U0335,registered,2024-11-16
U0336,app_downloaded,2024-07-22
U0337,app_downloaded,2024-07-10
U0337,registered,2024-07-11
U0337,kyc_completed,2024-07-12
U0337,card_activated,2024-07-13
U0338,app_downloaded,2024-08-13
U0338,registered,2024-08-14
U0339,app_downloaded,2024-12-27
U0339,registered,2024-12-28
U0339,kyc_completed,2024-12-29
U0339,card_activated,2024-12-30
U0340,app_downloaded,2024-12-27
U0340,registered,2024-12-28
U0340,kyc_completed,2024-12-29
U0340,card_activated,2024-12-30
U0340,first_transaction,2024-12-31
U0341,app_downloaded,2024-09-25
U0341,registered,2024-09-26
U0341,kyc_completed,2024-09-27
U0342,app_downloaded,2024-09-21
U0342,registered,2024-09-22
U0343,app_downloaded,2024-08-07
U0343,registered,2024-08-08
U0343,kyc_completed,2024-08-09
U0343,card_activated,2024-08-10
U0343,first_transaction,2024-08-11
U0344,app_downloaded,2024-04-22
U0344,registered,2024-04-23
U0344,kyc_completed,2024-04-24
U0345,app_downloaded,2024-11-10
U0345,registered,2024-11-11
U0345,kyc_completed,2024-11-12
U0346,app_downloaded,2024-07-31
U0346,registered,2024-08-01
U0346,kyc_completed,2024-08-02
U0346,card_activated,2024-08-03
U0346,first_transaction,2024-08-04
U0347,app_downloaded,2024-06-16
U0347,registered,2024-06-17
U0347,kyc_completed,2024-06-18
U0348,app_downloaded,2024-05-10
U0348,registered,2024-05-11
U0349,app_downloaded,2024-12-29
U0349,registered,2024-12-30
U0349,kyc_completed,2024-12-31
U0350,app_downloaded,2024-09-16
U0350,registered,2024-09-17
U0350,kyc_completed,2024-09-18
U0350,card_activated,2024-09-19
U0351,app_downloaded,2024-02-25
U0351,registered,2024-02-26
U0351,kyc_completed,2024-02-27
U0351,card_activated,2024-02-28
U0351,first_transaction,2024-02-29
U0352,app_downloaded,2024-06-22
U0352,registered,2024-06-23
U0352,kyc_completed,2024-06-24
U0352,card_activated,2024-06-25
U0352,first_transaction,2024-06-26
U0353,app_downloaded,2024-11-26
U0353,registered,2024-11-27
U0353,kyc_completed,2024-11-28
U0354,app_downloaded,2024-11-25
U0354,registered,2024-11-26
U0354,kyc_completed,2024-11-27
U0354,card_activated,2024-11-28
U0354,first_transaction,2024-11-29
U0355,app_downloaded,2024-11-13
U0355,registered,2024-11-14
U0355,kyc_completed,2024-11-15
U0356,app_downloaded,2024-05-02
U0356,registered,2024-05-03
U0356,kyc_completed,2024-05-04
U0357,app_downloaded,2024-06-28
U0357,registered,2024-06-29
U0357,kyc_completed,2024-06-30
U0357,card_activated,2024-07-01
U0357,first_transaction,2024-07-02
U0358,app_downloaded,2024-02-21
U0358,registered,2024-02-22
U0359,app_downloaded,2024-04-07
U0359,registered,2024-04-08
U0360,app_downloaded,2024-07-10
U0360,registered,2024-07-11
U0360,kyc_completed,2024-07-12
U0361,app_downloaded,2024-10-23
U0361,registered,2024-10-24
U0361,kyc_completed,2024-10-25
U0361,card_activated,2024-10-26
U0361,first_transaction,2024-10-27
U0362,app_downloaded,2024-10-30
U0362,registered,2024-10-31
U0362,kyc_completed,2024-11-01
U0362,card_activated,2024-11-02
U0362,first_transaction,2024-11-03
U0363,app_downloaded,2024-10-08
U0363,registered,2024-10-09
U0363,kyc_completed,2024-10-10
U0364,app_downloaded,2024-11-19
U0364,registered,2024-11-20
U0365,app_downloaded,2024-01-30
U0365,registered,2024-01-31
U0365,kyc_completed,2024-02-01
U0365,card_activated,2024-02-02
U0366,app_downloaded,2024-02-01
U0366,registered,2024-02-02
U0366,kyc_completed,2024-02-03
U0366,card_activated,2024-02-04
U0366,first_transaction,2024-02-05
U0367,app_downloaded,2024-08-28
U0367,registered,2024-08-29
U0367,kyc_completed,2024-08-30
U0367,card_activated,2024-08-31
U0367,first_transaction,2024-09-01
U0368,app_downloaded,2024-10-04
U0368,registered,2024-10-05
U0368,kyc_completed,2024-10-06
U0368,card_activated,2024-10-07
U0368,first_transaction,2024-10-08
U0369,app_downloaded,2024-07-11
U0369,registered,2024-07-12
U0369,kyc_completed,2024-07-13
U0370,app_downloaded,2024-02-09
U0370,registered,2024-02-10
U0370,kyc_completed,2024-02-11
U0370,card_activated,2024-02-12
U0370,first_transaction,2024-02-13
U0371,app_downloaded,2024-07-18
U0371,registered,2024-07-19
U0371,kyc_completed,2024-07-20
U0371,card_activated,2024-07-21
U0371,first_transaction,2024-07-22
U0372,app_downloaded,2024-10-21
U0372,registered,2024-10-22
U0372,kyc_completed,2024-10-23
U0372,card_activated,2024-10-24
U0372,first_transaction,2024-10-25
U0373,app_downloaded,2024-03-21
U0373,registered,2024-03-22
U0373,kyc_completed,2024-03-23
U0373,card_activated,2024-03-24
U0373,first_transaction,2024-03-25
U0374,app_downloaded,2024-07-25
U0374,registered,2024-07-26
U0374,kyc_completed,2024-07-27
U0375,app_downloaded,2024-08-24
U0375,registered,2024-08-25
U0375,kyc_completed,2024-08-26
U0375,card_activated,2024-08-27
U0375,first_transaction,2024-08-28
U0376,app_downloaded,2024-11-01
U0376,registered,2024-11-02
U0376,kyc_completed,2024-11-03
U0376,card_activated,2024-11-04
U0377,app_downloaded,2024-07-21
U0377,registered,2024-07-22
U0377,kyc_completed,2024-07-23
U0377,card_activated,2024-07-24
U0377,first_transaction,2024-07-25
U0378,app_downloaded,2024-08-10
U0379,app_downloaded,2024-10-22
U0379,registered,2024-10-23
U0380,app_downloaded,2024-07-14
U0380,registered,2024-07-15
U0380,kyc_completed,2024-07-16
U0381,app_downloaded,2024-04-20
U0381,registered,2024-04-21
U0381,kyc_completed,2024-04-22
U0382,app_downloaded,2024-04-10
U0382,registered,2024-04-11
U0382,kyc_completed,2024-04-12
U0383,app_downloaded,2024-10-20
U0384,app_downloaded,2024-04-02
U0384,registered,2024-04-03
U0384,kyc_completed,2024-04-04
U0384,card_activated,2024-04-05
U0384,first_transaction,2024-04-06
U0385,app_downloaded,2024-12-04
U0385,registered,2024-12-05
U0385,kyc_completed,2024-12-06
U0386,app_downloaded,2024-03-22
U0386,registered,2024-03-23
U0386,kyc_completed,2024-03-24
U0386,card_activated,2024-03-25
U0386,first_transaction,2024-03-26
U0387,app_downloaded,2024-08-15
U0387,registered,2024-08-16
U0387,kyc_completed,2024-08-17
U0387,card_activated,2024-08-18
U0387,first_transaction,2024-08-19
U0388,app_downloaded,2024-03-15
U0388,registered,2024-03-16
U0388,kyc_completed,2024-03-17
U0388,card_activated,2024-03-18
U0389,app_downloaded,2024-08-29
U0389,registered,2024-08-30
U0389,kyc_completed,2024-08-31
U0389,card_activated,2024-09-01
U0389,first_transaction,2024-09-02
U0390,app_downloaded,2024-07-25
U0390,registered,2024-07-26
U0391,app_downloaded,2024-01-08
U0391,registered,2024-01-09
U0391,kyc_completed,2024-01-10
U0391,card_activated,2024-01-11
U0391,first_transaction,2024-01-12
U0392,app_downloaded,2024-10-20
U0392,registered,2024-10-21
U0392,kyc_completed,2024-10-22
U0392,card_activated,2024-10-23
U0392,first_transaction,2024-10-24
U0393,app_downloaded,2024-05-16
U0393,registered,2024-05-17
U0393,kyc_completed,2024-05-18
U0393,card_activated,2024-05-19
U0393,first_transaction,2024-05-20
U0394,app_downloaded,2024-12-18
U0394,registered,2024-12-19
U0394,kyc_completed,2024-12-20
U0394,card_activated,2024-12-21
U0394,first_transaction,2024-12-22
U0395,app_downloaded,2024-09-26
U0395,registered,2024-09-27
U0395,kyc_completed,2024-09-28
U0395,card_activated,2024-09-29
U0395,first_transaction,2024-09-30
U0396,app_downloaded,2024-09-18
U0396,registered,2024-09-19
U0396,kyc_completed,2024-09-20
U0396,card_activated,2024-09-21
U0396,first_transaction,2024-09-22
U0397,app_downloaded,2024-09-22
U0397,registered,2024-09-23
U0397,kyc_completed,2024-09-24
U0397,card_activated,2024-09-25
U0398,app_downloaded,2024-03-10
U0398,registered,2024-03-11
U0398,kyc_completed,2024-03-12
U0399,app_downloaded,2024-11-11
U0399,registered,2024-11-12
U0399,kyc_completed,2024-11-13
U0399,card_activated,2024-11-14
U0399,first_transaction,2024-11-15
U0400,app_downloaded,2024-01-03
U0400,registered,2024-01-04
U0400,kyc_completed,2024-01-05
U0400,card_activated,2024-01-06
U0401,app_downloaded,2024-12-27
U0401,registered,2024-12-28
U0402,app_downloaded,2024-09-10
U0402,registered,2024-09-11
U0402,kyc_completed,2024-09-12
U0402,card_activated,2024-09-13
U0402,first_transaction,2024-09-14
U0403,app_downloaded,2024-02-22
U0403,registered,2024-02-23
U0404,app_downloaded,2024-09-27
U0404,registered,2024-09-28
U0404,kyc_completed,2024-09-29
U0404,card_activated,2024-09-30
U0405,app_downloaded,2024-06-21
U0405,registered,2024-06-22
U0405,kyc_completed,2024-06-23
U0405,card_activated,2024-06-24
U0406,app_downloaded,2024-09-22
U0407,app_downloaded,2024-08-30
U0407,registered,2024-08-31
U0407,kyc_completed,2024-09-01
U0408,app_downloaded,2024-11-01
U0408,registered,2024-11-02
U0408,kyc_completed,2024-11-03
U0408,card_activated,2024-11-04
U0409,app_downloaded,2024-12-01
U0409,registered,2024-12-02
U0410,app_downloaded,2024-03-31
U0410,registered,2024-04-01
U0410,kyc_completed,2024-04-02
U0410,card_activated,2024-04-03
U0411,app_downloaded,2024-12-09
U0411,registered,2024-12-10
U0412,app_downloaded,2024-08-21
U0412,registered,2024-08-22
U0413,app_downloaded,2024-07-23
U0413,registered,2024-07-24
U0413,kyc_completed,2024-07-25
U0413,card_activated,2024-07-26
U0414,app_downloaded,2024-03-13
U0414,registered,2024-03-14
U0415,app_downloaded,2024-11-28
U0416,app_downloaded,2024-11-14
U0416,registered,2024-11-15
U0416,kyc_completed,2024-11-16
U0416,card_activated,2024-11-17
U0416,first_transaction,2024-11-18
U0417,app_downloaded,2024-06-09
U0417,registered,2024-06-10
U0417,kyc_completed,2024-06-11
U0417,card_activated,2024-06-12
U0418,app_downloaded,2024-08-17
U0418,registered,2024-08-18
U0418,kyc_completed,2024-08-19
U0418,card_activated,2024-08-20
U0419,app_downloaded,2024-06-20
U0419,registered,2024-06-21
U0419,kyc_completed,2024-06-22
U0419,card_activated,2024-06-23
U0420,app_downloaded,2024-01-27
U0420,registered,2024-01-28
U0421,app_downloaded,2024-01-28
U0421,registered,2024-01-29
U0421,kyc_completed,2024-01-30
U0421,card_activated,2024-01-31
U0421,first_transaction,2024-02-01
U0422,app_downloaded,2024-10-17
U0422,registered,2024-10-18
U0422,kyc_completed,2024-10-19
U0422,card_activated,2024-10-20
U0422,first_transaction,2024-10-21
U0423,app_downloaded,2024-05-29
U0423,registered,2024-05-30
U0424,app_downloaded,2024-10-05
U0424,registered,2024-10-06
U0424,kyc_completed,2024-10-07
U0424,card_activated,2024-10-08
U0425,app_downloaded,2024-08-01
U0425,registered,2024-08-02
U0425,kyc_completed,2024-08-03
U0426,app_downloaded,2024-09-27
U0426,registered,2024-09-28
U0427,app_downloaded,2024-11-30
U0427,registered,2024-12-01
U0427,kyc_completed,2024-12-02
U0427,card_activated,2024-12-03
U0427,first_transaction,2024-12-04
U0428,app_downloaded,2024-11-29
U0428,registered,2024-11-30
U0428,kyc_completed,2024-12-01
U0428,card_activated,2024-12-02
U0428,first_transaction,2024-12-03
U0429,app_downloaded,2024-06-02
U0429,registered,2024-06-03
U0429,kyc_completed,2024-06-04
U0429,card_activated,2024-06-05
U0430,app_downloaded,2024-06-20
U0430,registered,2024-06-21
U0431,app_downloaded,2024-02-26
U0431,registered,2024-02-27
U0431,kyc_completed,2024-02-28
U0431,card_activated,2024-02-29
U0432,app_downloaded,2024-08-02
U0432,registered,2024-08-03
U0432,kyc_completed,2024-08-04
U0432,card_activated,2024-08-05
U0432,first_transaction,2024-08-06
U0433,app_downloaded,2024-04-08
U0433,registered,2024-04-09
U0433,kyc_completed,2024-04-10
U0433,card_activated,2024-04-11
U0433,first_transaction,2024-04-12
U0434,app_downloaded,2024-02-26
U0434,registered,2024-02-27
U0434,kyc_completed,2024-02-28
U0435,app_downloaded,2024-09-03
U0435,registered,2024-09-04
U0436,app_downloaded,2024-06-06
U0436,registered,2024-06-07
U0436,kyc_completed,2024-06-08
U0437,app_downloaded,2024-09-11
U0437,registered,2024-09-12
U0437,kyc_completed,2024-09-13
U0437,card_activated,2024-09-14
U0438,app_downloaded,2024-11-17
U0438,registered,2024-11-18
U0438,kyc_completed,2024-11-19
U0438,card_activated,2024-11-20
U0439,app_downloaded,2024-12-18
U0439,registered,2024-12-19
U0439,kyc_completed,2024-12-20
U0439,card_activated,2024-12-21
U0440,app_downloaded,2024-01-06
U0440,registered,2024-01-07
U0440,kyc_completed,2024-01-08
U0440,card_activated,2024-01-09
U0440,first_transaction,2024-01-10
U0441,app_downloaded,2024-10-22
U0441,registered,2024-10-23
U0441,kyc_completed,2024-10-24
U0442,app_downloaded,2024-05-27
U0442,registered,2024-05-28
U0442,kyc_completed,2024-05-29
U0443,app_downloaded,2024-10-14
U0443,registered,2024-10-15
U0443,kyc_completed,2024-10-16
U0443,card_activated,2024-10-17
U0443,first_transaction,2024-10-18
U0444,app_downloaded,2024-05-11
U0444,registered,2024-05-12
U0444,kyc_completed,2024-05-13
U0444,card_activated,2024-05-14
U0444,first_transaction,2024-05-15
U0445,app_downloaded,2024-06-24
U0445,registered,2024-06-25
U0445,kyc_completed,2024-06-26
U0446,app_downloaded,2024-11-01
U0447,app_downloaded,2024-05-21
U0447,registered,2024-05-22
U0448,app_downloaded,2024-10-08
U0448,registered,2024-10-09
U0448,kyc_completed,2024-10-10
U0448,card_activated,2024-10-11
U0448,first_transaction,2024-10-12
U0449,app_downloaded,2024-10-07
U0449,registered,2024-10-08
U0449,kyc_completed,2024-10-09
U0450,app_downloaded,2024-02-07
U0450,registered,2024-02-08
U0450,kyc_completed,2024-02-09
U0451,app_downloaded,2024-04-16
U0451,registered,2024-04-17
U0451,kyc_completed,2024-04-18
U0451,card_activated,2024-04-19
U0451,first_transaction,2024-04-20
U0452,app_downloaded,2024-07-27
U0452,registered,2024-07-28
U0452,kyc_completed,2024-07-29
U0452,card_activated,2024-07-30
U0453,app_downloaded,2024-05-24
U0453,registered,2024-05-25
U0453,kyc_completed,2024-05-26
U0453,card_activated,2024-05-27
U0454,app_downloaded,2024-07-17
U0454,registered,2024-07-18
U0454,kyc_completed,2024-07-19
U0454,card_activated,2024-07-20
U0454,first_transaction,2024-07-21
U0455,app_downloaded,2024-04-18
U0455,registered,2024-04-19
U0456,app_downloaded,2024-03-25
U0456,registered,2024-03-26
U0456,kyc_completed,2024-03-27
U0456,card_activated,2024-03-28
U0456,first_transaction,2024-03-29
U0457,app_downloaded,2024-09-07
U0457,registered,2024-09-08
U0457,kyc_completed,2024-09-09
U0458,app_downloaded,2024-09-08
U0458,registered,2024-09-09
U0458,kyc_completed,2024-09-10
U0458,card_activated,2024-09-11
U0459,app_downloaded,2024-03-08
U0459,registered,2024-03-09
U0460,app_downloaded,2024-05-21
U0460,registered,2024-05-22
U0460,kyc_completed,2024-05-23
U0460,card_activated,2024-05-24
U0460,first_transaction,2024-05-25
U0461,app_downloaded,2024-03-16
U0461,registered,2024-03-17
U0461,kyc_completed,2024-03-18
U0461,card_activated,2024-03-19
U0461,first_transaction,2024-03-20
U0462,app_downloaded,2024-12-29
U0462,registered,2024-12-30
U0462,kyc_completed,2024-12-31
U0462,card_activated,2025-01-01
U0462,first_transaction,2025-01-02
U0463,app_downloaded,2024-08-20
U0463,registered,2024-08-21
U0464,app_downloaded,2024-02-18
U0464,registered,2024-02-19
U0464,kyc_completed,2024-02-20
U0465,app_downloaded,2024-07-01
U0465,registered,2024-07-02
U0465,kyc_completed,2024-07-03
U0465,card_activated,2024-07-04
U0465,first_transaction,2024-07-05
U0466,app_downloaded,2024-10-25
U0466,registered,2024-10-26
U0466,kyc_completed,2024-10-27
U0466,card_activated,2024-10-28
U0466,first_transaction,2024-10-29
U0467,app_downloaded,2024-06-03
U0467,registered,2024-06-04
U0467,kyc_completed,2024-06-05
U0468,app_downloaded,2024-10-13
U0468,registered,2024-10-14
U0468,kyc_completed,2024-10-15
U0468,card_activated,2024-10-16
U0468,first_transaction,2024-10-17
U0469,app_downloaded,2024-01-08
U0469,registered,2024-01-09
U0469,kyc_completed,2024-01-10
U0469,card_activated,2024-01-11
U0470,app_downloaded,2024-12-12
U0470,registered,2024-12-13
U0470,kyc_completed,2024-12-14
U0471,app_downloaded,2024-10-31
U0471,registered,2024-11-01
U0471,kyc_completed,2024-11-02
U0472,app_downloaded,2024-11-07
U0472,registered,2024-11-08
U0473,app_downloaded,2024-12-05
U0473,registered,2024-12-06
U0473,kyc_completed,2024-12-07
U0473,card_activated,2024-12-08
U0473,first_transaction,2024-12-09
U0474,app_downloaded,2024-07-23
U0474,registered,2024-07-24
U0474,kyc_completed,2024-07-25
U0474,card_activated,2024-07-26
U0474,first_transaction,2024-07-27
U0475,app_downloaded,2024-06-22
U0475,registered,2024-06-23
U0475,kyc_completed,2024-06-24
U0475,card_activated,2024-06-25
U0476,app_downloaded,2024-12-07
U0476,registered,2024-12-08
U0476,kyc_completed,2024-12-09
U0476,card_activated,2024-12-10
U0476,first_transaction,2024-12-11
U0477,app_downloaded,2024-07-19
U0477,registered,2024-07-20
U0478,app_downloaded,2024-09-06
U0478,registered,2024-09-07
U0478,kyc_completed,2024-09-08
U0478,card_activated,2024-09-09
U0478,first_transaction,2024-09-10
U0479,app_downloaded,2024-05-18
U0480,app_downloaded,2024-11-20
U0480,registered,2024-11-21
U0480,kyc_completed,2024-11-22
U0480,card_activated,2024-11-23
U0480,first_transaction,2024-11-24
U0481,app_downloaded,2024-07-09
U0481,registered,2024-07-10
U0481,kyc_completed,2024-07-11
U0481,card_activated,2024-07-12
U0481,first_transaction,2024-07-13
U0482,app_downloaded,2024-07-20
U0482,registered,2024-07-21
U0482,kyc_completed,2024-07-22
U0482,card_activated,2024-07-23
U0482,first_transaction,2024-07-24
U0483,app_downloaded,2024-08-15
U0483,registered,2024-08-16
U0483,kyc_completed,2024-08-17
U0484,app_downloaded,2024-02-23
U0484,registered,2024-02-24
U0484,kyc_completed,2024-02-25
U0485,app_downloaded,2024-08-06
U0485,registered,2024-08-07
U0485,kyc_completed,2024-08-08
U0486,app_downloaded,2024-03-26
U0486,registered,2024-03-27
U0486,kyc_completed,2024-03-28
U0486,card_activated,2024-03-29
U0486,first_transaction,2024-03-30
U0487,app_downloaded,2024-08-21
U0487,registered,2024-08-22
U0487,kyc_completed,2024-08-23
U0487,card_activated,2024-08-24
U0487,first_transaction,2024-08-25
U0488,app_downloaded,2024-11-04
U0488,registered,2024-11-05
U0488,kyc_completed,2024-11-06
U0489,app_downloaded,2024-12-05
U0489,registered,2024-12-06
U0489,kyc_completed,2024-12-07
U0489,card_activated,2024-12-08
U0489,first_transaction,2024-12-09
U0490,app_downloaded,2024-06-18
U0490,registered,2024-06-19
U0491,app_downloaded,2024-02-06
U0492,app_downloaded,2024-06-12
U0492,registered,2024-06-13
U0493,app_downloaded,2024-07-08
U0493,registered,2024-07-09
U0493,kyc_completed,2024-07-10
U0493,card_activated,2024-07-11
U0494,app_downloaded,2024-06-12
U0494,registered,2024-06-13
U0494,kyc_completed,2024-06-14
U0494,card_activated,2024-06-15
U0494,first_transaction,2024-06-16
U0495,app_downloaded,2024-09-16
U0495,registered,2024-09-17
U0495,kyc_completed,2024-09-18
U0495,card_activated,2024-09-19
U0495,first_transaction,2024-09-20
U0496,app_downloaded,2024-04-04
U0496,registered,2024-04-05
U0496,kyc_completed,2024-04-06
U0496,card_activated,2024-04-07
U0497,app_downloaded,2024-02-21
U0497,registered,2024-02-22
U0497,kyc_completed,2024-02-23
U0498,app_downloaded,2024-04-28
U0498,registered,2024-04-29
U0498,kyc_completed,2024-04-30
U0498,card_activated,2024-05-01
U0499,app_downloaded,2024-03-12
U0499,registered,2024-03-13
U0499,kyc_completed,2024-03-14
U0499,card_activated,2024-03-15
U0500,app_downloaded,2024-05-14
U0500,registered,2024-05-15
U0500,kyc_completed,2024-05-16
U0500,card_activated,2024-05-17
U0500,first_transaction,2024-05-18
U0501,app_downloaded,2024-09-08
U0501,registered,2024-09-09
U0501,kyc_completed,2024-09-10
U0502,app_downloaded,2024-07-11
U0502,registered,2024-07-12
U0502,kyc_completed,2024-07-13
U0503,app_downloaded,2024-03-14
U0503,registered,2024-03-15
U0503,kyc_completed,2024-03-16
U0503,card_activated,2024-03-17
U0503,first_transaction,2024-03-18
U0504,app_downloaded,2024-07-06
U0504,registered,2024-07-07
U0504,kyc_completed,2024-07-08
U0504,card_activated,2024-07-09
U0505,app_downloaded,2024-01-30
U0505,registered,2024-01-31
U0505,kyc_completed,2024-02-01
U0505,card_activated,2024-02-02
U0506,app_downloaded,2024-09-01
U0506,registered,2024-09-02
U0506,kyc_completed,2024-09-03
U0507,app_downloaded,2024-10-05
U0507,registered,2024-10-06
U0507,kyc_completed,2024-10-07
U0507,card_activated,2024-10-08
U0507,first_transaction,2024-10-09
U0508,app_downloaded,2024-10-04
U0508,registered,2024-10-05
U0508,kyc_completed,2024-10-06
U0508,card_activated,2024-10-07
U0508,first_transaction,2024-10-08
U0509,app_downloaded,2024-08-15
U0509,registered,2024-08-16
U0510,app_downloaded,2024-03-30
U0510,registered,2024-03-31
U0510,kyc_completed,2024-04-01
U0511,app_downloaded,2024-08-03
U0511,registered,2024-08-04
U0511,kyc_completed,2024-08-05
U0511,card_activated,2024-08-06
U0511,first_transaction,2024-08-07
U0512,app_downloaded,2024-08-08
U0513,app_downloaded,2024-07-15
U0513,registered,2024-07-16
U0514,app_downloaded,2024-12-05
U0514,registered,2024-12-06
U0514,kyc_completed,2024-12-07
U0514,card_activated,2024-12-08
U0514,first_transaction,2024-12-09
U0515,app_downloaded,2024-03-29
U0515,registered,2024-03-30
U0515,kyc_completed,2024-03-31
U0515,card_activated,2024-04-01
U0515,first_transaction,2024-04-02
U0516,app_downloaded,2024-01-30
U0516,registered,2024-01-31
U0516,kyc_completed,2024-02-01
U0516,card_activated,2024-02-02
U0517,app_downloaded,2024-03-15
U0517,registered,2024-03-16
U0517,kyc_completed,2024-03-17
U0517,card_activated,2024-03-18
U0517,first_transaction,2024-03-19
U0518,app_downloaded,2024-12-04
U0518,registered,2024-12-05
U0518,kyc_completed,2024-12-06
U0518,card_activated,2024-12-07
U0518,first_transaction,2024-12-08
U0519,app_downloaded,2024-06-25
U0519,registered,2024-06-26
U0519,kyc_completed,2024-06-27
U0519,card_activated,2024-06-28
U0520,app_downloaded,2024-09-19
U0520,registered,2024-09-20
U0520,kyc_completed,2024-09-21
U0520,card_activated,2024-09-22
U0520,first_transaction,2024-09-23
U0521,app_downloaded,2024-01-10
U0521,registered,2024-01-11
U0521,kyc_completed,2024-01-12
U0521,card_activated,2024-01-13
U0521,first_transaction,2024-01-14
U0522,app_downloaded,2024-10-31
U0522,registered,2024-11-01
U0522,kyc_completed,2024-11-02
U0522,card_activated,2024-11-03
U0523,app_downloaded,2024-05-13
U0523,registered,2024-05-14
U0523,kyc_completed,2024-05-15
U0523,card_activated,2024-05-16
U0524,app_downloaded,2024-04-09
U0524,registered,2024-04-10
U0524,kyc_completed,2024-04-11
U0524,card_activated,2024-04-12
U0525,app_downloaded,2024-04-12
U0525,registered,2024-04-13
U0525,kyc_completed,2024-04-14
U0525,card_activated,2024-04-15
U0525,first_transaction,2024-04-16
U0526,app_downloaded,2024-01-19
U0526,registered,2024-01-20
U0526,kyc_completed,2024-01-21
U0526,card_activated,2024-01-22
U0526,first_transaction,2024-01-23
U0527,app_downloaded,2024-02-08
U0527,registered,2024-02-09
U0527,kyc_completed,2024-02-10
U0527,card_activated,2024-02-11
U0528,app_downloaded,2024-05-12
U0528,registered,2024-05-13
U0528,kyc_completed,2024-05-14
U0528,card_activated,2024-05-15
U0528,first_transaction,2024-05-16
U0529,app_downloaded,2024-10-30
U0529,registered,2024-10-31
U0530,app_downloaded,2024-05-14
U0530,registered,2024-05-15
U0531,app_downloaded,2024-01-30
U0531,registered,2024-01-31
U0531,kyc_completed,2024-02-01
U0532,app_downloaded,2024-11-24
U0532,registered,2024-11-25
U0532,kyc_completed,2024-11-26
U0533,app_downloaded,2024-04-21
U0533,registered,2024-04-22
U0533,kyc_completed,2024-04-23
U0533,card_activated,2024-04-24
U0533,first_transaction,2024-04-25
U0534,app_downloaded,2024-09-19
U0534,registered,2024-09-20
U0534,kyc_completed,2024-09-21
U0534,card_activated,2024-09-22
U0535,app_downloaded,2024-11-20
U0535,registered,2024-11-21
U0536,app_downloaded,2024-12-30
U0536,registered,2024-12-31
U0536,kyc_completed,2025-01-01
U0536,card_activated,2025-01-02
U0537,app_downloaded,2024-07-03
U0537,registered,2024-07-04
U0537,kyc_completed,2024-07-05
U0537,card_activated,2024-07-06
U0538,app_downloaded,2024-11-07
U0538,registered,2024-11-08
U0538,kyc_completed,2024-11-09
U0538,card_activated,2024-11-10
U0538,first_transaction,2024-11-11
U0539,app_downloaded,2024-09-17
U0539,registered,2024-09-18
U0539,kyc_completed,2024-09-19
U0539,card_activated,2024-09-20
U0540,app_downloaded,2024-10-26
U0540,registered,2024-10-27
U0540,kyc_completed,2024-10-28
U0540,card_activated,2024-10-29
U0540,first_transaction,2024-10-30
U0541,app_downloaded,2024-09-25
U0541,registered,2024-09-26
U0541,kyc_completed,2024-09-27
U0541,card_activated,2024-09-28
U0542,app_downloaded,2024-10-03
U0542,registered,2024-10-04
U0542,kyc_completed,2024-10-05
U0542,card_activated,2024-10-06
U0543,app_downloaded,2024-08-07
U0543,registered,2024-08-08
U0543,kyc_completed,2024-08-09
U0543,card_activated,2024-08-10
U0543,first_transaction,2024-08-11
U0544,app_downloaded,2024-09-26
U0544,registered,2024-09-27
U0545,app_downloaded,2024-06-15
U0546,app_downloaded,2024-02-01
U0546,registered,2024-02-02
U0546,kyc_completed,2024-02-03
U0546,card_activated,2024-02-04
U0546,first_transaction,2024-02-05
U0547,app_downloaded,2024-05-23
U0547,registered,2024-05-24
U0547,kyc_completed,2024-05-25
U0547,card_activated,2024-05-26
U0547,first_transaction,2024-05-27
U0548,app_downloaded,2024-01-04
U0548,registered,2024-01-05
U0548,kyc_completed,2024-01-06
U0549,app_downloaded,2024-07-14
U0549,registered,2024-07-15
U0549,kyc_completed,2024-07-16
U0549,card_activated,2024-07-17
U0549,first_transaction,2024-07-18
U0550,app_downloaded,2024-08-17
U0550,registered,2024-08-18
U0550,kyc_completed,2024-08-19
U0550,card_activated,2024-08-20
U0550,first_transaction,2024-08-21
U0551,app_downloaded,2024-05-15
U0551,registered,2024-05-16
U0551,kyc_completed,2024-05-17
U0551,card_activated,2024-05-18
U0551,first_transaction,2024-05-19
U0552,app_downloaded,2024-07-05
U0552,registered,2024-07-06
U0552,kyc_completed,2024-07-07
U0552,card_activated,2024-07-08
U0552,first_transaction,2024-07-09
U0553,app_downloaded,2024-10-05
U0553,registered,2024-10-06
U0553,kyc_completed,2024-10-07
U0553,card_activated,2024-10-08
U0553,first_transaction,2024-10-09
U0554,app_downloaded,2024-02-12
U0554,registered,2024-02-13
U0554,kyc_completed,2024-02-14
U0554,card_activated,2024-02-15
U0554,first_transaction,2024-02-16
U0555,app_downloaded,2024-07-23
U0555,registered,2024-07-24
U0555,kyc_completed,2024-07-25
U0556,app_downloaded,2024-11-28
U0556,registered,2024-11-29
U0557,app_downloaded,2024-12-07
U0557,registered,2024-12-08
U0557,kyc_completed,2024-12-09
U0558,app_downloaded,2024-06-25
U0558,registered,2024-06-26
U0558,kyc_completed,2024-06-27
U0558,card_activated,2024-06-28
U0559,app_downloaded,2024-01-25
U0559,registered,2024-01-26
U0560,app_downloaded,2024-08-24
U0560,registered,2024-08-25
U0560,kyc_completed,2024-08-26
U0560,card_activated,2024-08-27
U0561,app_downloaded,2024-01-10
U0561,registered,2024-01-11
U0561,kyc_completed,2024-01-12
U0561,card_activated,2024-01-13
U0562,app_downloaded,2024-01-17
U0562,registered,2024-01-18
U0562,kyc_completed,2024-01-19
U0563,app_downloaded,2024-07-11
U0563,registered,2024-07-12
U0563,kyc_completed,2024-07-13
U0563,card_activated,2024-07-14
U0563,first_transaction,2024-07-15
U0564,app_downloaded,2024-05-26
U0564,registered,2024-05-27
U0564,kyc_completed,2024-05-28
U0565,app_downloaded,2024-02-04
U0565,registered,2024-02-05
U0565,kyc_completed,2024-02-06
U0565,card_activated,2024-02-07
U0566,app_downloaded,2024-08-23
U0566,registered,2024-08-24
U0566,kyc_completed,2024-08-25
U0566,card_activated,2024-08-26
U0566,first_transaction,2024-08-27
U0567,app_downloaded,2024-11-03
U0567,registered,2024-11-04
U0567,kyc_completed,2024-11-05
U0567,card_activated,2024-11-06
U0568,app_downloaded,2024-10-15
U0568,registered,2024-10-16
U0568,kyc_completed,2024-10-17
U0569,app_downloaded,2024-10-11
U0569,registered,2024-10-12
U0570,app_downloaded,2024-10-10
U0570,registered,2024-10-11
U0570,kyc_completed,2024-10-12
U0570,card_activated,2024-10-13
U0570,first_transaction,2024-10-14
U0571,app_downloaded,2024-11-28
U0571,registered,2024-11-29
U0571,kyc_completed,2024-11-30
U0571,card_activated,2024-12-01
U0572,app_downloaded,2024-11-24
U0572,registered,2024-11-25
U0572,kyc_completed,2024-11-26
U0572,card_activated,2024-11-27
U0573,app_downloaded,2024-03-10
U0573,registered,2024-03-11
U0573,kyc_completed,2024-03-12
U0573,card_activated,2024-03-13
U0574,app_downloaded,2024-09-20
U0574,registered,2024-09-21
U0574,kyc_completed,2024-09-22
U0574,card_activated,2024-09-23
U0574,first_transaction,2024-09-24
U0575,app_downloaded,2024-10-02
U0575,registered,2024-10-03
U0575,kyc_completed,2024-10-04
U0576,app_downloaded,2024-12-09
U0576,registered,2024-12-10
U0576,kyc_completed,2024-12-11
U0576,card_activated,2024-12-12
U0577,app_downloaded,2024-11-04
U0577,registered,2024-11-05
U0577,kyc_completed,2024-11-06
U0578,app_downloaded,2024-03-25
U0578,registered,2024-03-26
U0578,kyc_completed,2024-03-27
U0578,card_activated,2024-03-28
U0578,first_transaction,2024-03-29
U0579,app_downloaded,2024-11-07
U0579,registered,2024-11-08
U0579,kyc_completed,2024-11-09
U0579,card_activated,2024-11-10
U0579,first_transaction,2024-11-11
U0580,app_downloaded,2024-09-21
U0580,registered,2024-09-22
U0580,kyc_completed,2024-09-23
U0580,card_activated,2024-09-24
U0580,first_transaction,2024-09-25
U0581,app_downloaded,2024-04-30
U0581,registered,2024-05-01
U0581,kyc_completed,2024-05-02
U0581,card_activated,2024-05-03
U0581,first_transaction,2024-05-04
U0582,app_downloaded,2024-05-31
U0582,registered,2024-06-01
U0582,kyc_completed,2024-06-02
U0583,app_downloaded,2024-02-11
U0583,registered,2024-02-12
U0584,app_downloaded,2024-10-03
U0584,registered,2024-10-04
U0584,kyc_completed,2024-10-05
U0584,card_activated,2024-10-06
U0584,first_transaction,2024-10-07
U0585,app_downloaded,2024-01-18
U0585,registered,2024-01-19
U0585,kyc_completed,2024-01-20
U0585,card_activated,2024-01-21
U0585,first_transaction,2024-01-22
U0586,app_downloaded,2024-11-21
U0586,registered,2024-11-22
U0586,kyc_completed,2024-11-23
U0586,card_activated,2024-11-24
U0586,first_transaction,2024-11-25
U0587,app_downloaded,2024-12-06
U0587,registered,2024-12-07
U0587,kyc_completed,2024-12-08
U0587,card_activated,2024-12-09
U0587,first_transaction,2024-12-10
U0588,app_downloaded,2024-06-09
U0588,registered,2024-06-10
U0588,kyc_completed,2024-06-11
U0588,card_activated,2024-06-12
U0588,first_transaction,2024-06-13
U0589,app_downloaded,2024-10-01
U0589,registered,2024-10-02
U0589,kyc_completed,2024-10-03
U0589,card_activated,2024-10-04
U0589,first_transaction,2024-10-05
U0590,app_downloaded,2024-10-03
U0590,registered,2024-10-04
U0590,kyc_completed,2024-10-05
U0590,card_activated,2024-10-06
U0591,app_downloaded,2024-04-05
U0591,registered,2024-04-06
U0591,kyc_completed,2024-04-07
U0591,card_activated,2024-04-08
U0591,first_transaction,2024-04-09
U0592,app_downloaded,2024-03-24
U0592,registered,2024-03-25
U0592,kyc_completed,2024-03-26
U0592,card_activated,2024-03-27
U0593,app_downloaded,2024-10-27
U0593,registered,2024-10-28
U0593,kyc_completed,2024-10-29
U0593,card_activated,2024-10-30
U0594,app_downloaded,2024-02-11
U0594,registered,2024-02-12
U0594,kyc_completed,2024-02-13
U0594,card_activated,2024-02-14
U0595,app_downloaded,2024-07-29
U0595,registered,2024-07-30
U0595,kyc_completed,2024-07-31
U0595,card_activated,2024-08-01
U0596,app_downloaded,2024-07-19
U0596,registered,2024-07-20
U0596,kyc_completed,2024-07-21
U0596,card_activated,2024-07-22
U0597,app_downloaded,2024-08-12
U0597,registered,2024-08-13
U0598,app_downloaded,2024-02-16
U0598,registered,2024-02-17
U0598,kyc_completed,2024-02-18
U0599,app_downloaded,2024-02-06
U0599,registered,2024-02-07
U0599,kyc_completed,2024-02-08
U0599,card_activated,2024-02-09
U0600,app_downloaded,2024-03-28
U0600,registered,2024-03-29
U0600,kyc_completed,2024-03-30
U0600,card_activated,2024-03-31
U0600,first_transaction,2024-04-01
U0601,app_downloaded,2024-12-05
U0601,registered,2024-12-06
U0601,kyc_completed,2024-12-07
U0602,app_downloaded,2024-05-25
U0602,registered,2024-05-26
U0602,kyc_completed,2024-05-27
U0602,card_activated,2024-05-28
U0602,first_transaction,2024-05-29
U0603,app_downloaded,2024-09-16
U0603,registered,2024-09-17
U0603,kyc_completed,2024-09-18
U0604,app_downloaded,2024-04-07
U0604,registered,2024-04-08
U0604,kyc_completed,2024-04-09
U0605,app_downloaded,2024-12-06
U0605,registered,2024-12-07
U0606,app_downloaded,2024-07-05
U0606,registered,2024-07-06
U0606,kyc_completed,2024-07-07
U0606,card_activated,2024-07-08
U0607,app_downloaded,2024-02-02
U0607,registered,2024-02-03
U0607,kyc_completed,2024-02-04
U0608,app_downloaded,2024-02-09
U0608,registered,2024-02-10
U0608,kyc_completed,2024-02-11
U0608,card_activated,2024-02-12
U0609,app_downloaded,2024-09-04
U0610,app_downloaded,2024-04-04
U0610,registered,2024-04-05
U0610,kyc_completed,2024-04-06
U0611,app_downloaded,2024-06-06
U0611,registered,2024-06-07
U0612,app_downloaded,2024-09-27
U0612,registered,2024-09-28
U0613,app_downloaded,2024-08-05
U0613,registered,2024-08-06
U0613,kyc_completed,2024-08-07
U0614,app_downloaded,2024-11-30
U0614,registered,2024-12-01
U0614,kyc_completed,2024-12-02
U0615,app_downloaded,2024-08-19
U0615,registered,2024-08-20
U0615,kyc_completed,2024-08-21
U0615,card_activated,2024-08-22
U0615,first_transaction,2024-08-23
U0616,app_downloaded,2024-12-13
U0616,registered,2024-12-14
U0616,kyc_completed,2024-12-15
U0617,app_downloaded,2024-09-13
U0617,registered,2024-09-14
U0617,kyc_completed,2024-09-15
U0618,app_downloaded,2024-02-14
U0618,registered,2024-02-15
U0618,kyc_completed,2024-02-16
U0619,app_downloaded,2024-03-25
U0619,registered,2024-03-26
U0620,app_downloaded,2024-08-18
U0620,registered,2024-08-19
U0620,kyc_completed,2024-08-20
U0620,card_activated,2024-08-21
U0621,app_downloaded,2024-04-13
U0621,registered,2024-04-14
U0622,app_downloaded,2024-02-09
U0622,registered,2024-02-10
U0622,kyc_completed,2024-02-11
U0622,card_activated,2024-02-12
U0622,first_transaction,2024-02-13
U0623,app_downloaded,2024-09-18
U0623,registered,2024-09-19
U0623,kyc_completed,2024-09-20
U0623,card_activated,2024-09-21
U0623,first_transaction,2024-09-22
U0624,app_downloaded,2024-03-27
U0624,registered,2024-03-28
U0624,kyc_completed,2024-03-29
U0624,card_activated,2024-03-30
U0624,first_transaction,2024-03-31
U0625,app_downloaded,2024-05-01
U0625,registered,2024-05-02
U0625,kyc_completed,2024-05-03
U0626,app_downloaded,2024-10-31
U0626,registered,2024-11-01
U0626,kyc_completed,2024-11-02
U0626,card_activated,2024-11-03
U0627,app_downloaded,2024-10-11
U0627,registered,2024-10-12
U0627,kyc_completed,2024-10-13
U0627,card_activated,2024-10-14
U0628,app_downloaded,2024-03-15
U0628,registered,2024-03-16
U0628,kyc_completed,2024-03-17
U0628,card_activated,2024-03-18
U0628,first_transaction,2024-03-19
U0629,app_downloaded,2024-09-04
U0629,registered,2024-09-05
U0629,kyc_completed,2024-09-06
U0629,card_activated,2024-09-07
U0629,first_transaction,2024-09-08
U0630,app_downloaded,2024-05-29
U0630,registered,2024-05-30
U0630,kyc_completed,2024-05-31
U0630,card_activated,2024-06-01
U0631,app_downloaded,2024-08-31
U0631,registered,2024-09-01
U0632,app_downloaded,2024-09-07
U0632,registered,2024-09-08
U0632,kyc_completed,2024-09-09
U0632,card_activated,2024-09-10
U0633,app_downloaded,2024-10-01
U0633,registered,2024-10-02
U0633,kyc_completed,2024-10-03
U0633,card_activated,2024-10-04
U0633,first_transaction,2024-10-05
U0634,app_downloaded,2024-07-01
U0634,registered,2024-07-02
U0634,kyc_completed,2024-07-03
U0634,card_activated,2024-07-04
U0635,app_downloaded,2024-12-29
U0635,registered,2024-12-30
U0636,app_downloaded,2024-09-08
U0636,registered,2024-09-09
U0636,kyc_completed,2024-09-10
U0636,card_activated,2024-09-11
U0636,first_transaction,2024-09-12
U0637,app_downloaded,2024-12-20
U0637,registered,2024-12-21
U0637,kyc_completed,2024-12-22
U0637,card_activated,2024-12-23
U0637,first_transaction,2024-12-24
U0638,app_downloaded,2024-08-03
U0638,registered,2024-08-04
U0638,kyc_completed,2024-08-05
U0638,card_activated,2024-08-06
U0638,first_transaction,2024-08-07
U0639,app_downloaded,2024-07-28
U0639,registered,2024-07-29
U0639,kyc_completed,2024-07-30
U0639,card_activated,2024-07-31
U0639,first_transaction,2024-08-01
U0640,app_downloaded,2024-09-24
U0640,registered,2024-09-25
U0640,kyc_completed,2024-09-26
U0640,card_activated,2024-09-27
U0640,first_transaction,2024-09-28
U0641,app_downloaded,2024-02-24
U0641,registered,2024-02-25
U0641,kyc_completed,2024-02-26
U0641,card_activated,2024-02-27
U0642,app_downloaded,2024-09-17
U0642,registered,2024-09-18
U0642,kyc_completed,2024-09-19
U0643,app_downloaded,2024-09-16
U0643,registered,2024-09-17
U0643,kyc_completed,2024-09-18
U0643,card_activated,2024-09-19
U0643,first_transaction,2024-09-20
U0644,app_downloaded,2024-07-10
U0644,registered,2024-07-11
U0645,app_downloaded,2024-05-15
U0645,registered,2024-05-16
U0645,kyc_completed,2024-05-17
U0646,app_downloaded,2024-02-18
U0646,registered,2024-02-19
U0646,kyc_completed,2024-02-20
U0646,card_activated,2024-02-21
U0647,app_downloaded,2024-04-22
U0647,registered,2024-04-23
U0647,kyc_completed,2024-04-24
U0647,card_activated,2024-04-25
U0648,app_downloaded,2024-06-28
U0648,registered,2024-06-29
U0648,kyc_completed,2024-06-30
U0649,app_downloaded,2024-04-19
U0649,registered,2024-04-20
U0649,kyc_completed,2024-04-21
U0649,card_activated,2024-04-22
U0649,first_transaction,2024-04-23
U0650,app_downloaded,2024-03-01
U0650,registered,2024-03-02
U0650,kyc_completed,2024-03-03
U0650,card_activated,2024-03-04
U0650,first_transaction,2024-03-05
U0651,app_downloaded,2024-12-02
U0651,registered,2024-12-03
U0652,app_downloaded,2024-11-11
U0652,registered,2024-11-12
U0652,kyc_completed,2024-11-13
U0653,app_downloaded,2024-09-27
U0653,registered,2024-09-28
U0653,kyc_completed,2024-09-29
U0654,app_downloaded,2024-02-20
U0654,registered,2024-02-21
U0654,kyc_completed,2024-02-22
U0654,card_activated,2024-02-23
U0654,first_transaction,2024-02-24
U0655,app_downloaded,2024-01-14
U0655,registered,2024-01-15
U0655,kyc_completed,2024-01-16
U0655,card_activated,2024-01-17
U0656,app_downloaded,2024-05-19
U0656,registered,2024-05-20
U0656,kyc_completed,2024-05-21
U0657,app_downloaded,2024-11-24
U0657,registered,2024-11-25
U0657,kyc_completed,2024-11-26
U0657,card_activated,2024-11-27
U0657,first_transaction,2024-11-28
U0658,app_downloaded,2024-07-24
U0659,app_downloaded,2024-09-21
U0659,registered,2024-09-22
U0659,kyc_completed,2024-09-23
U0660,app_downloaded,2024-08-04
U0660,registered,2024-08-05
U0660,kyc_completed,2024-08-06
U0660,card_activated,2024-08-07
U0660,first_transaction,2024-08-08
U0661,app_downloaded,2024-06-05
U0661,registered,2024-06-06
U0662,app_downloaded,2024-01-08
U0662,registered,2024-01-09
U0662,kyc_completed,2024-01-10
U0662,card_activated,2024-01-11
U0662,first_transaction,2024-01-12
U0663,app_downloaded,2024-01-29
U0663,registered,2024-01-30
U0663,kyc_completed,2024-01-31
U0663,card_activated,2024-02-01
U0664,app_downloaded,2024-04-21
U0664,registered,2024-04-22
U0664,kyc_completed,2024-04-23
U0664,card_activated,2024-04-24
U0665,app_downloaded,2024-09-13
U0665,registered,2024-09-14
U0665,kyc_completed,2024-09-15
U0666,app_downloaded,2024-02-14
U0666,registered,2024-02-15
U0666,kyc_completed,2024-02-16
U0666,card_activated,2024-02-17
U0666,first_transaction,2024-02-18
U0667,app_downloaded,2024-02-04
U0667,registered,2024-02-05
U0667,kyc_completed,2024-02-06
U0667,card_activated,2024-02-07
U0668,app_downloaded,2024-05-20
U0668,registered,2024-05-21
U0668,kyc_completed,2024-05-22
U0668,card_activated,2024-05-23
U0668,first_transaction,2024-05-24
U0669,app_downloaded,2024-01-27
U0669,registered,2024-01-28
U0669,kyc_completed,2024-01-29
U0669,card_activated,2024-01-30
U0670,app_downloaded,2024-04-07
U0670,registered,2024-04-08
U0670,kyc_completed,2024-04-09
U0670,card_activated,2024-04-10
U0671,app_downloaded,2024-04-17
U0671,registered,2024-04-18
U0671,kyc_completed,2024-04-19
U0671,card_activated,2024-04-20
U0671,first_transaction,2024-04-21
U0672,app_downloaded,2024-12-30
U0672,registered,2024-12-31
U0672,kyc_completed,2025-01-01
U0672,card_activated,2025-01-02
U0672,first_transaction,2025-01-03
U0673,app_downloaded,2024-10-14
U0674,app_downloaded,2024-02-05
U0674,registered,2024-02-06
U0674,kyc_completed,2024-02-07
U0675,app_downloaded,2024-04-29
U0675,registered,2024-04-30
U0675,kyc_completed,2024-05-01
U0675,card_activated,2024-05-02
U0676,app_downloaded,2024-12-17
U0676,registered,2024-12-18
U0676,kyc_completed,2024-12-19
U0676,card_activated,2024-12-20
U0676,first_transaction,2024-12-21
U0677,app_downloaded,2024-02-05
U0677,registered,2024-02-06
U0677,kyc_completed,2024-02-07
U0677,card_activated,2024-02-08
U0678,app_downloaded,2024-02-26
U0678,registered,2024-02-27
U0678,kyc_completed,2024-02-28
U0678,card_activated,2024-02-29
U0678,first_transaction,2024-03-01
U0679,app_downloaded,2024-02-26
U0680,app_downloaded,2024-06-26
U0680,registered,2024-06-27
U0680,kyc_completed,2024-06-28
U0680,card_activated,2024-06-29
U0681,app_downloaded,2024-02-26
U0681,registered,2024-02-27
U0681,kyc_completed,2024-02-28
U0681,card_activated,2024-02-29
U0681,first_transaction,2024-03-01
U0682,app_downloaded,2024-09-15
U0682,registered,2024-09-16
U0682,kyc_completed,2024-09-17
U0682,card_activated,2024-09-18
U0682,first_transaction,2024-09-19
U0683,app_downloaded,2024-05-08
U0683,registered,2024-05-09
U0683,kyc_completed,2024-05-10
U0684,app_downloaded,2024-10-02
U0684,registered,2024-10-03
U0684,kyc_completed,2024-10-04
U0685,app_downloaded,2024-06-16
U0685,registered,2024-06-17
U0685,kyc_completed,2024-06-18
U0685,card_activated,2024-06-19
U0686,app_downloaded,2024-12-04
U0686,registered,2024-12-05
U0686,kyc_completed,2024-12-06
U0686,card_activated,2024-12-07
U0687,app_downloaded,2024-01-01
U0687,registered,2024-01-02
U0687,kyc_completed,2024-01-03
U0687,card_activated,2024-01-04
U0687,first_transaction,2024-01-05
U0688,app_downloaded,2024-10-09
U0688,registered,2024-10-10
U0688,kyc_completed,2024-10-11
U0689,app_downloaded,2024-11-08
U0689,registered,2024-11-09
U0689,kyc_completed,2024-11-10
U0689,card_activated,2024-11-11
U0689,first_transaction,2024-11-12
U0690,app_downloaded,2024-01-20
U0690,registered,2024-01-21
U0690,kyc_completed,2024-01-22
U0691,app_downloaded,2024-03-24
U0691,registered,2024-03-25
U0691,kyc_completed,2024-03-26
U0692,app_downloaded,2024-06-29
U0692,registered,2024-06-30
U0692,kyc_completed,2024-07-01
U0693,app_downloaded,2024-02-16
U0693,registered,2024-02-17
U0693,kyc_completed,2024-02-18
U0693,card_activated,2024-02-19
U0693,first_transaction,2024-02-20
U0694,app_downloaded,2024-10-07
U0694,registered,2024-10-08
U0694,kyc_completed,2024-10-09
U0694,card_activated,2024-10-10
U0694,first_transaction,2024-10-11
U0695,app_downloaded,2024-06-09
U0695,registered,2024-06-10
U0695,kyc_completed,2024-06-11
U0695,card_activated,2024-06-12
U0695,first_transaction,2024-06-13
U0696,app_downloaded,2024-04-26
U0696,registered,2024-04-27
U0696,kyc_completed,2024-04-28
U0696,card_activated,2024-04-29
U0696,first_transaction,2024-04-30
U0697,app_downloaded,2024-11-11
U0697,registered,2024-11-12
U0697,kyc_completed,2024-11-13
U0697,card_activated,2024-11-14
U0697,first_transaction,2024-11-15
U0698,app_downloaded,2024-03-29
U0698,registered,2024-03-30
U0698,kyc_completed,2024-03-31
U0698,card_activated,2024-04-01
U0698,first_transaction,2024-04-02
U0699,app_downloaded,2024-04-22
U0699,registered,2024-04-23
U0699,kyc_completed,2024-04-24
U0699,card_activated,2024-04-25
U0699,first_transaction,2024-04-26
U0700,app_downloaded,2024-05-06
U0700,registered,2024-05-07
U0701,app_downloaded,2024-01-19
U0701,registered,2024-01-20
U0701,kyc_completed,2024-01-21
U0701,card_activated,2024-01-22
U0701,first_transaction,2024-01-23
U0702,app_downloaded,2024-07-11
U0702,registered,2024-07-12
U0702,kyc_completed,2024-07-13
U0703,app_downloaded,2024-03-12
U0704,app_downloaded,2024-03-28
U0704,registered,2024-03-29
U0705,app_downloaded,2024-07-01
U0705,registered,2024-07-02
U0705,kyc_completed,2024-07-03
U0705,card_activated,2024-07-04
U0706,app_downloaded,2024-02-24
U0706,registered,2024-02-25
U0706,kyc_completed,2024-02-26
U0706,card_activated,2024-02-27
U0706,first_transaction,2024-02-28
U0707,app_downloaded,2024-01-18
U0707,registered,2024-01-19
U0707,kyc_completed,2024-01-20
U0707,card_activated,2024-01-21
U0707,first_transaction,2024-01-22
U0708,app_downloaded,2024-01-18
U0708,registered,2024-01-19
U0708,kyc_completed,2024-01-20
U0709,app_downloaded,2024-12-14
U0709,registered,2024-12-15
U0709,kyc_completed,2024-12-16
U0709,card_activated,2024-12-17
U0709,first_transaction,2024-12-18
U0710,app_downloaded,2024-09-26
U0710,registered,2024-09-27
U0710,kyc_completed,2024-09-28
U0710,card_activated,2024-09-29
U0711,app_downloaded,2024-06-13
U0711,registered,2024-06-14
U0711,kyc_completed,2024-06-15
U0711,card_activated,2024-06-16
U0711,first_transaction,2024-06-17
U0712,app_downloaded,2024-05-26
U0712,registered,2024-05-27
U0713,app_downloaded,2024-05-31
U0713,registered,2024-06-01
U0713,kyc_completed,2024-06-02
U0714,app_downloaded,2024-06-18
U0714,registered,2024-06-19
U0714,kyc_completed,2024-06-20
U0714,card_activated,2024-06-21
U0715,app_downloaded,2024-12-26
U0715,registered,2024-12-27
U0715,kyc_completed,2024-12-28
U0715,card_activated,2024-12-29
U0715,first_transaction,2024-12-30
U0716,app_downloaded,2024-12-13
U0716,registered,2024-12-14
U0716,kyc_completed,2024-12-15
U0716,card_activated,2024-12-16
U0717,app_downloaded,2024-10-24
U0717,registered,2024-10-25
U0717,kyc_completed,2024-10-26
U0717,card_activated,2024-10-27
U0718,app_downloaded,2024-12-24
U0718,registered,2024-12-25
U0718,kyc_completed,2024-12-26
U0718,card_activated,2024-12-27
U0719,app_downloaded,2024-01-22
U0719,registered,2024-01-23
U0719,kyc_completed,2024-01-24
U0720,app_downloaded,2024-09-27
U0720,registered,2024-09-28
U0720,kyc_completed,2024-09-29
U0720,card_activated,2024-09-30
U0720,first_transaction,2024-10-01
U0721,app_downloaded,2024-04-10
U0721,registered,2024-04-11
U0721,kyc_completed,2024-04-12
U0721,card_activated,2024-04-13
U0721,first_transaction,2024-04-14
U0722,app_downloaded,2024-09-21
U0722,registered,2024-09-22
U0722,kyc_completed,2024-09-23
U0722,card_activated,2024-09-24
U0723,app_downloaded,2024-01-04
U0723,registered,2024-01-05
U0723,kyc_completed,2024-01-06
U0724,app_downloaded,2024-12-30
U0724,registered,2024-12-31
U0724,kyc_completed,2025-01-01
U0724,card_activated,2025-01-02
U0724,first_transaction,2025-01-03
U0725,app_downloaded,2024-02-16
U0725,registered,2024-02-17
U0726,app_downloaded,2024-06-03
U0726,registered,2024-06-04
U0726,kyc_completed,2024-06-05
U0726,card_activated,2024-06-06
U0726,first_transaction,2024-06-07
U0727,app_downloaded,2024-11-17
U0727,registered,2024-11-18
U0727,kyc_completed,2024-11-19
U0728,app_downloaded,2024-11-15
U0728,registered,2024-11-16
U0728,kyc_completed,2024-11-17
U0728,card_activated,2024-11-18
U0728,first_transaction,2024-11-19
U0729,app_downloaded,2024-04-18
U0730,app_downloaded,2024-07-18
U0730,registered,2024-07-19
U0730,kyc_completed,2024-07-20
U0730,card_activated,2024-07-21
U0730,first_transaction,2024-07-22
U0731,app_downloaded,2024-02-28
U0731,registered,2024-02-29
U0731,kyc_completed,2024-03-01
U0732,app_downloaded,2024-07-07
U0732,registered,2024-07-08
U0732,kyc_completed,2024-07-09
U0732,card_activated,2024-07-10
U0733,app_downloaded,2024-12-18
U0733,registered,2024-12-19
U0733,kyc_completed,2024-12-20
U0733,card_activated,2024-12-21
U0733,first_transaction,2024-12-22
U0734,app_downloaded,2024-06-07
U0734,registered,2024-06-08
U0734,kyc_completed,2024-06-09
U0734,card_activated,2024-06-10
U0734,first_transaction,2024-06-11
U0735,app_downloaded,2024-11-26
U0735,registered,2024-11-27
U0735,kyc_completed,2024-11-28
U0735,card_activated,2024-11-29
U0735,first_transaction,2024-11-30
U0736,app_downloaded,2024-05-21
U0736,registered,2024-05-22
U0736,kyc_completed,2024-05-23
U0736,card_activated,2024-05-24
U0736,first_transaction,2024-05-25
U0737,app_downloaded,2024-12-29
U0737,registered,2024-12-30
U0737,kyc_completed,2024-12-31
U0738,app_downloaded,2024-12-19
U0738,registered,2024-12-20
U0738,kyc_completed,2024-12-21
U0738,card_activated,2024-12-22
U0739,app_downloaded,2024-09-22
U0739,registered,2024-09-23
U0739,kyc_completed,2024-09-24
U0739,card_activated,2024-09-25
U0739,first_transaction,2024-09-26
U0740,app_downloaded,2024-03-23
U0740,registered,2024-03-24
U0741,app_downloaded,2024-10-19
U0741,registered,2024-10-20
U0741,kyc_completed,2024-10-21
U0741,card_activated,2024-10-22
U0742,app_downloaded,2024-04-08
U0742,registered,2024-04-09
U0742,kyc_completed,2024-04-10
U0742,card_activated,2024-04-11
U0743,app_downloaded,2024-05-06
U0743,registered,2024-05-07
U0743,kyc_completed,2024-05-08
U0743,card_activated,2024-05-09
U0744,app_downloaded,2024-12-11
U0744,registered,2024-12-12
U0745,app_downloaded,2024-06-30
U0745,registered,2024-07-01
U0745,kyc_completed,2024-07-02
U0745,card_activated,2024-07-03
U0746,app_downloaded,2024-08-22
U0746,registered,2024-08-23
U0746,kyc_completed,2024-08-24
U0747,app_downloaded,2024-03-14
U0747,registered,2024-03-15
U0747,kyc_completed,2024-03-16
U0747,card_activated,2024-03-17
U0747,first_transaction,2024-03-18
U0748,app_downloaded,2024-04-16
U0748,registered,2024-04-17
U0748,kyc_completed,2024-04-18
U0748,card_activated,2024-04-19
U0748,first_transaction,2024-04-20
U0749,app_downloaded,2024-07-31
U0749,registered,2024-08-01
U0749,kyc_completed,2024-08-02
U0750,app_downloaded,2024-12-16
U0750,registered,2024-12-17
U0750,kyc_completed,2024-12-18
U0750,card_activated,2024-12-19
U0750,first_transaction,2024-12-20
U0751,app_downloaded,2024-11-23
U0751,registered,2024-11-24
U0751,kyc_completed,2024-11-25
U0752,app_downloaded,2024-12-07
U0752,registered,2024-12-08
U0752,kyc_completed,2024-12-09
U0753,app_downloaded,2024-09-17
U0753,registered,2024-09-18
U0753,kyc_completed,2024-09-19
U0753,card_activated,2024-09-20
U0754,app_downloaded,2024-10-29
U0754,registered,2024-10-30
U0754,kyc_completed,2024-10-31
U0755,app_downloaded,2024-04-03
U0755,registered,2024-04-04
U0755,kyc_completed,2024-04-05
U0755,card_activated,2024-04-06
U0755,first_transaction,2024-04-07
U0756,app_downloaded,2024-01-10
U0756,registered,2024-01-11
U0756,kyc_completed,2024-01-12
U0756,card_activated,2024-01-13
U0756,first_transaction,2024-01-14
U0757,app_downloaded,2024-03-15
U0757,registered,2024-03-16
U0757,kyc_completed,2024-03-17
U0757,card_activated,2024-03-18
U0757,first_transaction,2024-03-19
U0758,app_downloaded,2024-01-29
U0758,registered,2024-01-30
U0758,kyc_completed,2024-01-31
U0758,card_activated,2024-02-01
U0759,app_downloaded,2024-04-09
U0759,registered,2024-04-10
U0759,kyc_completed,2024-04-11
U0759,card_activated,2024-04-12
U0759,first_transaction,2024-04-13
U0760,app_downloaded,2024-04-16
U0760,registered,2024-04-17
U0760,kyc_completed,2024-04-18
U0760,card_activated,2024-04-19
U0760,first_transaction,2024-04-20
U0761,app_downloaded,2024-04-23
U0761,registered,2024-04-24
U0761,kyc_completed,2024-04-25
U0762,app_downloaded,2024-08-13
U0762,registered,2024-08-14
U0762,kyc_completed,2024-08-15
U0762,card_activated,2024-08-16
U0762,first_transaction,2024-08-17
U0763,app_downloaded,2024-09-07
U0763,registered,2024-09-08
U0764,app_downloaded,2024-10-26
U0764,registered,2024-10-27
U0765,app_downloaded,2024-08-17
U0765,registered,2024-08-18
U0765,kyc_completed,2024-08-19
U0766,app_downloaded,2024-01-05
U0766,registered,2024-01-06
U0766,kyc_completed,2024-01-07
U0766,card_activated,2024-01-08
U0766,first_transaction,2024-01-09
U0767,app_downloaded,2024-06-28
U0767,registered,2024-06-29
U0768,app_downloaded,2024-12-18
U0768,registered,2024-12-19
U0768,kyc_completed,2024-12-20
U0769,app_downloaded,2024-05-16
U0769,registered,2024-05-17
U0769,kyc_completed,2024-05-18
U0769,card_activated,2024-05-19
U0770,app_downloaded,2024-10-02
U0770,registered,2024-10-03
U0771,app_downloaded,2024-04-22
U0771,registered,2024-04-23
U0772,app_downloaded,2024-01-03
U0772,registered,2024-01-04
U0772,kyc_completed,2024-01-05
U0773,app_downloaded,2024-02-07
U0773,registered,2024-02-08
U0773,kyc_completed,2024-02-09
U0774,app_downloaded,2024-05-19
U0774,registered,2024-05-20
U0774,kyc_completed,2024-05-21
U0774,card_activated,2024-05-22
U0775,app_downloaded,2024-04-04
U0775,registered,2024-04-05
U0775,kyc_completed,2024-04-06
U0775,card_activated,2024-04-07
U0775,first_transaction,2024-04-08
U0776,app_downloaded,2024-11-18
U0776,registered,2024-11-19
U0776,kyc_completed,2024-11-20
U0776,card_activated,2024-11-21
U0776,first_transaction,2024-11-22
U0777,app_downloaded,2024-12-28
U0777,registered,2024-12-29
U0777,kyc_completed,2024-12-30
U0778,app_downloaded,2024-09-05
U0778,registered,2024-09-06
U0778,kyc_completed,2024-09-07
U0778,card_activated,2024-09-08
U0778,first_transaction,2024-09-09
U0779,app_downloaded,2024-04-05
U0779,registered,2024-04-06
U0779,kyc_completed,2024-04-07
U0779,card_activated,2024-04-08
U0779,first_transaction,2024-04-09
U0780,app_downloaded,2024-08-08
U0780,registered,2024-08-09
U0780,kyc_completed,2024-08-10
U0780,card_activated,2024-08-11
U0781,app_downloaded,2024-02-24
U0781,registered,2024-02-25
U0781,kyc_completed,2024-02-26
U0781,card_activated,2024-02-27
U0782,app_downloaded,2024-02-04
U0782,registered,2024-02-05
U0782,kyc_completed,2024-02-06
U0782,card_activated,2024-02-07
U0783,app_downloaded,2024-04-07
U0783,registered,2024-04-08
U0783,kyc_completed,2024-04-09
U0783,card_activated,2024-04-10
U0784,app_downloaded,2024-01-01
U0784,registered,2024-01-02
U0784,kyc_completed,2024-01-03
U0784,card_activated,2024-01-04
U0784,first_transaction,2024-01-05
U0785,app_downloaded,2024-06-04
U0785,registered,2024-06-05
U0785,kyc_completed,2024-06-06
U0785,card_activated,2024-06-07
U0785,first_transaction,2024-06-08
U0786,app_downloaded,2024-02-23
U0787,app_downloaded,2024-11-02
U0787,registered,2024-11-03
U0787,kyc_completed,2024-11-04
U0788,app_downloaded,2024-09-13
U0788,registered,2024-09-14
U0789,app_downloaded,2024-08-25
U0789,registered,2024-08-26
U0789,kyc_completed,2024-08-27
U0790,app_downloaded,2024-09-21
U0790,registered,2024-09-22
U0790,kyc_completed,2024-09-23
U0790,card_activated,2024-09-24
U0790,first_transaction,2024-09-25
U0791,app_downloaded,2024-10-19
U0791,registered,2024-10-20
U0791,kyc_completed,2024-10-21
U0792,app_downloaded,2024-06-02
U0792,registered,2024-06-03
U0792,kyc_completed,2024-06-04
U0793,app_downloaded,2024-11-29
U0793,registered,2024-11-30
U0793,kyc_completed,2024-12-01
U0793,card_activated,2024-12-02
U0793,first_transaction,2024-12-03
U0794,app_downloaded,2024-08-10
U0794,registered,2024-08-11
U0794,kyc_completed,2024-08-12
U0794,card_activated,2024-08-13
U0795,app_downloaded,2024-01-12
U0795,registered,2024-01-13
U0796,app_downloaded,2024-02-20
U0796,registered,2024-02-21
U0796,kyc_completed,2024-02-22
U0796,card_activated,2024-02-23
U0796,first_transaction,2024-02-24
U0797,app_downloaded,2024-02-07
U0797,registered,2024-02-08
U0797,kyc_completed,2024-02-09
U0797,card_activated,2024-02-10
U0798,app_downloaded,2024-12-17
U0798,registered,2024-12-18
U0798,kyc_completed,2024-12-19
U0799,app_downloaded,2024-01-27
U0799,registered,2024-01-28
U0800,app_downloaded,2024-02-04
U0800,registered,2024-02-05
U0800,kyc_completed,2024-02-06
U0801,app_downloaded,2024-02-14
U0801,registered,2024-02-15
U0801,kyc_completed,2024-02-16
U0801,card_activated,2024-02-17
U0802,app_downloaded,2024-06-01
U0802,registered,2024-06-02
U0802,kyc_completed,2024-06-03
U0802,card_activated,2024-06-04
U0802,first_transaction,2024-06-05
U0803,app_downloaded,2024-11-16
U0804,app_downloaded,2024-09-26
U0804,registered,2024-09-27
U0804,kyc_completed,2024-09-28
U0804,card_activated,2024-09-29
U0804,first_transaction,2024-09-30
U0805,app_downloaded,2024-09-26
U0805,registered,2024-09-27
U0805,kyc_completed,2024-09-28
U0805,card_activated,2024-09-29
U0805,first_transaction,2024-09-30
U0806,app_downloaded,2024-09-18
U0806,registered,2024-09-19
U0806,kyc_completed,2024-09-20
U0807,app_downloaded,2024-05-10
U0807,registered,2024-05-11
U0808,app_downloaded,2024-02-24
U0808,registered,2024-02-25
U0808,kyc_completed,2024-02-26
U0808,card_activated,2024-02-27
U0808,first_transaction,2024-02-28
U0809,app_downloaded,2024-10-29
U0809,registered,2024-10-30
U0810,app_downloaded,2024-01-05
U0810,registered,2024-01-06
U0811,app_downloaded,2024-01-14
U0811,registered,2024-01-15
U0811,kyc_completed,2024-01-16
U0812,app_downloaded,2024-03-18
U0812,registered,2024-03-19
U0812,kyc_completed,2024-03-20
U0812,card_activated,2024-03-21
U0812,first_transaction,2024-03-22
U0813,app_downloaded,2024-04-18
U0813,registered,2024-04-19
U0813,kyc_completed,2024-04-20
U0813,card_activated,2024-04-21
U0813,first_transaction,2024-04-22
U0814,app_downloaded,2024-06-26
U0814,registered,2024-06-27
U0814,kyc_completed,2024-06-28
U0814,card_activated,2024-06-29
U0815,app_downloaded,2024-03-21
U0815,registered,2024-03-22
U0816,app_downloaded,2024-11-20
U0816,registered,2024-11-21
U0816,kyc_completed,2024-11-22
U0816,card_activated,2024-11-23
U0816,first_transaction,2024-11-24
U0817,app_downloaded,2024-09-20
U0817,registered,2024-09-21
U0817,kyc_completed,2024-09-22
U0818,app_downloaded,2024-07-08
U0818,registered,2024-07-09
U0818,kyc_completed,2024-07-10
U0818,card_activated,2024-07-11
U0818,first_transaction,2024-07-12
U0819,app_downloaded,2024-04-05
U0819,registered,2024-04-06
U0819,kyc_completed,2024-04-07
U0820,app_downloaded,2024-08-15
U0820,registered,2024-08-16
U0821,app_downloaded,2024-08-12
U0821,registered,2024-08-13
U0821,kyc_completed,2024-08-14
U0821,card_activated,2024-08-15
U0821,first_transaction,2024-08-16
U0822,app_downloaded,2024-11-06
U0822,registered,2024-11-07
U0823,app_downloaded,2024-10-25
U0823,registered,2024-10-26
U0823,kyc_completed,2024-10-27
U0823,card_activated,2024-10-28
U0823,first_transaction,2024-10-29
U0824,app_downloaded,2024-10-03
U0824,registered,2024-10-04
U0825,app_downloaded,2024-05-17
U0825,registered,2024-05-18
U0825,kyc_completed,2024-05-19
U0825,card_activated,2024-05-20
U0826,app_downloaded,2024-11-21
U0826,registered,2024-11-22
U0827,app_downloaded,2024-07-13
U0827,registered,2024-07-14
U0827,kyc_completed,2024-07-15
U0827,card_activated,2024-07-16
U0828,app_downloaded,2024-11-27
U0828,registered,2024-11-28
U0828,kyc_completed,2024-11-29
U0828,card_activated,2024-11-30
U0829,app_downloaded,2024-05-13
U0829,registered,2024-05-14
U0829,kyc_completed,2024-05-15
U0829,card_activated,2024-05-16
U0830,app_downloaded,2024-02-11
U0830,registered,2024-02-12
U0830,kyc_completed,2024-02-13
U0830,card_activated,2024-02-14
U0831,app_downloaded,2024-10-25
U0831,registered,2024-10-26
U0831,kyc_completed,2024-10-27
U0831,card_activated,2024-10-28
U0831,first_transaction,2024-10-29
U0832,app_downloaded,2024-08-21
U0832,registered,2024-08-22
U0832,kyc_completed,2024-08-23
U0832,card_activated,2024-08-24
U0833,app_downloaded,2024-12-14
U0833,registered,2024-12-15
U0833,kyc_completed,2024-12-16
U0833,card_activated,2024-12-17
U0833,first_transaction,2024-12-18
U0834,app_downloaded,2024-04-12
U0834,registered,2024-04-13
U0834,kyc_completed,2024-04-14
U0834,card_activated,2024-04-15
U0834,first_transaction,2024-04-16
U0835,app_downloaded,2024-02-17
U0835,registered,2024-02-18
U0835,kyc_completed,2024-02-19
U0835,card_activated,2024-02-20
U0835,first_transaction,2024-02-21
U0836,app_downloaded,2024-12-06
U0836,registered,2024-12-07
U0836,kyc_completed,2024-12-08
U0836,card_activated,2024-12-09
U0837,app_downloaded,2024-10-15
U0837,registered,2024-10-16
U0837,kyc_completed,2024-10-17
U0837,card_activated,2024-10-18
U0837,first_transaction,2024-10-19
U0838,app_downloaded,2024-08-30
U0838,registered,2024-08-31
U0838,kyc_completed,2024-09-01
U0838,card_activated,2024-09-02
U0839,app_downloaded,2024-01-17
U0839,registered,2024-01-18
U0839,kyc_completed,2024-01-19
U0840,app_downloaded,2024-08-25
U0840,registered,2024-08-26
U0840,kyc_completed,2024-08-27
U0840,card_activated,2024-08-28
U0840,first_transaction,2024-08-29
U0841,app_downloaded,2024-01-14
U0841,registered,2024-01-15
U0841,kyc_completed,2024-01-16
U0842,app_downloaded,2024-02-23
U0842,registered,2024-02-24
U0843,app_downloaded,2024-05-26
U0843,registered,2024-05-27
U0843,kyc_completed,2024-05-28
U0843,card_activated,2024-05-29
U0843,first_transaction,2024-05-30
U0844,app_downloaded,2024-07-15
U0844,registered,2024-07-16
U0845,app_downloaded,2024-11-09
U0845,registered,2024-11-10
U0846,app_downloaded,2024-04-30
U0846,registered,2024-05-01
U0846,kyc_completed,2024-05-02
U0846,card_activated,2024-05-03
U0846,first_transaction,2024-05-04
U0847,app_downloaded,2024-08-22
U0847,registered,2024-08-23
U0847,kyc_completed,2024-08-24
U0847,card_activated,2024-08-25
U0847,first_transaction,2024-08-26
U0848,app_downloaded,2024-04-27
U0848,registered,2024-04-28
U0848,kyc_completed,2024-04-29
U0848,card_activated,2024-04-30
U0848,first_transaction,2024-05-01
U0849,app_downloaded,2024-03-13
U0849,registered,2024-03-14
U0849,kyc_completed,2024-03-15
U0849,card_activated,2024-03-16
U0850,app_downloaded,2024-11-12
U0850,registered,2024-11-13
U0850,kyc_completed,2024-11-14
U0851,app_downloaded,2024-03-03
U0851,registered,2024-03-04
U0852,app_downloaded,2024-12-19
U0852,registered,2024-12-20
U0852,kyc_completed,2024-12-21
U0853,app_downloaded,2024-06-16
U0853,registered,2024-06-17
U0853,kyc_completed,2024-06-18
U0854,app_downloaded,2024-04-01
U0854,registered,2024-04-02
U0854,kyc_completed,2024-04-03
U0854,card_activated,2024-04-04
U0854,first_transaction,2024-04-05
U0855,app_downloaded,2024-10-13
U0855,registered,2024-10-14
U0855,kyc_completed,2024-10-15
U0855,card_activated,2024-10-16
U0855,first_transaction,2024-10-17
U0856,app_downloaded,2024-05-24
U0856,registered,2024-05-25
U0856,kyc_completed,2024-05-26
U0856,card_activated,2024-05-27
U0856,first_transaction,2024-05-28
U0857,app_downloaded,2024-12-13
U0857,registered,2024-12-14
U0857,kyc_completed,2024-12-15
U0857,card_activated,2024-12-16
U0857,first_transaction,2024-12-17
U0858,app_downloaded,2024-02-17
U0858,registered,2024-02-18
U0858,kyc_completed,2024-02-19
U0858,card_activated,2024-02-20
U0858,first_transaction,2024-02-21
U0859,app_downloaded,2024-11-13
U0859,registered,2024-11-14
U0859,kyc_completed,2024-11-15
U0859,card_activated,2024-11-16
U0860,app_downloaded,2024-10-03
U0860,registered,2024-10-04
U0860,kyc_completed,2024-10-05
U0860,card_activated,2024-10-06
U0860,first_transaction,2024-10-07
U0861,app_downloaded,2024-08-11
U0861,registered,2024-08-12
U0861,kyc_completed,2024-08-13
U0861,card_activated,2024-08-14
U0861,first_transaction,2024-08-15
U0862,app_downloaded,2024-05-31
U0862,registered,2024-06-01
U0862,kyc_completed,2024-06-02
U0863,app_downloaded,2024-04-09
U0863,registered,2024-04-10
U0863,kyc_completed,2024-04-11
U0864,app_downloaded,2024-04-16
U0864,registered,2024-04-17
U0864,kyc_completed,2024-04-18
U0864,card_activated,2024-04-19
U0864,first_transaction,2024-04-20
U0865,app_downloaded,2024-04-26
U0865,registered,2024-04-27
U0865,kyc_completed,2024-04-28
U0866,app_downloaded,2024-10-06
U0866,registered,2024-10-07
U0866,kyc_completed,2024-10-08
U0866,card_activated,2024-10-09
U0866,first_transaction,2024-10-10
U0867,app_downloaded,2024-03-28
U0867,registered,2024-03-29
U0867,kyc_completed,2024-03-30
U0868,app_downloaded,2024-12-25
U0868,registered,2024-12-26
U0868,kyc_completed,2024-12-27
U0869,app_downloaded,2024-09-08
U0869,registered,2024-09-09
U0870,app_downloaded,2024-12-06
U0870,registered,2024-12-07
U0871,app_downloaded,2024-09-26
U0871,registered,2024-09-27
U0871,kyc_completed,2024-09-28
U0871,card_activated,2024-09-29
U0871,first_transaction,2024-09-30
U0872,app_downloaded,2024-06-20
U0872,registered,2024-06-21
U0872,kyc_completed,2024-06-22
U0872,card_activated,2024-06-23
U0872,first_transaction,2024-06-24
U0873,app_downloaded,2024-12-04
U0873,registered,2024-12-05
U0874,app_downloaded,2024-12-18
U0874,registered,2024-12-19
U0874,kyc_completed,2024-12-20
U0875,app_downloaded,2024-01-06
U0875,registered,2024-01-07
U0875,kyc_completed,2024-01-08
U0875,card_activated,2024-01-09
U0875,first_transaction,2024-01-10
U0876,app_downloaded,2024-02-23
U0876,registered,2024-02-24
U0876,kyc_completed,2024-02-25
U0876,card_activated,2024-02-26
U0876,first_transaction,2024-02-27
U0877,app_downloaded,2024-09-15
U0877,registered,2024-09-16
U0877,kyc_completed,2024-09-17
U0877,card_activated,2024-09-18
U0878,app_downloaded,2024-06-14
U0878,registered,2024-06-15
U0878,kyc_completed,2024-06-16
U0878,card_activated,2024-06-17
U0879,app_downloaded,2024-06-27
U0879,registered,2024-06-28
U0879,kyc_completed,2024-06-29
U0879,card_activated,2024-06-30
U0880,app_downloaded,2024-07-29
U0880,registered,2024-07-30
U0880,kyc_completed,2024-07-31
U0881,app_downloaded,2024-08-29
U0881,registered,2024-08-30
U0882,app_downloaded,2024-04-14
U0882,registered,2024-04-15
U0882,kyc_completed,2024-04-16
U0882,card_activated,2024-04-17
U0882,first_transaction,2024-04-18
U0883,app_downloaded,2024-07-13
U0883,registered,2024-07-14
U0883,kyc_completed,2024-07-15
U0883,card_activated,2024-07-16
U0884,app_downloaded,2024-07-22
U0884,registered,2024-07-23
U0884,kyc_completed,2024-07-24
U0884,card_activated,2024-07-25
U0884,first_transaction,2024-07-26
U0885,app_downloaded,2024-09-30
U0885,registered,2024-10-01
U0885,kyc_completed,2024-10-02
U0885,card_activated,2024-10-03
U0886,app_downloaded,2024-06-28
U0886,registered,2024-06-29
U0886,kyc_completed,2024-06-30
U0886,card_activated,2024-07-01
U0886,first_transaction,2024-07-02
U0887,app_downloaded,2024-01-09
U0887,registered,2024-01-10
U0887,kyc_completed,2024-01-11
U0887,card_activated,2024-01-12
U0888,app_downloaded,2024-04-08
U0888,registered,2024-04-09
U0888,kyc_completed,2024-04-10
U0889,app_downloaded,2024-02-29
U0890,app_downloaded,2024-09-14
U0890,registered,2024-09-15
U0891,app_downloaded,2024-02-19
U0891,registered,2024-02-20
U0892,app_downloaded,2024-02-24
U0893,app_downloaded,2024-06-18
U0893,registered,2024-06-19
U0893,kyc_completed,2024-06-20
U0893,card_activated,2024-06-21
U0894,app_downloaded,2024-01-24
U0894,registered,2024-01-25
U0895,app_downloaded,2024-04-10
U0895,registered,2024-04-11
U0895,kyc_completed,2024-04-12
U0895,card_activated,2024-04-13
U0895,first_transaction,2024-04-14
U0896,app_downloaded,2024-07-11
U0896,registered,2024-07-12
U0897,app_downloaded,2024-11-26
U0897,registered,2024-11-27
U0897,kyc_completed,2024-11-28
U0897,card_activated,2024-11-29
U0898,app_downloaded,2024-01-23
U0898,registered,2024-01-24
U0898,kyc_completed,2024-01-25
U0898,card_activated,2024-01-26
U0899,app_downloaded,2024-05-27
U0899,registered,2024-05-28
U0899,kyc_completed,2024-05-29
U0900,app_downloaded,2024-04-07
U0900,registered,2024-04-08
U0900,kyc_completed,2024-04-09
U0901,app_downloaded,2024-04-18
U0901,registered,2024-04-19
U0901,kyc_completed,2024-04-20
U0901,card_activated,2024-04-21
U0902,app_downloaded,2024-01-18
U0902,registered,2024-01-19
U0902,kyc_completed,2024-01-20
U0902,card_activated,2024-01-21
U0902,first_transaction,2024-01-22
U0903,app_downloaded,2024-10-25
U0903,registered,2024-10-26
U0903,kyc_completed,2024-10-27
U0904,app_downloaded,2024-09-30
U0904,registered,2024-10-01
U0905,app_downloaded,2024-09-27
U0905,registered,2024-09-28
U0905,kyc_completed,2024-09-29
U0905,card_activated,2024-09-30
U0905,first_transaction,2024-10-01
U0906,app_downloaded,2024-04-17
U0906,registered,2024-04-18
U0906,kyc_completed,2024-04-19
U0906,card_activated,2024-04-20
U0907,app_downloaded,2024-08-12
U0907,registered,2024-08-13
U0907,kyc_completed,2024-08-14
U0907,card_activated,2024-08-15
U0907,first_transaction,2024-08-16
U0908,app_downloaded,2024-09-16
U0908,registered,2024-09-17
U0908,kyc_completed,2024-09-18
U0908,card_activated,2024-09-19
U0908,first_transaction,2024-09-20
U0909,app_downloaded,2024-03-11
U0909,registered,2024-03-12
U0909,kyc_completed,2024-03-13
U0909,card_activated,2024-03-14
U0909,first_transaction,2024-03-15
U0910,app_downloaded,2024-07-13
U0910,registered,2024-07-14
U0911,app_downloaded,2024-04-29
U0911,registered,2024-04-30
U0912,app_downloaded,2024-04-09
U0912,registered,2024-04-10
U0912,kyc_completed,2024-04-11
U0913,app_downloaded,2024-08-04
U0913,registered,2024-08-05
U0914,app_downloaded,2024-07-02
U0914,registered,2024-07-03
U0914,kyc_completed,2024-07-04
U0915,app_downloaded,2024-07-28
U0915,registered,2024-07-29
U0915,kyc_completed,2024-07-30
U0915,card_activated,2024-07-31
U0915,first_transaction,2024-08-01
U0916,app_downloaded,2024-09-02
U0916,registered,2024-09-03
U0916,kyc_completed,2024-09-04
U0917,app_downloaded,2024-11-01
U0917,registered,2024-11-02
U0917,kyc_completed,2024-11-03
U0917,card_activated,2024-11-04
U0917,first_transaction,2024-11-05
U0918,app_downloaded,2024-04-12
U0918,registered,2024-04-13
U0918,kyc_completed,2024-04-14
U0919,app_downloaded,2024-08-04
U0920,app_downloaded,2024-11-21
U0920,registered,2024-11-22
U0920,kyc_completed,2024-11-23
U0920,card_activated,2024-11-24
U0921,app_downloaded,2024-03-14
U0921,registered,2024-03-15
U0921,kyc_completed,2024-03-16
U0921,card_activated,2024-03-17
U0921,first_transaction,2024-03-18
U0922,app_downloaded,2024-07-18
U0922,registered,2024-07-19
U0922,kyc_completed,2024-07-20
U0923,app_downloaded,2024-10-18
U0923,registered,2024-10-19
U0923,kyc_completed,2024-10-20
U0924,app_downloaded,2024-02-29
U0924,registered,2024-03-01
U0924,kyc_completed,2024-03-02
U0924,card_activated,2024-03-03
U0924,first_transaction,2024-03-04
U0925,app_downloaded,2024-03-17
U0925,registered,2024-03-18
U0925,kyc_completed,2024-03-19
U0926,app_downloaded,2024-01-06
U0926,registered,2024-01-07
U0926,kyc_completed,2024-01-08
U0927,app_downloaded,2024-11-09
U0927,registered,2024-11-10
U0927,kyc_completed,2024-11-11
U0927,card_activated,2024-11-12
U0928,app_downloaded,2024-04-20
U0928,registered,2024-04-21
U0928,kyc_completed,2024-04-22
U0928,card_activated,2024-04-23
U0928,first_transaction,2024-04-24
U0929,app_downloaded,2024-10-22
U0929,registered,2024-10-23
U0929,kyc_completed,2024-10-24
U0929,card_activated,2024-10-25
U0929,first_transaction,2024-10-26
U0930,app_downloaded,2024-01-22
U0930,registered,2024-01-23
U0930,kyc_completed,2024-01-24
U0930,card_activated,2024-01-25
U0930,first_transaction,2024-01-26
U0931,app_downloaded,2024-01-21
U0931,registered,2024-01-22
U0931,kyc_completed,2024-01-23
U0931,card_activated,2024-01-24
U0932,app_downloaded,2024-07-03
U0932,registered,2024-07-04
U0933,app_downloaded,2024-07-07
U0933,registered,2024-07-08
U0933,kyc_completed,2024-07-09
U0933,card_activated,2024-07-10
U0933,first_transaction,2024-07-11
U0934,app_downloaded,2024-07-08
U0934,registered,2024-07-09
U0934,kyc_completed,2024-07-10
U0934,card_activated,2024-07-11
U0934,first_transaction,2024-07-12
U0935,app_downloaded,2024-05-25
U0935,registered,2024-05-26
U0936,app_downloaded,2024-04-05
U0936,registered,2024-04-06
U0936,kyc_completed,2024-04-07
U0936,card_activated,2024-04-08
U0936,first_transaction,2024-04-09
U0937,app_downloaded,2024-06-04
U0937,registered,2024-06-05
U0937,kyc_completed,2024-06-06
U0937,card_activated,2024-06-07
U0937,first_transaction,2024-06-08
U0938,app_downloaded,2024-05-12
U0938,registered,2024-05-13
U0938,kyc_completed,2024-05-14
U0938,card_activated,2024-05-15
U0938,first_transaction,2024-05-16
U0939,app_downloaded,2024-02-01
U0940,app_downloaded,2024-07-31
U0940,registered,2024-08-01
U0940,kyc_completed,2024-08-02
U0940,card_activated,2024-08-03
U0940,first_transaction,2024-08-04
U0941,app_downloaded,2024-12-10
U0941,registered,2024-12-11
U0941,kyc_completed,2024-12-12
U0941,card_activated,2024-12-13
U0941,first_transaction,2024-12-14
U0942,app_downloaded,2024-03-21
U0942,registered,2024-03-22
U0942,kyc_completed,2024-03-23
U0942,card_activated,2024-03-24
U0943,app_downloaded,2024-01-08
U0943,registered,2024-01-09
U0943,kyc_completed,2024-01-10
U0943,card_activated,2024-01-11
U0943,first_transaction,2024-01-12
U0944,app_downloaded,2024-11-20
U0944,registered,2024-11-21
U0944,kyc_completed,2024-11-22
U0945,app_downloaded,2024-07-30
U0945,registered,2024-07-31
U0945,kyc_completed,2024-08-01
U0946,app_downloaded,2024-01-16
U0946,registered,2024-01-17
U0946,kyc_completed,2024-01-18
U0947,app_downloaded,2024-03-16
U0947,registered,2024-03-17
U0947,kyc_completed,2024-03-18
U0947,card_activated,2024-03-19
U0948,app_downloaded,2024-05-23
U0948,registered,2024-05-24
U0948,kyc_completed,2024-05-25
U0948,card_activated,2024-05-26
U0949,app_downloaded,2024-11-24
U0949,registered,2024-11-25
U0949,kyc_completed,2024-11-26
U0949,card_activated,2024-11-27
U0949,first_transaction,2024-11-28
U0950,app_downloaded,2024-03-26
U0950,registered,2024-03-27
U0950,kyc_completed,2024-03-28
U0950,card_activated,2024-03-29
U0950,first_transaction,2024-03-30
U0951,app_downloaded,2024-06-24
U0951,registered,2024-06-25
U0951,kyc_completed,2024-06-26
U0951,card_activated,2024-06-27
U0952,app_downloaded,2024-07-20
U0952,registered,2024-07-21
U0952,kyc_completed,2024-07-22
U0953,app_downloaded,2024-05-06
U0953,registered,2024-05-07
U0953,kyc_completed,2024-05-08
U0954,app_downloaded,2024-10-29
U0954,registered,2024-10-30
U0954,kyc_completed,2024-10-31
U0955,app_downloaded,2024-06-28
U0955,registered,2024-06-29
U0955,kyc_completed,2024-06-30
U0956,app_downloaded,2024-12-20
U0956,registered,2024-12-21
U0957,app_downloaded,2024-12-16
U0957,registered,2024-12-17
U0957,kyc_completed,2024-12-18
U0957,card_activated,2024-12-19
U0957,first_transaction,2024-12-20
U0958,app_downloaded,2024-08-10
U0958,registered,2024-08-11
U0958,kyc_completed,2024-08-12
U0958,card_activated,2024-08-13
U0959,app_downloaded,2024-04-09
U0959,registered,2024-04-10
U0959,kyc_completed,2024-04-11
U0959,card_activated,2024-04-12
U0959,first_transaction,2024-04-13
U0960,app_downloaded,2024-11-10
U0960,registered,2024-11-11
U0960,kyc_completed,2024-11-12
U0961,app_downloaded,2024-04-01
U0961,registered,2024-04-02
U0962,app_downloaded,2024-02-21
U0962,registered,2024-02-22
U0963,app_downloaded,2024-04-27
U0963,registered,2024-04-28
U0963,kyc_completed,2024-04-29
U0963,card_activated,2024-04-30
U0964,app_downloaded,2024-09-15
U0964,registered,2024-09-16
U0964,kyc_completed,2024-09-17
U0964,card_activated,2024-09-18
U0964,first_transaction,2024-09-19
U0965,app_downloaded,2024-08-15
U0965,registered,2024-08-16
U0965,kyc_completed,2024-08-17
U0966,app_downloaded,2024-12-16
U0966,registered,2024-12-17
U0966,kyc_completed,2024-12-18
U0967,app_downloaded,2024-11-10
U0968,app_downloaded,2024-10-01
U0968,registered,2024-10-02
U0968,kyc_completed,2024-10-03
U0968,card_activated,2024-10-04
U0968,first_transaction,2024-10-05
U0969,app_downloaded,2024-11-18
U0969,registered,2024-11-19
U0969,kyc_completed,2024-11-20
U0969,card_activated,2024-11-21
U0969,first_transaction,2024-11-22
U0970,app_downloaded,2024-07-16
U0970,registered,2024-07-17
U0970,kyc_completed,2024-07-18
U0970,card_activated,2024-07-19
U0971,app_downloaded,2024-05-07
U0972,app_downloaded,2024-08-14
U0972,registered,2024-08-15
U0972,kyc_completed,2024-08-16
U0972,card_activated,2024-08-17
U0972,first_transaction,2024-08-18
U0973,app_downloaded,2024-10-24
U0973,registered,2024-10-25
U0973,kyc_completed,2024-10-26
U0973,card_activated,2024-10-27
U0974,app_downloaded,2024-01-03
U0974,registered,2024-01-04
U0974,kyc_completed,2024-01-05
U0974,card_activated,2024-01-06
U0974,first_transaction,2024-01-07
U0975,app_downloaded,2024-08-14
U0975,registered,2024-08-15
U0975,kyc_completed,2024-08-16
U0975,card_activated,2024-08-17
U0975,first_transaction,2024-08-18
U0976,app_downloaded,2024-06-26
U0976,registered,2024-06-27
U0976,kyc_completed,2024-06-28
U0976,card_activated,2024-06-29
U0977,app_downloaded,2024-05-17
U0977,registered,2024-05-18
U0977,kyc_completed,2024-05-19
U0977,card_activated,2024-05-20
U0977,first_transaction,2024-05-21
U0978,app_downloaded,2024-01-18
U0978,registered,2024-01-19
U0978,kyc_completed,2024-01-20
U0978,card_activated,2024-01-21
U0979,app_downloaded,2024-01-17
U0979,registered,2024-01-18
U0980,app_downloaded,2024-07-19
U0980,registered,2024-07-20
U0980,kyc_completed,2024-07-21
U0980,card_activated,2024-07-22
U0981,app_downloaded,2024-08-03
U0981,registered,2024-08-04
U0982,app_downloaded,2024-07-05
U0982,registered,2024-07-06
U0982,kyc_completed,2024-07-07
U0983,app_downloaded,2024-03-10
U0983,registered,2024-03-11
U0983,kyc_completed,2024-03-12
U0983,card_activated,2024-03-13
U0983,first_transaction,2024-03-14
U0984,app_downloaded,2024-01-26
U0984,registered,2024-01-27
U0985,app_downloaded,2024-01-11
U0985,registered,2024-01-12
U0985,kyc_completed,2024-01-13
U0985,card_activated,2024-01-14
U0985,first_transaction,2024-01-15
U0986,app_downloaded,2024-06-18
U0986,registered,2024-06-19
U0986,kyc_completed,2024-06-20
U0986,card_activated,2024-06-21
U0986,first_transaction,2024-06-22
U0987,app_downloaded,2024-10-19
U0987,registered,2024-10-20
U0987,kyc_completed,2024-10-21
U0988,app_downloaded,2024-02-26
U0988,registered,2024-02-27
U0989,app_downloaded,2024-06-11
U0989,registered,2024-06-12
U0989,kyc_completed,2024-06-13
U0990,app_downloaded,2024-08-17
U0990,registered,2024-08-18
U0990,kyc_completed,2024-08-19
U0990,card_activated,2024-08-20
U0990,first_transaction,2024-08-21
U0991,app_downloaded,2024-03-23
U0992,app_downloaded,2024-07-02
U0992,registered,2024-07-03
U0992,kyc_completed,2024-07-04
U0992,card_activated,2024-07-05
U0992,first_transaction,2024-07-06
U0993,app_downloaded,2024-08-06
U0993,registered,2024-08-07
U0993,kyc_completed,2024-08-08
U0993,card_activated,2024-08-09
U0994,app_downloaded,2024-12-25
U0994,registered,2024-12-26
U0994,kyc_completed,2024-12-27
U0994,card_activated,2024-12-28
U0994,first_transaction,2024-12-29
U0995,app_downloaded,2024-03-17
U0995,registered,2024-03-18
U0995,kyc_completed,2024-03-19
U0995,card_activated,2024-03-20
U0996,app_downloaded,2024-11-12
U0996,registered,2024-11-13
U0996,kyc_completed,2024-11-14
U0997,app_downloaded,2024-07-23
U0997,registered,2024-07-24
U0998,app_downloaded,2024-08-07
U0998,registered,2024-08-08
U0998,kyc_completed,2024-08-09
U0999,app_downloaded,2024-06-12
U0999,registered,2024-06-13
U0999,kyc_completed,2024-06-14
U0999,card_activated,2024-06-15
U1000,app_downloaded,2024-07-02
U1000,registered,2024-07-03
U1000,kyc_completed,2024-07-04
U1000,card_activated,2024-07-05
U1000,first_transaction,2024-07-06
U1001,app_downloaded,2024-07-13
U1002,app_downloaded,2024-01-18
U1002,registered,2024-01-19
U1002,kyc_completed,2024-01-20
U1003,app_downloaded,2024-10-31
U1003,registered,2024-11-01
U1003,kyc_completed,2024-11-02
U1003,card_activated,2024-11-03
U1003,first_transaction,2024-11-04
U1004,app_downloaded,2024-09-21
U1004,registered,2024-09-22
U1004,kyc_completed,2024-09-23
U1004,card_activated,2024-09-24
U1004,first_transaction,2024-09-25
U1005,app_downloaded,2024-08-03
U1005,registered,2024-08-04
U1005,kyc_completed,2024-08-05
U1005,card_activated,2024-08-06
U1006,app_downloaded,2024-11-30
U1007,app_downloaded,2024-01-02
U1007,registered,2024-01-03
U1007,kyc_completed,2024-01-04
U1008,app_downloaded,2024-06-17
U1008,registered,2024-06-18
U1009,app_downloaded,2024-04-26
U1009,registered,2024-04-27
U1009,kyc_completed,2024-04-28
U1009,card_activated,2024-04-29
U1009,first_transaction,2024-04-30
U1010,app_downloaded,2024-11-12
U1010,registered,2024-11-13
U1010,kyc_completed,2024-11-14
U1010,card_activated,2024-11-15
U1010,first_transaction,2024-11-16
U1011,app_downloaded,2024-11-14
U1011,registered,2024-11-15
U1011,kyc_completed,2024-11-16
U1011,card_activated,2024-11-17
U1011,first_transaction,2024-11-18
U1012,app_downloaded,2024-05-22
U1012,registered,2024-05-23
U1012,kyc_completed,2024-05-24
U1013,app_downloaded,2024-06-05
U1013,registered,2024-06-06
U1014,app_downloaded,2024-09-15
U1014,registered,2024-09-16
U1014,kyc_completed,2024-09-17
U1015,app_downloaded,2024-08-24
U1015,registered,2024-08-25
U1015,kyc_completed,2024-08-26
U1015,card_activated,2024-08-27
U1016,app_downloaded,2024-04-29
U1016,registered,2024-04-30
U1017,app_downloaded,2024-07-04
U1017,registered,2024-07-05
U1017,kyc_completed,2024-07-06
U1018,app_downloaded,2024-04-19
U1018,registered,2024-04-20
U1019,app_downloaded,2024-10-20
U1019,registered,2024-10-21
U1019,kyc_completed,2024-10-22
U1020,app_downloaded,2024-10-05
U1020,registered,2024-10-06
U1021,app_downloaded,2024-03-24
U1021,registered,2024-03-25
U1021,kyc_completed,2024-03-26
U1022,app_downloaded,2024-01-06
U1022,registered,2024-01-07
U1022,kyc_completed,2024-01-08
U1022,card_activated,2024-01-09
U1023,app_downloaded,2024-07-19
U1024,app_downloaded,2024-10-10
U1024,registered,2024-10-11
U1024,kyc_completed,2024-10-12
U1024,card_activated,2024-10-13
U1024,first_transaction,2024-10-14
U1025,app_downloaded,2024-09-14
U1025,registered,2024-09-15
U1025,kyc_completed,2024-09-16
U1026,app_downloaded,2024-05-18
U1026,registered,2024-05-19
U1026,kyc_completed,2024-05-20
U1027,app_downloaded,2024-10-27
U1027,registered,2024-10-28
U1027,kyc_completed,2024-10-29
U1027,card_activated,2024-10-30
U1028,app_downloaded,2024-08-15
U1028,registered,2024-08-16
U1028,kyc_completed,2024-08-17
U1028,card_activated,2024-08-18
U1028,first_transaction,2024-08-19
U1029,app_downloaded,2024-09-20
U1029,registered,2024-09-21
U1030,app_downloaded,2024-10-24
U1030,registered,2024-10-25
U1030,kyc_completed,2024-10-26
U1030,card_activated,2024-10-27
U1030,first_transaction,2024-10-28
U1031,app_downloaded,2024-11-17
U1031,registered,2024-11-18
U1031,kyc_completed,2024-11-19
U1032,app_downloaded,2024-07-25
U1032,registered,2024-07-26
U1033,app_downloaded,2024-11-19
U1033,registered,2024-11-20
U1033,kyc_completed,2024-11-21
U1033,card_activated,2024-11-22
U1034,app_downloaded,2024-09-25
U1034,registered,2024-09-26
U1034,kyc_completed,2024-09-27
U1035,app_downloaded,2024-12-18
U1035,registered,2024-12-19
U1035,kyc_completed,2024-12-20
U1036,app_downloaded,2024-04-19
U1036,registered,2024-04-20
U1036,kyc_completed,2024-04-21
U1037,app_downloaded,2024-01-28
U1037,registered,2024-01-29
U1037,kyc_completed,2024-01-30
U1038,app_downloaded,2024-12-29
U1039,app_downloaded,2024-05-03
U1039,registered,2024-05-04
U1039,kyc_completed,2024-05-05
U1039,card_activated,2024-05-06
U1040,app_downloaded,2024-03-16
U1040,registered,2024-03-17
U1040,kyc_completed,2024-03-18
U1040,card_activated,2024-03-19
U1041,app_downloaded,2024-02-18
U1041,registered,2024-02-19
U1041,kyc_completed,2024-02-20
U1041,card_activated,2024-02-21
U1042,app_downloaded,2024-01-28
U1042,registered,2024-01-29
U1042,kyc_completed,2024-01-30
U1042,card_activated,2024-01-31
U1043,app_downloaded,2024-04-10
U1043,registered,2024-04-11
U1043,kyc_completed,2024-04-12
U1044,app_downloaded,2024-03-29
U1044,registered,2024-03-30
U1045,app_downloaded,2024-01-16
U1045,registered,2024-01-17
U1045,kyc_completed,2024-01-18
U1045,card_activated,2024-01-19
U1045,first_transaction,2024-01-20
U1046,app_downloaded,2024-06-21
U1046,registered,2024-06-22
U1047,app_downloaded,2024-03-21
U1048,app_downloaded,2024-12-25
U1048,registered,2024-12-26
U1048,kyc_completed,2024-12-27
U1048,card_activated,2024-12-28
U1048,first_transaction,2024-12-29
U1049,app_downloaded,2024-02-07
U1049,registered,2024-02-08
U1049,kyc_completed,2024-02-09
U1049,card_activated,2024-02-10
U1049,first_transaction,2024-02-11
U1050,app_downloaded,2024-11-04
U1050,registered,2024-11-05
U1050,kyc_completed,2024-11-06
U1051,app_downloaded,2024-08-07
U1051,registered,2024-08-08
U1051,kyc_completed,2024-08-09
U1052,app_downloaded,2024-09-25
U1053,app_downloaded,2024-09-13
U1053,registered,2024-09-14
U1053,kyc_completed,2024-09-15
U1053,card_activated,2024-09-16
U1053,first_transaction,2024-09-17
U1054,app_downloaded,2024-05-25
U1054,registered,2024-05-26
U1054,kyc_completed,2024-05-27
U1054,card_activated,2024-05-28
U1054,first_transaction,2024-05-29
U1055,app_downloaded,2024-04-08
U1055,registered,2024-04-09
U1055,kyc_completed,2024-04-10
U1056,app_downloaded,2024-03-29
U1056,registered,2024-03-30
U1056,kyc_completed,2024-03-31
U1056,card_activated,2024-04-01
U1056,first_transaction,2024-04-02
U1057,app_downloaded,2024-05-02
U1057,registered,2024-05-03
U1057,kyc_completed,2024-05-04
U1058,app_downloaded,2024-02-23
U1058,registered,2024-02-24
U1058,kyc_completed,2024-02-25
U1058,card_activated,2024-02-26
U1058,first_transaction,2024-02-27
U1059,app_downloaded,2024-11-18
U1059,registered,2024-11-19
U1059,kyc_completed,2024-11-20
U1059,card_activated,2024-11-21
U1059,first_transaction,2024-11-22
U1060,app_downloaded,2024-03-09
U1060,registered,2024-03-10
U1060,kyc_completed,2024-03-11
U1060,card_activated,2024-03-12
U1060,first_transaction,2024-03-13
U1061,app_downloaded,2024-08-07
U1061,registered,2024-08-08
U1061,kyc_completed,2024-08-09
U1061,card_activated,2024-08-10
U1061,first_transaction,2024-08-11
U1062,app_downloaded,2024-08-08
U1062,registered,2024-08-09
U1063,app_downloaded,2024-02-16
U1063,registered,2024-02-17
U1063,kyc_completed,2024-02-18
U1063,card_activated,2024-02-19
U1063,first_transaction,2024-02-20
U1064,app_downloaded,2024-12-20
U1064,registered,2024-12-21
U1064,kyc_completed,2024-12-22
U1064,card_activated,2024-12-23
U1065,app_downloaded,2024-12-22
U1065,registered,2024-12-23
U1066,app_downloaded,2024-04-10
U1066,registered,2024-04-11
U1066,kyc_completed,2024-04-12
U1067,app_downloaded,2024-11-10
U1067,registered,2024-11-11
U1067,kyc_completed,2024-11-12
U1068,app_downloaded,2024-04-07
U1068,registered,2024-04-08
U1068,kyc_completed,2024-04-09
U1068,card_activated,2024-04-10
U1069,app_downloaded,2024-07-22
U1069,registered,2024-07-23
U1069,kyc_completed,2024-07-24
U1069,card_activated,2024-07-25
U1070,app_downloaded,2024-08-30
U1070,registered,2024-08-31
U1071,app_downloaded,2024-12-30
U1071,registered,2024-12-31
U1071,kyc_completed,2025-01-01
U1072,app_downloaded,2024-10-29
U1072,registered,2024-10-30
U1072,kyc_completed,2024-10-31
U1072,card_activated,2024-11-01
U1072,first_transaction,2024-11-02
U1073,app_downloaded,2024-03-16
U1073,registered,2024-03-17
U1073,kyc_completed,2024-03-18
U1074,app_downloaded,2024-03-11
U1074,registered,2024-03-12
U1074,kyc_completed,2024-03-13
U1075,app_downloaded,2024-07-04
U1075,registered,2024-07-05
U1075,kyc_completed,2024-07-06
U1075,card_activated,2024-07-07
U1075,first_transaction,2024-07-08
U1076,app_downloaded,2024-12-26
U1076,registered,2024-12-27
U1076,kyc_completed,2024-12-28
U1076,card_activated,2024-12-29
U1077,app_downloaded,2024-02-18
U1077,registered,2024-02-19
U1077,kyc_completed,2024-02-20
U1077,card_activated,2024-02-21
U1077,first_transaction,2024-02-22
U1078,app_downloaded,2024-09-26
U1078,registered,2024-09-27
U1078,kyc_completed,2024-09-28
U1078,card_activated,2024-09-29
U1078,first_transaction,2024-09-30
U1079,app_downloaded,2024-06-11
U1079,registered,2024-06-12
U1079,kyc_completed,2024-06-13
U1079,card_activated,2024-06-14
U1080,app_downloaded,2024-04-02
U1080,registered,2024-04-03
U1081,app_downloaded,2024-01-02
U1081,registered,2024-01-03
U1081,kyc_completed,2024-01-04
U1081,card_activated,2024-01-05
U1082,app_downloaded,2024-08-03
U1082,registered,2024-08-04
U1082,kyc_completed,2024-08-05
U1083,app_downloaded,2024-06-20
U1083,registered,2024-06-21
U1083,kyc_completed,2024-06-22
U1083,card_activated,2024-06-23
U1083,first_transaction,2024-06-24
U1084,app_downloaded,2024-07-07
U1084,registered,2024-07-08
U1084,kyc_completed,2024-07-09
U1084,card_activated,2024-07-10
U1084,first_transaction,2024-07-11
U1085,app_downloaded,2024-02-03
U1085,registered,2024-02-04
U1085,kyc_completed,2024-02-05
U1085,card_activated,2024-02-06
U1085,first_transaction,2024-02-07
U1086,app_downloaded,2024-02-22
U1086,registered,2024-02-23
U1086,kyc_completed,2024-02-24
U1086,card_activated,2024-02-25
U1087,app_downloaded,2024-05-29
U1087,registered,2024-05-30
U1087,kyc_completed,2024-05-31
U1087,card_activated,2024-06-01
U1087,first_transaction,2024-06-02
U1088,app_downloaded,2024-11-13
U1088,registered,2024-11-14
U1089,app_downloaded,2024-09-16
U1089,registered,2024-09-17
U1089,kyc_completed,2024-09-18
U1089,card_activated,2024-09-19
U1090,app_downloaded,2024-10-17
U1090,registered,2024-10-18
U1090,kyc_completed,2024-10-19
U1090,card_activated,2024-10-20
U1090,first_transaction,2024-10-21
U1091,app_downloaded,2024-06-24
U1091,registered,2024-06-25
U1092,app_downloaded,2024-09-13
U1092,registered,2024-09-14
U1092,kyc_completed,2024-09-15
U1093,app_downloaded,2024-04-04
U1093,registered,2024-04-05
U1093,kyc_completed,2024-04-06
U1093,card_activated,2024-04-07
U1094,app_downloaded,2024-11-15
U1094,registered,2024-11-16
U1094,kyc_completed,2024-11-17
U1094,card_activated,2024-11-18
U1094,first_transaction,2024-11-19
U1095,app_downloaded,2024-11-12
U1095,registered,2024-11-13
U1095,kyc_completed,2024-11-14
U1095,card_activated,2024-11-15
U1095,first_transaction,2024-11-16
U1096,app_downloaded,2024-01-30
U1096,registered,2024-01-31
U1096,kyc_completed,2024-02-01
U1096,card_activated,2024-02-02
U1097,app_downloaded,2024-05-13
U1097,registered,2024-05-14
U1097,kyc_completed,2024-05-15
U1097,card_activated,2024-05-16
U1097,first_transaction,2024-05-17
U1098,app_downloaded,2024-07-15
U1098,registered,2024-07-16
U1098,kyc_completed,2024-07-17
U1099,app_downloaded,2024-04-22
U1099,registered,2024-04-23
U1099,kyc_completed,2024-04-24
U1099,card_activated,2024-04-25
U1099,first_transaction,2024-04-26
U1100,app_downloaded,2024-08-20
U1100,registered,2024-08-21
U1100,kyc_completed,2024-08-22
U1101,app_downloaded,2024-08-20
U1101,registered,2024-08-21
U1101,kyc_completed,2024-08-22
U1101,card_activated,2024-08-23
U1101,first_transaction,2024-08-24
U1102,app_downloaded,2024-08-15
U1102,registered,2024-08-16
U1102,kyc_completed,2024-08-17
U1103,app_downloaded,2024-08-06
U1103,registered,2024-08-07
U1103,kyc_completed,2024-08-08
U1103,card_activated,2024-08-09
U1103,first_transaction,2024-08-10
U1104,app_downloaded,2024-08-11
U1104,registered,2024-08-12
U1105,app_downloaded,2024-06-02
U1105,registered,2024-06-03
U1105,kyc_completed,2024-06-04
U1105,card_activated,2024-06-05
U1105,first_transaction,2024-06-06
U1106,app_downloaded,2024-07-23
U1106,registered,2024-07-24
U1106,kyc_completed,2024-07-25
U1106,card_activated,2024-07-26
U1106,first_transaction,2024-07-27
U1107,app_downloaded,2024-02-28
U1107,registered,2024-02-29
U1107,kyc_completed,2024-03-01
U1108,app_downloaded,2024-05-21
U1108,registered,2024-05-22
U1108,kyc_completed,2024-05-23
U1108,card_activated,2024-05-24
U1109,app_downloaded,2024-12-13
U1109,registered,2024-12-14
U1109,kyc_completed,2024-12-15
U1110,app_downloaded,2024-10-20
U1111,app_downloaded,2024-07-06
U1111,registered,2024-07-07
U1112,app_downloaded,2024-05-15
U1112,registered,2024-05-16
U1112,kyc_completed,2024-05-17
U1113,app_downloaded,2024-11-01
U1114,app_downloaded,2024-10-09
U1114,registered,2024-10-10
U1115,app_downloaded,2024-09-22
U1115,registered,2024-09-23
U1115,kyc_completed,2024-09-24
U1115,card_activated,2024-09-25
U1115,first_transaction,2024-09-26
U1116,app_downloaded,2024-01-18
U1116,registered,2024-01-19
U1116,kyc_completed,2024-01-20
U1116,card_activated,2024-01-21
U1116,first_transaction,2024-01-22
U1117,app_downloaded,2024-09-02
U1117,registered,2024-09-03
U1118,app_downloaded,2024-09-24
U1118,registered,2024-09-25
U1118,kyc_completed,2024-09-26
U1118,card_activated,2024-09-27
U1119,app_downloaded,2024-09-14
U1120,app_downloaded,2024-04-28
U1120,registered,2024-04-29
U1120,kyc_completed,2024-04-30
U1120,card_activated,2024-05-01
U1120,first_transaction,2024-05-02
U1121,app_downloaded,2024-11-24
U1121,registered,2024-11-25
U1121,kyc_completed,2024-11-26
U1122,app_downloaded,2024-01-09
U1122,registered,2024-01-10
U1122,kyc_completed,2024-01-11
U1122,card_activated,2024-01-12
U1123,app_downloaded,2024-09-25
U1123,registered,2024-09-26
U1123,kyc_completed,2024-09-27
U1123,card_activated,2024-09-28
U1123,first_transaction,2024-09-29
U1124,app_downloaded,2024-06-17
U1124,registered,2024-06-18
U1124,kyc_completed,2024-06-19
U1125,app_downloaded,2024-02-19
U1125,registered,2024-02-20
U1125,kyc_completed,2024-02-21
U1125,card_activated,2024-02-22
U1126,app_downloaded,2024-12-21
U1126,registered,2024-12-22
U1126,kyc_completed,2024-12-23
U1126,card_activated,2024-12-24
U1126,first_transaction,2024-12-25
U1127,app_downloaded,2024-01-24
U1127,registered,2024-01-25
U1127,kyc_completed,2024-01-26
U1128,app_downloaded,2024-05-03
U1128,registered,2024-05-04
U1128,kyc_completed,2024-05-05
U1128,card_activated,2024-05-06
U1128,first_transaction,2024-05-07
U1129,app_downloaded,2024-01-23
U1129,registered,2024-01-24
U1129,kyc_completed,2024-01-25
U1130,app_downloaded,2024-09-08
U1130,registered,2024-09-09
U1130,kyc_completed,2024-09-10
U1130,card_activated,2024-09-11
U1131,app_downloaded,2024-11-04
U1131,registered,2024-11-05
U1131,kyc_completed,2024-11-06
U1131,card_activated,2024-11-07
U1131,first_transaction,2024-11-08
U1132,app_downloaded,2024-08-06
U1132,registered,2024-08-07
U1132,kyc_completed,2024-08-08
U1133,app_downloaded,2024-06-25
U1133,registered,2024-06-26
U1133,kyc_completed,2024-06-27
U1133,card_activated,2024-06-28
U1133,first_transaction,2024-06-29
U1134,app_downloaded,2024-08-28
U1134,registered,2024-08-29
U1134,kyc_completed,2024-08-30
U1134,card_activated,2024-08-31
U1135,app_downloaded,2024-03-06
U1135,registered,2024-03-07
U1136,app_downloaded,2024-03-17
U1136,registered,2024-03-18
U1136,kyc_completed,2024-03-19
U1136,card_activated,2024-03-20
U1136,first_transaction,2024-03-21
U1137,app_downloaded,2024-07-29
U1137,registered,2024-07-30
U1137,kyc_completed,2024-07-31
U1137,card_activated,2024-08-01
U1138,app_downloaded,2024-03-29
U1138,registered,2024-03-30
U1138,kyc_completed,2024-03-31
U1138,card_activated,2024-04-01
U1138,first_transaction,2024-04-02
U1139,app_downloaded,2024-05-16
U1139,registered,2024-05-17
U1139,kyc_completed,2024-05-18
U1139,card_activated,2024-05-19
U1140,app_downloaded,2024-10-27
U1140,registered,2024-10-28
U1140,kyc_completed,2024-10-29
U1140,card_activated,2024-10-30
U1141,app_downloaded,2024-12-11
U1141,registered,2024-12-12
U1141,kyc_completed,2024-12-13
U1142,app_downloaded,2024-07-07
U1142,registered,2024-07-08
U1142,kyc_completed,2024-07-09
U1142,card_activated,2024-07-10
U1143,app_downloaded,2024-11-08
U1143,registered,2024-11-09
U1143,kyc_completed,2024-11-10
U1143,card_activated,2024-11-11
U1143,first_transaction,2024-11-12
U1144,app_downloaded,2024-05-26
U1144,registered,2024-05-27
U1144,kyc_completed,2024-05-28
U1144,card_activated,2024-05-29
U1144,first_transaction,2024-05-30
U1145,app_downloaded,2024-12-18
U1145,registered,2024-12-19
U1145,kyc_completed,2024-12-20
U1145,card_activated,2024-12-21
U1145,first_transaction,2024-12-22
U1146,app_downloaded,2024-08-08
U1146,registered,2024-08-09
U1146,kyc_completed,2024-08-10
U1146,card_activated,2024-08-11
U1147,app_downloaded,2024-08-20
U1147,registered,2024-08-21
U1147,kyc_completed,2024-08-22
U1147,card_activated,2024-08-23
U1147,first_transaction,2024-08-24
U1148,app_downloaded,2024-10-31
U1148,registered,2024-11-01
U1148,kyc_completed,2024-11-02
U1148,card_activated,2024-11-03
U1148,first_transaction,2024-11-04
U1149,app_downloaded,2024-02-15
U1149,registered,2024-02-16
U1149,kyc_completed,2024-02-17
U1149,card_activated,2024-02-18
U1150,app_downloaded,2024-05-09
U1150,registered,2024-05-10
U1150,kyc_completed,2024-05-11
U1150,card_activated,2024-05-12
U1150,first_transaction,2024-05-13
U1151,app_downloaded,2024-09-27
U1151,registered,2024-09-28
U1151,kyc_completed,2024-09-29
U1151,card_activated,2024-09-30
U1152,app_downloaded,2024-10-20
U1152,registered,2024-10-21
U1152,kyc_completed,2024-10-22
U1152,card_activated,2024-10-23
U1153,app_downloaded,2024-03-28
U1153,registered,2024-03-29
U1153,kyc_completed,2024-03-30
U1154,app_downloaded,2024-10-11
U1154,registered,2024-10-12
U1154,kyc_completed,2024-10-13
U1154,card_activated,2024-10-14
U1154,first_transaction,2024-10-15
U1155,app_downloaded,2024-03-26
U1155,registered,2024-03-27
U1155,kyc_completed,2024-03-28
U1155,card_activated,2024-03-29
U1155,first_transaction,2024-03-30
U1156,app_downloaded,2024-02-29
U1156,registered,2024-03-01
U1156,kyc_completed,2024-03-02
U1156,card_activated,2024-03-03
U1156,first_transaction,2024-03-04
U1157,app_downloaded,2024-06-23
U1157,registered,2024-06-24
U1157,kyc_completed,2024-06-25
U1157,card_activated,2024-06-26
U1158,app_downloaded,2024-11-09
U1158,registered,2024-11-10
U1158,kyc_completed,2024-11-11
U1158,card_activated,2024-11-12
U1158,first_transaction,2024-11-13
U1159,app_downloaded,2024-01-31
U1159,registered,2024-02-01
U1159,kyc_completed,2024-02-02
U1159,card_activated,2024-02-03
U1159,first_transaction,2024-02-04
U1160,app_downloaded,2024-02-02
U1160,registered,2024-02-03
U1160,kyc_completed,2024-02-04
U1161,app_downloaded,2024-11-25
U1161,registered,2024-11-26
U1161,kyc_completed,2024-11-27
U1161,card_activated,2024-11-28
U1162,app_downloaded,2024-08-15
U1162,registered,2024-08-16
U1162,kyc_completed,2024-08-17
U1162,card_activated,2024-08-18
U1163,app_downloaded,2024-02-10
U1164,app_downloaded,2024-09-08
U1164,registered,2024-09-09
U1164,kyc_completed,2024-09-10
U1164,card_activated,2024-09-11
U1164,first_transaction,2024-09-12
U1165,app_downloaded,2024-04-12
U1165,registered,2024-04-13
U1165,kyc_completed,2024-04-14
U1165,card_activated,2024-04-15
U1165,first_transaction,2024-04-16
U1166,app_downloaded,2024-08-30
U1166,registered,2024-08-31
U1167,app_downloaded,2024-03-13
U1167,registered,2024-03-14
U1167,kyc_completed,2024-03-15
U1167,card_activated,2024-03-16
U1167,first_transaction,2024-03-17
U1168,app_downloaded,2024-10-07
U1169,app_downloaded,2024-02-10
U1169,registered,2024-02-11
U1169,kyc_completed,2024-02-12
U1170,app_downloaded,2024-01-06
U1170,registered,2024-01-07
U1170,kyc_completed,2024-01-08
U1170,card_activated,2024-01-09
U1170,first_transaction,2024-01-10
U1171,app_downloaded,2024-09-23
U1171,registered,2024-09-24
U1171,kyc_completed,2024-09-25
U1171,card_activated,2024-09-26
U1171,first_transaction,2024-09-27
U1172,app_downloaded,2024-04-04
U1173,app_downloaded,2024-05-22
U1173,registered,2024-05-23
U1173,kyc_completed,2024-05-24
U1174,app_downloaded,2024-09-23
U1174,registered,2024-09-24
U1174,kyc_completed,2024-09-25
U1174,card_activated,2024-09-26
U1175,app_downloaded,2024-02-21
U1175,registered,2024-02-22
U1175,kyc_completed,2024-02-23
U1175,card_activated,2024-02-24
U1176,app_downloaded,2024-07-23
U1176,registered,2024-07-24
U1177,app_downloaded,2024-10-30
U1177,registered,2024-10-31
U1177,kyc_completed,2024-11-01
U1178,app_downloaded,2024-04-10
U1178,registered,2024-04-11
U1178,kyc_completed,2024-04-12
U1178,card_activated,2024-04-13
U1179,app_downloaded,2024-05-10
U1179,registered,2024-05-11
U1179,kyc_completed,2024-05-12
U1179,card_activated,2024-05-13
U1179,first_transaction,2024-05-14
U1180,app_downloaded,2024-12-13
U1181,app_downloaded,2024-07-13
U1181,registered,2024-07-14
U1181,kyc_completed,2024-07-15
U1181,card_activated,2024-07-16
U1182,app_downloaded,2024-12-29
U1182,registered,2024-12-30
U1182,kyc_completed,2024-12-31
U1183,app_downloaded,2024-09-16
U1183,registered,2024-09-17
U1184,app_downloaded,2024-05-25
U1184,registered,2024-05-26
U1184,kyc_completed,2024-05-27
U1184,card_activated,2024-05-28
U1184,first_transaction,2024-05-29
U1185,app_downloaded,2024-01-09
U1185,registered,2024-01-10
U1185,kyc_completed,2024-01-11
U1186,app_downloaded,2024-12-20
U1186,registered,2024-12-21
U1186,kyc_completed,2024-12-22
U1186,card_activated,2024-12-23
U1186,first_transaction,2024-12-24
U1187,app_downloaded,2024-06-24
U1187,registered,2024-06-25
U1187,kyc_completed,2024-06-26
U1188,app_downloaded,2024-11-14
U1188,registered,2024-11-15
U1188,kyc_completed,2024-11-16
U1189,app_downloaded,2024-11-10
U1189,registered,2024-11-11
U1189,kyc_completed,2024-11-12
U1189,card_activated,2024-11-13
U1189,first_transaction,2024-11-14
U1190,app_downloaded,2024-09-23
U1190,registered,2024-09-24
U1190,kyc_completed,2024-09-25
U1190,card_activated,2024-09-26
U1191,app_downloaded,2024-03-03
U1191,registered,2024-03-04
U1191,kyc_completed,2024-03-05
U1191,card_activated,2024-03-06
U1192,app_downloaded,2024-03-14
U1193,app_downloaded,2024-04-01
U1193,registered,2024-04-02
U1193,kyc_completed,2024-04-03
U1194,app_downloaded,2024-11-30
U1194,registered,2024-12-01
U1194,kyc_completed,2024-12-02
U1194,card_activated,2024-12-03
U1194,first_transaction,2024-12-04
U1195,app_downloaded,2024-08-22
U1195,registered,2024-08-23
U1195,kyc_completed,2024-08-24
U1196,app_downloaded,2024-05-11
U1196,registered,2024-05-12
U1196,kyc_completed,2024-05-13
U1196,card_activated,2024-05-14
U1197,app_downloaded,2024-06-26
U1197,registered,2024-06-27
U1197,kyc_completed,2024-06-28
U1197,card_activated,2024-06-29
U1197,first_transaction,2024-06-30
U1198,app_downloaded,2024-10-03
U1198,registered,2024-10-04
U1198,kyc_completed,2024-10-05
U1198,card_activated,2024-10-06
U1199,app_downloaded,2024-05-04
U1200,app_downloaded,2024-11-04
U1200,registered,2024-11-05
U1200,kyc_completed,2024-11-06
U1201,app_downloaded,2024-09-22
U1201,registered,2024-09-23
U1201,kyc_completed,2024-09-24
U1201,card_activated,2024-09-25
U1201,first_transaction,2024-09-26
U1202,app_downloaded,2024-03-26
U1202,registered,2024-03-27
U1202,kyc_completed,2024-03-28
U1203,app_downloaded,2024-07-25
U1203,registered,2024-07-26
U1204,app_downloaded,2024-06-07
U1205,app_downloaded,2024-12-22
U1205,registered,2024-12-23
U1206,app_downloaded,2024-09-20
U1206,registered,2024-09-21
U1206,kyc_completed,2024-09-22
U1207,app_downloaded,2024-01-16
U1207,registered,2024-01-17
U1207,kyc_completed,2024-01-18
U1207,card_activated,2024-01-19
U1208,app_downloaded,2024-11-27
U1208,registered,2024-11-28
U1208,kyc_completed,2024-11-29
U1208,card_activated,2024-11-30
U1209,app_downloaded,2024-05-20
U1209,registered,2024-05-21
U1210,app_downloaded,2024-04-13
U1210,registered,2024-04-14
U1210,kyc_completed,2024-04-15
U1210,card_activated,2024-04-16
U1211,app_downloaded,2024-08-23
U1211,registered,2024-08-24
U1211,kyc_completed,2024-08-25
U1212,app_downloaded,2024-09-21
U1212,registered,2024-09-22
U1212,kyc_completed,2024-09-23
U1212,card_activated,2024-09-24
U1212,first_transaction,2024-09-25
U1213,app_downloaded,2024-11-10
U1213,registered,2024-11-11
U1213,kyc_completed,2024-11-12
U1213,card_activated,2024-11-13
U1213,first_transaction,2024-11-14
U1214,app_downloaded,2024-08-23
U1214,registered,2024-08-24
U1215,app_downloaded,2024-04-19
U1215,registered,2024-04-20
U1215,kyc_completed,2024-04-21
U1215,card_activated,2024-04-22
U1215,first_transaction,2024-04-23
U1216,app_downloaded,2024-12-13
U1216,registered,2024-12-14
U1216,kyc_completed,2024-12-15
U1216,card_activated,2024-12-16
U1217,app_downloaded,2024-11-09
U1217,registered,2024-11-10
U1218,app_downloaded,2024-03-22
U1218,registered,2024-03-23
U1218,kyc_completed,2024-03-24
U1218,card_activated,2024-03-25
U1219,app_downloaded,2024-04-29
U1219,registered,2024-04-30
U1219,kyc_completed,2024-05-01
U1219,card_activated,2024-05-02
U1219,first_transaction,2024-05-03
U1220,app_downloaded,2024-01-08
U1220,registered,2024-01-09
U1220,kyc_completed,2024-01-10
U1220,card_activated,2024-01-11
U1220,first_transaction,2024-01-12
U1221,app_downloaded,2024-10-22
U1221,registered,2024-10-23
U1221,kyc_completed,2024-10-24
U1221,card_activated,2024-10-25
U1222,app_downloaded,2024-05-22
U1223,app_downloaded,2024-08-21
U1223,registered,2024-08-22
U1223,kyc_completed,2024-08-23
U1223,card_activated,2024-08-24
U1224,app_downloaded,2024-02-25
U1224,registered,2024-02-26
U1224,kyc_completed,2024-02-27
U1225,app_downloaded,2024-06-04
U1225,registered,2024-06-05
U1225,kyc_completed,2024-06-06
U1225,card_activated,2024-06-07
U1225,first_transaction,2024-06-08
U1226,app_downloaded,2024-12-21
U1226,registered,2024-12-22
U1226,kyc_completed,2024-12-23
U1226,card_activated,2024-12-24
U1226,first_transaction,2024-12-25
U1227,app_downloaded,2024-05-21
U1227,registered,2024-05-22
U1227,kyc_completed,2024-05-23
U1227,card_activated,2024-05-24
U1228,app_downloaded,2024-02-20
U1228,registered,2024-02-21
U1228,kyc_completed,2024-02-22
U1228,card_activated,2024-02-23
U1229,app_downloaded,2024-12-02
U1229,registered,2024-12-03
U1229,kyc_completed,2024-12-04
U1229,card_activated,2024-12-05
U1230,app_downloaded,2024-01-12
U1231,app_downloaded,2024-10-26
U1231,registered,2024-10-27
U1232,app_downloaded,2024-11-27
U1232,registered,2024-11-28
U1233,app_downloaded,2024-03-02
U1233,registered,2024-03-03
U1234,app_downloaded,2024-09-16
U1234,registered,2024-09-17
U1235,app_downloaded,2024-08-17
U1235,registered,2024-08-18
U1236,app_downloaded,2024-05-24
U1236,registered,2024-05-25
U1236,kyc_completed,2024-05-26
U1236,card_activated,2024-05-27
U1237,app_downloaded,2024-07-08
U1237,registered,2024-07-09
U1237,kyc_completed,2024-07-10
U1237,card_activated,2024-07-11
U1237,first_transaction,2024-07-12
U1238,app_downloaded,2024-01-23
U1238,registered,2024-01-24
U1238,kyc_completed,2024-01-25
U1238,card_activated,2024-01-26
U1238,first_transaction,2024-01-27
U1239,app_downloaded,2024-07-14
U1239,registered,2024-07-15
U1239,kyc_completed,2024-07-16
U1239,card_activated,2024-07-17
U1239,first_transaction,2024-07-18
U1240,app_downloaded,2024-12-02
U1240,registered,2024-12-03
U1240,kyc_completed,2024-12-04
U1240,card_activated,2024-12-05
U1241,app_downloaded,2024-04-16
U1241,registered,2024-04-17
U1241,kyc_completed,2024-04-18
U1242,app_downloaded,2024-01-07
U1243,app_downloaded,2024-05-25
U1243,registered,2024-05-26
U1243,kyc_completed,2024-05-27
U1243,card_activated,2024-05-28
U1244,app_downloaded,2024-11-05
U1244,registered,2024-11-06
U1244,kyc_completed,2024-11-07
U1244,card_activated,2024-11-08
U1244,first_transaction,2024-11-09
U1245,app_downloaded,2024-08-29
U1245,registered,2024-08-30
U1245,kyc_completed,2024-08-31
U1246,app_downloaded,2024-02-01
U1246,registered,2024-02-02
U1247,app_downloaded,2024-02-12
U1247,registered,2024-02-13
U1248,app_downloaded,2024-11-08
U1248,registered,2024-11-09
U1248,kyc_completed,2024-11-10
U1248,card_activated,2024-11-11
U1249,app_downloaded,2024-09-10
U1249,registered,2024-09-11
U1250,app_downloaded,2024-02-05
U1250,registered,2024-02-06
U1251,app_downloaded,2024-11-19
U1251,registered,2024-11-20
U1251,kyc_completed,2024-11-21
U1252,app_downloaded,2024-03-25
U1252,registered,2024-03-26
U1252,kyc_completed,2024-03-27
U1252,card_activated,2024-03-28
U1252,first_transaction,2024-03-29
U1253,app_downloaded,2024-09-07
U1253,registered,2024-09-08
U1253,kyc_completed,2024-09-09
U1253,card_activated,2024-09-10
U1253,first_transaction,2024-09-11
U1254,app_downloaded,2024-07-30
U1254,registered,2024-07-31
U1254,kyc_completed,2024-08-01
U1255,app_downloaded,2024-02-13
U1255,registered,2024-02-14
U1255,kyc_completed,2024-02-15
U1255,card_activated,2024-02-16
U1256,app_downloaded,2024-11-20
U1256,registered,2024-11-21
U1257,app_downloaded,2024-12-10
U1257,registered,2024-12-11
U1257,kyc_completed,2024-12-12
U1258,app_downloaded,2024-12-22
U1258,registered,2024-12-23
U1258,kyc_completed,2024-12-24
U1258,card_activated,2024-12-25
U1258,first_transaction,2024-12-26
U1259,app_downloaded,2024-10-23
U1259,registered,2024-10-24
U1259,kyc_completed,2024-10-25
U1259,card_activated,2024-10-26
U1260,app_downloaded,2024-07-15
U1260,registered,2024-07-16
U1260,kyc_completed,2024-07-17
U1260,card_activated,2024-07-18
U1261,app_downloaded,2024-03-19
U1261,registered,2024-03-20
U1261,kyc_completed,2024-03-21
U1261,card_activated,2024-03-22
U1261,first_transaction,2024-03-23
U1262,app_downloaded,2024-03-15
U1262,registered,2024-03-16
U1262,kyc_completed,2024-03-17
U1262,card_activated,2024-03-18
U1262,first_transaction,2024-03-19
U1263,app_downloaded,2024-04-08
U1263,registered,2024-04-09
U1263,kyc_completed,2024-04-10
U1264,app_downloaded,2024-10-28
U1264,registered,2024-10-29
U1264,kyc_completed,2024-10-30
U1264,card_activated,2024-10-31
U1264,first_transaction,2024-11-01
U1265,app_downloaded,2024-06-24
U1265,registered,2024-06-25
U1265,kyc_completed,2024-06-26
U1265,card_activated,2024-06-27
U1266,app_downloaded,2024-10-19
U1266,registered,2024-10-20
U1267,app_downloaded,2024-02-25
U1267,registered,2024-02-26
U1267,kyc_completed,2024-02-27
U1268,app_downloaded,2024-05-10
U1268,registered,2024-05-11
U1268,kyc_completed,2024-05-12
U1268,card_activated,2024-05-13
U1268,first_transaction,2024-05-14
U1269,app_downloaded,2024-11-29
U1269,registered,2024-11-30
U1269,kyc_completed,2024-12-01
U1269,card_activated,2024-12-02
U1270,app_downloaded,2024-08-19
U1270,registered,2024-08-20
U1270,kyc_completed,2024-08-21
U1270,card_activated,2024-08-22
U1271,app_downloaded,2024-06-05
U1271,registered,2024-06-06
U1271,kyc_completed,2024-06-07
U1271,card_activated,2024-06-08
U1272,app_downloaded,2024-03-21
U1272,registered,2024-03-22
U1272,kyc_completed,2024-03-23
U1272,card_activated,2024-03-24
U1273,app_downloaded,2024-07-11
U1273,registered,2024-07-12
U1274,app_downloaded,2024-02-21
U1274,registered,2024-02-22
U1275,app_downloaded,2024-02-02
U1275,registered,2024-02-03
U1275,kyc_completed,2024-02-04
U1275,card_activated,2024-02-05
U1275,first_transaction,2024-02-06
U1276,app_downloaded,2024-08-14
U1276,registered,2024-08-15
U1277,app_downloaded,2024-04-12
U1277,registered,2024-04-13
U1277,kyc_completed,2024-04-14
U1278,app_downloaded,2024-04-28
U1278,registered,2024-04-29
U1278,kyc_completed,2024-04-30
U1278,card_activated,2024-05-01
U1278,first_transaction,2024-05-02
U1279,app_downloaded,2024-06-07
U1279,registered,2024-06-08
U1279,kyc_completed,2024-06-09
U1279,card_activated,2024-06-10
U1279,first_transaction,2024-06-11
U1280,app_downloaded,2024-05-05
U1280,registered,2024-05-06
U1280,kyc_completed,2024-05-07
U1280,card_activated,2024-05-08
U1281,app_downloaded,2024-10-11
U1281,registered,2024-10-12
U1281,kyc_completed,2024-10-13
U1281,card_activated,2024-10-14
U1282,app_downloaded,2024-06-24
U1282,registered,2024-06-25
U1282,kyc_completed,2024-06-26
U1283,app_downloaded,2024-11-09
U1283,registered,2024-11-10
U1283,kyc_completed,2024-11-11
U1283,card_activated,2024-11-12
U1284,app_downloaded,2024-02-21
U1284,registered,2024-02-22
U1284,kyc_completed,2024-02-23
U1284,card_activated,2024-02-24
U1284,first_transaction,2024-02-25
U1285,app_downloaded,2024-12-17
U1285,registered,2024-12-18
U1285,kyc_completed,2024-12-19
U1285,card_activated,2024-12-20
U1285,first_transaction,2024-12-21
U1286,app_downloaded,2024-01-11
U1287,app_downloaded,2024-09-05
U1287,registered,2024-09-06
U1287,kyc_completed,2024-09-07
U1287,card_activated,2024-09-08
U1287,first_transaction,2024-09-09
U1288,app_downloaded,2024-06-15
U1288,registered,2024-06-16
U1288,kyc_completed,2024-06-17
U1288,card_activated,2024-06-18
U1288,first_transaction,2024-06-19
U1289,app_downloaded,2024-06-07
U1289,registered,2024-06-08
U1289,kyc_completed,2024-06-09
U1289,card_activated,2024-06-10
U1289,first_transaction,2024-06-11
U1290,app_downloaded,2024-12-14
U1290,registered,2024-12-15
U1290,kyc_completed,2024-12-16
U1291,app_downloaded,2024-03-15
U1291,registered,2024-03-16
U1291,kyc_completed,2024-03-17
U1291,card_activated,2024-03-18
U1291,first_transaction,2024-03-19
U1292,app_downloaded,2024-02-14
U1292,registered,2024-02-15
U1292,kyc_completed,2024-02-16
U1293,app_downloaded,2024-12-16
U1293,registered,2024-12-17
U1293,kyc_completed,2024-12-18
U1293,card_activated,2024-12-19
U1293,first_transaction,2024-12-20
U1294,app_downloaded,2024-05-21
U1294,registered,2024-05-22
U1294,kyc_completed,2024-05-23
U1294,card_activated,2024-05-24
U1295,app_downloaded,2024-11-18
U1295,registered,2024-11-19
U1296,app_downloaded,2024-02-02
U1296,registered,2024-02-03
U1296,kyc_completed,2024-02-04
U1296,card_activated,2024-02-05
U1297,app_downloaded,2024-08-16
U1297,registered,2024-08-17
U1297,kyc_completed,2024-08-18
U1297,card_activated,2024-08-19
U1297,first_transaction,2024-08-20
U1298,app_downloaded,2024-06-27
U1298,registered,2024-06-28
U1298,kyc_completed,2024-06-29
U1298,card_activated,2024-06-30
U1299,app_downloaded,2024-04-02
U1299,registered,2024-04-03
U1299,kyc_completed,2024-04-04
U1299,card_activated,2024-04-05
U1300,app_downloaded,2024-02-08
U1300,registered,2024-02-09
U1300,kyc_completed,2024-02-10
U1300,card_activated,2024-02-11
U1300,first_transaction,2024-02-12
U1301,app_downloaded,2024-11-13
U1301,registered,2024-11-14
U1302,app_downloaded,2024-05-19
U1302,registered,2024-05-20
U1302,kyc_completed,2024-05-21
U1302,card_activated,2024-05-22
U1302,first_transaction,2024-05-23
U1303,app_downloaded,2024-10-12
U1303,registered,2024-10-13
U1303,kyc_completed,2024-10-14
U1304,app_downloaded,2024-01-14
U1304,registered,2024-01-15
U1304,kyc_completed,2024-01-16
U1304,card_activated,2024-01-17
U1304,first_transaction,2024-01-18
U1305,app_downloaded,2024-12-21
U1305,registered,2024-12-22
U1305,kyc_completed,2024-12-23
U1305,card_activated,2024-12-24
U1306,app_downloaded,2024-06-29
U1306,registered,2024-06-30
U1306,kyc_completed,2024-07-01
U1306,card_activated,2024-07-02
U1307,app_downloaded,2024-03-05
U1307,registered,2024-03-06
U1307,kyc_completed,2024-03-07
U1307,card_activated,2024-03-08
U1308,app_downloaded,2024-05-10
U1308,registered,2024-05-11
U1308,kyc_completed,2024-05-12
U1309,app_downloaded,2024-11-03
U1309,registered,2024-11-04
U1309,kyc_completed,2024-11-05
U1309,card_activated,2024-11-06
U1310,app_downloaded,2024-09-24
U1310,registered,2024-09-25
U1310,kyc_completed,2024-09-26
U1311,app_downloaded,2024-05-22
U1311,registered,2024-05-23
U1311,kyc_completed,2024-05-24
U1311,card_activated,2024-05-25
U1311,first_transaction,2024-05-26
U1312,app_downloaded,2024-11-08
U1313,app_downloaded,2024-07-15
U1313,registered,2024-07-16
U1313,kyc_completed,2024-07-17
U1313,card_activated,2024-07-18
U1313,first_transaction,2024-07-19
U1314,app_downloaded,2024-07-27
U1314,registered,2024-07-28
U1314,kyc_completed,2024-07-29
U1314,card_activated,2024-07-30
U1315,app_downloaded,2024-07-21
U1315,registered,2024-07-22
U1316,app_downloaded,2024-11-01
U1316,registered,2024-11-02
U1316,kyc_completed,2024-11-03
U1316,card_activated,2024-11-04
U1316,first_transaction,2024-11-05
U1317,app_downloaded,2024-09-13
U1317,registered,2024-09-14
U1317,kyc_completed,2024-09-15
U1317,card_activated,2024-09-16
U1317,first_transaction,2024-09-17
U1318,app_downloaded,2024-01-10
U1318,registered,2024-01-11
U1318,kyc_completed,2024-01-12
U1318,card_activated,2024-01-13
U1318,first_transaction,2024-01-14
U1319,app_downloaded,2024-08-14
U1319,registered,2024-08-15
U1319,kyc_completed,2024-08-16
U1320,app_downloaded,2024-07-20
U1320,registered,2024-07-21
U1320,kyc_completed,2024-07-22
U1321,app_downloaded,2024-02-10
U1321,registered,2024-02-11
U1321,kyc_completed,2024-02-12
U1321,card_activated,2024-02-13
U1322,app_downloaded,2024-11-24
U1322,registered,2024-11-25
U1322,kyc_completed,2024-11-26
U1322,card_activated,2024-11-27
U1322,first_transaction,2024-11-28
U1323,app_downloaded,2024-04-18
U1324,app_downloaded,2024-08-22
U1324,registered,2024-08-23
U1324,kyc_completed,2024-08-24
U1325,app_downloaded,2024-06-03
U1325,registered,2024-06-04
U1326,app_downloaded,2024-10-07
U1326,registered,2024-10-08
U1326,kyc_completed,2024-10-09
U1326,card_activated,2024-10-10
U1327,app_downloaded,2024-12-18
U1327,registered,2024-12-19
U1327,kyc_completed,2024-12-20
U1327,card_activated,2024-12-21
U1327,first_transaction,2024-12-22
U1328,app_downloaded,2024-09-01
U1328,registered,2024-09-02
U1328,kyc_completed,2024-09-03
U1328,card_activated,2024-09-04
U1328,first_transaction,2024-09-05
U1329,app_downloaded,2024-11-16
U1330,app_downloaded,2024-08-15
U1330,registered,2024-08-16
U1330,kyc_completed,2024-08-17
U1330,card_activated,2024-08-18
U1330,first_transaction,2024-08-19
U1331,app_downloaded,2024-12-16
U1331,registered,2024-12-17
U1331,kyc_completed,2024-12-18
U1331,card_activated,2024-12-19
U1332,app_downloaded,2024-05-08
U1332,registered,2024-05-09
U1333,app_downloaded,2024-06-16
U1333,registered,2024-06-17
U1333,kyc_completed,2024-06-18
U1333,card_activated,2024-06-19
U1334,app_downloaded,2024-11-30
U1334,registered,2024-12-01
U1334,kyc_completed,2024-12-02
U1334,card_activated,2024-12-03
U1334,first_transaction,2024-12-04
U1335,app_downloaded,2024-05-23
U1335,registered,2024-05-24
U1335,kyc_completed,2024-05-25
U1335,card_activated,2024-05-26
U1335,first_transaction,2024-05-27
U1336,app_downloaded,2024-11-07
U1336,registered,2024-11-08
U1336,kyc_completed,2024-11-09
U1336,card_activated,2024-11-10
U1337,app_downloaded,2024-11-11
U1337,registered,2024-11-12
U1338,app_downloaded,2024-09-19
U1339,app_downloaded,2024-04-19
U1339,registered,2024-04-20
U1340,app_downloaded,2024-10-19
U1341,app_downloaded,2024-08-29
U1341,registered,2024-08-30
U1341,kyc_completed,2024-08-31
U1341,card_activated,2024-09-01
U1341,first_transaction,2024-09-02
U1342,app_downloaded,2024-02-06
U1342,registered,2024-02-07
U1342,kyc_completed,2024-02-08
U1342,card_activated,2024-02-09
U1343,app_downloaded,2024-05-23
U1344,app_downloaded,2024-12-11
U1344,registered,2024-12-12
U1344,kyc_completed,2024-12-13
U1344,card_activated,2024-12-14
U1344,first_transaction,2024-12-15
U1345,app_downloaded,2024-10-10
U1345,registered,2024-10-11
U1345,kyc_completed,2024-10-12
U1345,card_activated,2024-10-13
U1345,first_transaction,2024-10-14
U1346,app_downloaded,2024-04-26
U1346,registered,2024-04-27
U1346,kyc_completed,2024-04-28
U1347,app_downloaded,2024-02-12
U1347,registered,2024-02-13
U1347,kyc_completed,2024-02-14
U1347,card_activated,2024-02-15
U1347,first_transaction,2024-02-16
U1348,app_downloaded,2024-04-10
U1348,registered,2024-04-11
U1348,kyc_completed,2024-04-12
U1348,card_activated,2024-04-13
U1348,first_transaction,2024-04-14
U1349,app_downloaded,2024-07-21
U1349,registered,2024-07-22
U1349,kyc_completed,2024-07-23
U1349,card_activated,2024-07-24
U1350,app_downloaded,2024-09-29
U1350,registered,2024-09-30
U1350,kyc_completed,2024-10-01
U1351,app_downloaded,2024-10-22
U1351,registered,2024-10-23
U1351,kyc_completed,2024-10-24
U1351,card_activated,2024-10-25
U1351,first_transaction,2024-10-26
U1352,app_downloaded,2024-07-06
U1352,registered,2024-07-07
U1352,kyc_completed,2024-07-08
U1353,app_downloaded,2024-09-15
U1353,registered,2024-09-16
U1353,kyc_completed,2024-09-17
U1353,card_activated,2024-09-18
U1354,app_downloaded,2024-12-22
U1354,registered,2024-12-23
U1354,kyc_completed,2024-12-24
U1354,card_activated,2024-12-25
U1354,first_transaction,2024-12-26
U1355,app_downloaded,2024-04-07
U1355,registered,2024-04-08
U1355,kyc_completed,2024-04-09
U1356,app_downloaded,2024-10-28
U1356,registered,2024-10-29
U1356,kyc_completed,2024-10-30
U1356,card_activated,2024-10-31
U1357,app_downloaded,2024-07-12
U1357,registered,2024-07-13
U1357,kyc_completed,2024-07-14
U1357,card_activated,2024-07-15
U1358,app_downloaded,2024-01-02
U1358,registered,2024-01-03
U1358,kyc_completed,2024-01-04
U1358,card_activated,2024-01-05
U1359,app_downloaded,2024-03-30
U1359,registered,2024-03-31
U1359,kyc_completed,2024-04-01
U1359,card_activated,2024-04-02
U1359,first_transaction,2024-04-03
U1360,app_downloaded,2024-11-02
U1360,registered,2024-11-03
U1360,kyc_completed,2024-11-04
U1360,card_activated,2024-11-05
U1360,first_transaction,2024-11-06
U1361,app_downloaded,2024-02-21
U1361,registered,2024-02-22
U1361,kyc_completed,2024-02-23
U1361,card_activated,2024-02-24
U1361,first_transaction,2024-02-25
U1362,app_downloaded,2024-05-19
U1362,registered,2024-05-20
U1362,kyc_completed,2024-05-21
U1363,app_downloaded,2024-08-09
U1363,registered,2024-08-10
U1364,app_downloaded,2024-07-18
U1364,registered,2024-07-19
U1364,kyc_completed,2024-07-20
U1364,card_activated,2024-07-21
U1364,first_transaction,2024-07-22
U1365,app_downloaded,2024-09-28
U1365,registered,2024-09-29
U1365,kyc_completed,2024-09-30
U1365,card_activated,2024-10-01
U1365,first_transaction,2024-10-02
U1366,app_downloaded,2024-05-06
U1366,registered,2024-05-07
U1367,app_downloaded,2024-06-13
U1367,registered,2024-06-14
U1367,kyc_completed,2024-06-15
U1367,card_activated,2024-06-16
U1368,app_downloaded,2024-07-11
U1368,registered,2024-07-12
U1369,app_downloaded,2024-06-30
U1369,registered,2024-07-01
U1369,kyc_completed,2024-07-02
U1370,app_downloaded,2024-01-13
U1370,registered,2024-01-14
U1370,kyc_completed,2024-01-15
U1370,card_activated,2024-01-16
U1370,first_transaction,2024-01-17
U1371,app_downloaded,2024-10-17
U1371,registered,2024-10-18
U1371,kyc_completed,2024-10-19
U1371,card_activated,2024-10-20
U1371,first_transaction,2024-10-21
U1372,app_downloaded,2024-10-19
U1372,registered,2024-10-20
U1372,kyc_completed,2024-10-21
U1372,card_activated,2024-10-22
U1373,app_downloaded,2024-07-04
U1373,registered,2024-07-05
U1373,kyc_completed,2024-07-06
U1373,card_activated,2024-07-07
U1374,app_downloaded,2024-06-13
U1374,registered,2024-06-14
U1374,kyc_completed,2024-06-15
U1374,card_activated,2024-06-16
U1374,first_transaction,2024-06-17
U1375,app_downloaded,2024-03-13
U1375,registered,2024-03-14
U1376,app_downloaded,2024-12-05
U1376,registered,2024-12-06
U1376,kyc_completed,2024-12-07
U1376,card_activated,2024-12-08
U1376,first_transaction,2024-12-09
U1377,app_downloaded,2024-03-16
U1377,registered,2024-03-17
U1377,kyc_completed,2024-03-18
U1378,app_downloaded,2024-08-02
U1378,registered,2024-08-03
U1378,kyc_completed,2024-08-04
U1378,card_activated,2024-08-05
U1378,first_transaction,2024-08-06
U1379,app_downloaded,2024-02-13
U1379,registered,2024-02-14
U1379,kyc_completed,2024-02-15
U1379,card_activated,2024-02-16
U1380,app_downloaded,2024-04-24
U1380,registered,2024-04-25
U1380,kyc_completed,2024-04-26
U1380,card_activated,2024-04-27
U1380,first_transaction,2024-04-28
U1381,app_downloaded,2024-07-28
U1382,app_downloaded,2024-03-15
U1382,registered,2024-03-16
U1382,kyc_completed,2024-03-17
U1383,app_downloaded,2024-10-31
U1383,registered,2024-11-01
U1383,kyc_completed,2024-11-02
U1383,card_activated,2024-11-03
U1384,app_downloaded,2024-08-07
U1384,registered,2024-08-08
U1384,kyc_completed,2024-08-09
U1384,card_activated,2024-08-10
U1384,first_transaction,2024-08-11
U1385,app_downloaded,2024-09-05
U1385,registered,2024-09-06
U1385,kyc_completed,2024-09-07
U1386,app_downloaded,2024-10-01
U1386,registered,2024-10-02
U1386,kyc_completed,2024-10-03
U1386,card_activated,2024-10-04
U1386,first_transaction,2024-10-05
U1387,app_downloaded,2024-09-28
U1388,app_downloaded,2024-12-22
U1388,registered,2024-12-23
U1388,kyc_completed,2024-12-24
U1388,card_activated,2024-12-25
U1388,first_transaction,2024-12-26
U1389,app_downloaded,2024-03-17
U1389,registered,2024-03-18
U1389,kyc_completed,2024-03-19
U1389,card_activated,2024-03-20
U1389,first_transaction,2024-03-21
U1390,app_downloaded,2024-11-20
U1391,app_downloaded,2024-08-09
U1391,registered,2024-08-10
U1391,kyc_completed,2024-08-11
U1391,card_activated,2024-08-12
U1391,first_transaction,2024-08-13
U1392,app_downloaded,2024-06-08
U1392,registered,2024-06-09
U1392,kyc_completed,2024-06-10
U1392,card_activated,2024-06-11
U1392,first_transaction,2024-06-12
U1393,app_downloaded,2024-05-04
U1393,registered,2024-05-05
U1393,kyc_completed,2024-05-06
U1393,card_activated,2024-05-07
U1393,first_transaction,2024-05-08
U1394,app_downloaded,2024-05-15
U1394,registered,2024-05-16
U1394,kyc_completed,2024-05-17
U1394,card_activated,2024-05-18
U1394,first_transaction,2024-05-19
U1395,app_downloaded,2024-08-02
U1395,registered,2024-08-03
U1396,app_downloaded,2024-08-26
U1397,app_downloaded,2024-11-25
U1397,registered,2024-11-26
U1397,kyc_completed,2024-11-27
U1397,card_activated,2024-11-28
U1397,first_transaction,2024-11-29
U1398,app_downloaded,2024-03-29
U1398,registered,2024-03-30
U1398,kyc_completed,2024-03-31
U1398,card_activated,2024-04-01
U1399,app_downloaded,2024-10-22
U1399,registered,2024-10-23
U1399,kyc_completed,2024-10-24
U1400,app_downloaded,2024-12-05
U1400,registered,2024-12-06
U1401,app_downloaded,2024-04-21
U1401,registered,2024-04-22
U1401,kyc_completed,2024-04-23
U1401,card_activated,2024-04-24
U1401,first_transaction,2024-04-25
U1402,app_downloaded,2024-11-16
U1402,registered,2024-11-17
U1402,kyc_completed,2024-11-18
U1402,card_activated,2024-11-19
U1402,first_transaction,2024-11-20
U1403,app_downloaded,2024-06-22
U1403,registered,2024-06-23
U1403,kyc_completed,2024-06-24
U1403,card_activated,2024-06-25
U1404,app_downloaded,2024-04-01
U1404,registered,2024-04-02
U1404,kyc_completed,2024-04-03
U1404,card_activated,2024-04-04
U1404,first_transaction,2024-04-05
U1405,app_downloaded,2024-07-16
U1405,registered,2024-07-17
U1406,app_downloaded,2024-07-20
U1406,registered,2024-07-21
U1406,kyc_completed,2024-07-22
U1406,card_activated,2024-07-23
U1406,first_transaction,2024-07-24
U1407,app_downloaded,2024-05-24
U1407,registered,2024-05-25
U1407,kyc_completed,2024-05-26
U1407,card_activated,2024-05-27
U1407,first_transaction,2024-05-28
U1408,app_downloaded,2024-01-29
U1408,registered,2024-01-30
U1408,kyc_completed,2024-01-31
U1408,card_activated,2024-02-01
U1409,app_downloaded,2024-08-25
U1409,registered,2024-08-26
U1409,kyc_completed,2024-08-27
U1410,app_downloaded,2024-11-20
U1410,registered,2024-11-21
U1410,kyc_completed,2024-11-22
U1411,app_downloaded,2024-07-05
U1411,registered,2024-07-06
U1411,kyc_completed,2024-07-07
U1411,card_activated,2024-07-08
U1412,app_downloaded,2024-07-25
U1412,registered,2024-07-26
U1412,kyc_completed,2024-07-27
U1413,app_downloaded,2024-09-18
U1413,registered,2024-09-19
U1414,app_downloaded,2024-10-09
U1414,registered,2024-10-10
U1415,app_downloaded,2024-09-07
U1415,registered,2024-09-08
U1415,kyc_completed,2024-09-09
U1416,app_downloaded,2024-11-30
U1416,registered,2024-12-01
U1416,kyc_completed,2024-12-02
U1416,card_activated,2024-12-03
U1417,app_downloaded,2024-05-04
U1417,registered,2024-05-05
U1417,kyc_completed,2024-05-06
U1417,card_activated,2024-05-07
U1417,first_transaction,2024-05-08
U1418,app_downloaded,2024-08-28
U1418,registered,2024-08-29
U1418,kyc_completed,2024-08-30
U1418,card_activated,2024-08-31
U1418,first_transaction,2024-09-01
U1419,app_downloaded,2024-03-15
U1419,registered,2024-03-16
U1419,kyc_completed,2024-03-17
U1419,card_activated,2024-03-18
U1420,app_downloaded,2024-01-23
U1420,registered,2024-01-24
U1420,kyc_completed,2024-01-25
U1420,card_activated,2024-01-26
U1420,first_transaction,2024-01-27
U1421,app_downloaded,2024-03-09
U1421,registered,2024-03-10
U1422,app_downloaded,2024-09-23
U1422,registered,2024-09-24
U1423,app_downloaded,2024-04-20
U1423,registered,2024-04-21
U1424,app_downloaded,2024-09-29
U1424,registered,2024-09-30
U1424,kyc_completed,2024-10-01
U1425,app_downloaded,2024-03-04
U1425,registered,2024-03-05
U1425,kyc_completed,2024-03-06
U1426,app_downloaded,2024-05-04
U1426,registered,2024-05-05
U1426,kyc_completed,2024-05-06
U1427,app_downloaded,2024-03-20
U1427,registered,2024-03-21
U1427,kyc_completed,2024-03-22
U1427,card_activated,2024-03-23
U1427,first_transaction,2024-03-24
U1428,app_downloaded,2024-09-27
U1428,registered,2024-09-28
U1428,kyc_completed,2024-09-29
U1428,card_activated,2024-09-30
U1428,first_transaction,2024-10-01
U1429,app_downloaded,2024-01-28
U1429,registered,2024-01-29
U1429,kyc_completed,2024-01-30
U1429,card_activated,2024-01-31
U1429,first_transaction,2024-02-01
U1430,app_downloaded,2024-08-24
U1430,registered,2024-08-25
U1431,app_downloaded,2024-07-04
U1431,registered,2024-07-05
U1431,kyc_completed,2024-07-06
U1431,card_activated,2024-07-07
U1431,first_transaction,2024-07-08
U1432,app_downloaded,2024-08-09
U1432,registered,2024-08-10
U1432,kyc_completed,2024-08-11
U1432,card_activated,2024-08-12
U1432,first_transaction,2024-08-13
U1433,app_downloaded,2024-04-21
U1433,registered,2024-04-22
U1433,kyc_completed,2024-04-23
U1433,card_activated,2024-04-24
U1434,app_downloaded,2024-05-06
U1434,registered,2024-05-07
U1434,kyc_completed,2024-05-08
U1435,app_downloaded,2024-07-23
U1435,registered,2024-07-24
U1435,kyc_completed,2024-07-25
U1435,card_activated,2024-07-26
U1435,first_transaction,2024-07-27
U1436,app_downloaded,2024-02-02
U1436,registered,2024-02-03
U1436,kyc_completed,2024-02-04
U1437,app_downloaded,2024-06-19
U1437,registered,2024-06-20
U1437,kyc_completed,2024-06-21
U1437,card_activated,2024-06-22
U1438,app_downloaded,2024-01-03
U1438,registered,2024-01-04
U1438,kyc_completed,2024-01-05
U1438,card_activated,2024-01-06
U1439,app_downloaded,2024-10-09
U1439,registered,2024-10-10
U1439,kyc_completed,2024-10-11
U1439,card_activated,2024-10-12
U1439,first_transaction,2024-10-13
U1440,app_downloaded,2024-05-01
U1440,registered,2024-05-02
U1440,kyc_completed,2024-05-03
U1440,card_activated,2024-05-04
U1441,app_downloaded,2024-08-17
U1441,registered,2024-08-18
U1441,kyc_completed,2024-08-19
U1441,card_activated,2024-08-20
U1441,first_transaction,2024-08-21
U1442,app_downloaded,2024-07-04
U1442,registered,2024-07-05
U1442,kyc_completed,2024-07-06
U1443,app_downloaded,2024-10-07
U1443,registered,2024-10-08
U1443,kyc_completed,2024-10-09
U1443,card_activated,2024-10-10
U1443,first_transaction,2024-10-11
U1444,app_downloaded,2024-11-08
U1444,registered,2024-11-09
U1444,kyc_completed,2024-11-10
U1444,card_activated,2024-11-11
U1444,first_transaction,2024-11-12
U1445,app_downloaded,2024-08-12
U1445,registered,2024-08-13
U1445,kyc_completed,2024-08-14
U1446,app_downloaded,2024-12-11
U1446,registered,2024-12-12
U1446,kyc_completed,2024-12-13
U1446,card_activated,2024-12-14
U1446,first_transaction,2024-12-15
U1447,app_downloaded,2024-07-16
U1447,registered,2024-07-17
U1447,kyc_completed,2024-07-18
U1447,card_activated,2024-07-19
U1447,first_transaction,2024-07-20
U1448,app_downloaded,2024-07-26
U1448,registered,2024-07-27
U1448,kyc_completed,2024-07-28
U1448,card_activated,2024-07-29
U1449,app_downloaded,2024-02-06
U1449,registered,2024-02-07
U1449,kyc_completed,2024-02-08
U1449,card_activated,2024-02-09
U1449,first_transaction,2024-02-10
U1450,app_downloaded,2024-08-23
U1450,registered,2024-08-24
U1450,kyc_completed,2024-08-25
U1450,card_activated,2024-08-26
U1450,first_transaction,2024-08-27
U1451,app_downloaded,2024-09-30
U1451,registered,2024-10-01
U1451,kyc_completed,2024-10-02
U1452,app_downloaded,2024-06-01
U1452,registered,2024-06-02
U1452,kyc_completed,2024-06-03
U1452,card_activated,2024-06-04
U1452,first_transaction,2024-06-05
U1453,app_downloaded,2024-04-29
U1453,registered,2024-04-30
U1454,app_downloaded,2024-05-19
U1454,registered,2024-05-20
U1454,kyc_completed,2024-05-21
U1454,card_activated,2024-05-22
U1454,first_transaction,2024-05-23
U1455,app_downloaded,2024-05-11
U1455,registered,2024-05-12
U1456,app_downloaded,2024-08-09
U1456,registered,2024-08-10
U1456,kyc_completed,2024-08-11
U1456,card_activated,2024-08-12
U1457,app_downloaded,2024-01-15
U1457,registered,2024-01-16
U1457,kyc_completed,2024-01-17
U1457,card_activated,2024-01-18
U1457,first_transaction,2024-01-19
U1458,app_downloaded,2024-11-01
U1458,registered,2024-11-02
U1458,kyc_completed,2024-11-03
U1459,app_downloaded,2024-08-31
U1459,registered,2024-09-01
U1459,kyc_completed,2024-09-02
U1459,card_activated,2024-09-03
U1459,first_transaction,2024-09-04
U1460,app_downloaded,2024-09-05
U1460,registered,2024-09-06
U1460,kyc_completed,2024-09-07
U1460,card_activated,2024-09-08
U1460,first_transaction,2024-09-09
U1461,app_downloaded,2024-09-25
U1461,registered,2024-09-26
U1462,app_downloaded,2024-12-25
U1462,registered,2024-12-26
U1463,app_downloaded,2024-03-25
U1463,registered,2024-03-26
U1463,kyc_completed,2024-03-27
U1464,app_downloaded,2024-07-28
U1464,registered,2024-07-29
U1464,kyc_completed,2024-07-30
U1464,card_activated,2024-07-31
U1464,first_transaction,2024-08-01
U1465,app_downloaded,2024-03-11
U1465,registered,2024-03-12
U1465,kyc_completed,2024-03-13
U1465,card_activated,2024-03-14
U1466,app_downloaded,2024-08-18
U1466,registered,2024-08-19
U1466,kyc_completed,2024-08-20
U1466,card_activated,2024-08-21
U1466,first_transaction,2024-08-22
U1467,app_downloaded,2024-11-17
U1467,registered,2024-11-18
U1467,kyc_completed,2024-11-19
U1467,card_activated,2024-11-20
U1468,app_downloaded,2024-12-16
U1468,registered,2024-12-17
U1468,kyc_completed,2024-12-18
U1468,card_activated,2024-12-19
U1469,app_downloaded,2024-02-16
U1469,registered,2024-02-17
U1470,app_downloaded,2024-09-25
U1470,registered,2024-09-26
U1470,kyc_completed,2024-09-27
U1470,card_activated,2024-09-28
U1470,first_transaction,2024-09-29
U1471,app_downloaded,2024-07-21
U1472,app_downloaded,2024-06-25
U1472,registered,2024-06-26
U1472,kyc_completed,2024-06-27
U1472,card_activated,2024-06-28
U1472,first_transaction,2024-06-29
U1473,app_downloaded,2024-11-03
U1473,registered,2024-11-04
U1473,kyc_completed,2024-11-05
U1473,card_activated,2024-11-06
U1473,first_transaction,2024-11-07
U1474,app_downloaded,2024-08-29
U1474,registered,2024-08-30
U1475,app_downloaded,2024-03-15
U1475,registered,2024-03-16
U1475,kyc_completed,2024-03-17
U1475,card_activated,2024-03-18
U1475,first_transaction,2024-03-19
U1476,app_downloaded,2024-07-24
U1476,registered,2024-07-25
U1477,app_downloaded,2024-04-12
U1477,registered,2024-04-13
U1477,kyc_completed,2024-04-14
U1477,card_activated,2024-04-15
U1477,first_transaction,2024-04-16
U1478,app_downloaded,2024-01-17
U1478,registered,2024-01-18
U1478,kyc_completed,2024-01-19
U1479,app_downloaded,2024-09-22
U1479,registered,2024-09-23
U1479,kyc_completed,2024-09-24
U1480,app_downloaded,2024-08-02
U1480,registered,2024-08-03
U1480,kyc_completed,2024-08-04
U1480,card_activated,2024-08-05
U1480,first_transaction,2024-08-06
U1481,app_downloaded,2024-10-24
U1482,app_downloaded,2024-06-15
U1482,registered,2024-06-16
U1482,kyc_completed,2024-06-17
U1482,card_activated,2024-06-18
U1482,first_transaction,2024-06-19
U1483,app_downloaded,2024-06-22
U1483,registered,2024-06-23
U1483,kyc_completed,2024-06-24
U1483,card_activated,2024-06-25
U1483,first_transaction,2024-06-26
U1484,app_downloaded,2024-04-11
U1484,registered,2024-04-12
U1484,kyc_completed,2024-04-13
U1485,app_downloaded,2024-11-06
U1485,registered,2024-11-07
U1485,kyc_completed,2024-11-08
U1485,card_activated,2024-11-09
U1485,first_transaction,2024-11-10
U1486,app_downloaded,2024-12-01
U1486,registered,2024-12-02
U1486,kyc_completed,2024-12-03
U1486,card_activated,2024-12-04
U1487,app_downloaded,2024-02-13
U1487,registered,2024-02-14
U1487,kyc_completed,2024-02-15
U1488,app_downloaded,2024-07-14
U1488,registered,2024-07-15
U1488,kyc_completed,2024-07-16
U1489,app_downloaded,2024-01-30
U1489,registered,2024-01-31
U1489,kyc_completed,2024-02-01
U1490,app_downloaded,2024-06-21
U1490,registered,2024-06-22
U1490,kyc_completed,2024-06-23
U1491,app_downloaded,2024-07-02
U1491,registered,2024-07-03
U1492,app_downloaded,2024-12-31
U1492,registered,2025-01-01
U1492,kyc_completed,2025-01-02
U1492,card_activated,2025-01-03
U1492,first_transaction,2025-01-04
U1493,app_downloaded,2024-10-11
U1493,registered,2024-10-12
U1493,kyc_completed,2024-10-13
U1494,app_downloaded,2024-11-19
U1494,registered,2024-11-20
U1494,kyc_completed,2024-11-21
U1494,card_activated,2024-11-22
U1494,first_transaction,2024-11-23
U1495,app_downloaded,2024-10-07
U1495,registered,2024-10-08
U1495,kyc_completed,2024-10-09
U1495,card_activated,2024-10-10
U1495,first_transaction,2024-10-11
U1496,app_downloaded,2024-09-17
U1496,registered,2024-09-18
U1496,kyc_completed,2024-09-19
U1496,card_activated,2024-09-20
U1497,app_downloaded,2024-11-27
U1497,registered,2024-11-28
U1498,app_downloaded,2024-01-11
U1498,registered,2024-01-12
U1498,kyc_completed,2024-01-13
U1498,card_activated,2024-01-14
U1499,app_downloaded,2024-04-12
U1499,registered,2024-04-13
U1499,kyc_completed,2024-04-14
U1499,card_activated,2024-04-15
U1499,first_transaction,2024-04-16
U1500,app_downloaded,2024-04-22
U1500,registered,2024-04-23
U1500,kyc_completed,2024-04-24
U1500,card_activated,2024-04-25
U1500,first_transaction,2024-04-26
U1501,app_downloaded,2024-02-21
U1501,registered,2024-02-22
U1501,kyc_completed,2024-02-23
U1501,card_activated,2024-02-24
U1501,first_transaction,2024-02-25
U1502,app_downloaded,2024-08-13
U1502,registered,2024-08-14
U1502,kyc_completed,2024-08-15
U1502,card_activated,2024-08-16
U1502,first_transaction,2024-08-17
U1503,app_downloaded,2024-09-22
U1503,registered,2024-09-23
U1503,kyc_completed,2024-09-24
U1503,card_activated,2024-09-25
U1503,first_transaction,2024-09-26
U1504,app_downloaded,2024-10-22
U1504,registered,2024-10-23
U1504,kyc_completed,2024-10-24
U1504,card_activated,2024-10-25
U1504,first_transaction,2024-10-26
U1505,app_downloaded,2024-09-24
U1505,registered,2024-09-25
U1505,kyc_completed,2024-09-26
U1506,app_downloaded,2024-09-26
U1506,registered,2024-09-27
U1506,kyc_completed,2024-09-28
U1506,card_activated,2024-09-29
U1506,first_transaction,2024-09-30
U1507,app_downloaded,2024-12-17
U1507,registered,2024-12-18
U1507,kyc_completed,2024-12-19
U1508,app_downloaded,2024-02-12
U1508,registered,2024-02-13
U1508,kyc_completed,2024-02-14
U1508,card_activated,2024-02-15
U1509,app_downloaded,2024-06-17
U1509,registered,2024-06-18
U1509,kyc_completed,2024-06-19
U1510,app_downloaded,2024-02-25
U1510,registered,2024-02-26
U1510,kyc_completed,2024-02-27
U1511,app_downloaded,2024-06-02
U1511,registered,2024-06-03
U1512,app_downloaded,2024-01-31
U1512,registered,2024-02-01
U1512,kyc_completed,2024-02-02
U1512,card_activated,2024-02-03
U1512,first_transaction,2024-02-04
U1513,app_downloaded,2024-01-27
U1513,registered,2024-01-28
U1513,kyc_completed,2024-01-29
U1513,card_activated,2024-01-30
U1514,app_downloaded,2024-08-19
U1514,registered,2024-08-20
U1514,kyc_completed,2024-08-21
U1514,card_activated,2024-08-22
U1515,app_downloaded,2024-06-21
U1515,registered,2024-06-22
U1515,kyc_completed,2024-06-23
U1515,card_activated,2024-06-24
U1515,first_transaction,2024-06-25
U1516,app_downloaded,2024-08-14
U1516,registered,2024-08-15
U1516,kyc_completed,2024-08-16
U1516,card_activated,2024-08-17
U1516,first_transaction,2024-08-18
U1517,app_downloaded,2024-10-16
U1517,registered,2024-10-17
U1518,app_downloaded,2024-06-14
U1518,registered,2024-06-15
U1519,app_downloaded,2024-08-17
U1520,app_downloaded,2024-01-03
U1520,registered,2024-01-04
U1520,kyc_completed,2024-01-05
U1520,card_activated,2024-01-06
U1521,app_downloaded,2024-04-01
U1521,registered,2024-04-02
U1521,kyc_completed,2024-04-03
U1522,app_downloaded,2024-04-12
U1522,registered,2024-04-13
U1522,kyc_completed,2024-04-14
U1522,card_activated,2024-04-15
U1522,first_transaction,2024-04-16
U1523,app_downloaded,2024-10-24
U1523,registered,2024-10-25
U1523,kyc_completed,2024-10-26
U1523,card_activated,2024-10-27
U1523,first_transaction,2024-10-28
U1524,app_downloaded,2024-02-01
U1524,registered,2024-02-02
U1524,kyc_completed,2024-02-03
U1525,app_downloaded,2024-05-24
U1525,registered,2024-05-25
U1525,kyc_completed,2024-05-26
U1526,app_downloaded,2024-10-16
U1526,registered,2024-10-17
U1526,kyc_completed,2024-10-18
U1526,card_activated,2024-10-19
U1526,first_transaction,2024-10-20
U1527,app_downloaded,2024-12-30
U1527,registered,2024-12-31
U1528,app_downloaded,2024-10-22
U1528,registered,2024-10-23
U1529,app_downloaded,2024-06-24
U1529,registered,2024-06-25
U1529,kyc_completed,2024-06-26
U1529,card_activated,2024-06-27
U1529,first_transaction,2024-06-28
U1530,app_downloaded,2024-02-26
U1530,registered,2024-02-27
U1530,kyc_completed,2024-02-28
U1530,card_activated,2024-02-29
U1530,first_transaction,2024-03-01
U1531,app_downloaded,2024-04-25
U1531,registered,2024-04-26
U1531,kyc_completed,2024-04-27
U1531,card_activated,2024-04-28
U1531,first_transaction,2024-04-29
U1532,app_downloaded,2024-08-20
U1532,registered,2024-08-21
U1532,kyc_completed,2024-08-22
U1532,card_activated,2024-08-23
U1532,first_transaction,2024-08-24
U1533,app_downloaded,2024-06-07
U1533,registered,2024-06-08
U1533,kyc_completed,2024-06-09
U1533,card_activated,2024-06-10
U1533,first_transaction,2024-06-11
U1534,app_downloaded,2024-09-03
U1534,registered,2024-09-04
U1534,kyc_completed,2024-09-05
U1534,card_activated,2024-09-06
U1535,app_downloaded,2024-11-02
U1535,registered,2024-11-03
U1535,kyc_completed,2024-11-04
U1535,card_activated,2024-11-05
U1535,first_transaction,2024-11-06
U1536,app_downloaded,2024-12-17
U1536,registered,2024-12-18
U1537,app_downloaded,2024-05-02
U1537,registered,2024-05-03
U1537,kyc_completed,2024-05-04
U1537,card_activated,2024-05-05
U1537,first_transaction,2024-05-06
U1538,app_downloaded,2024-01-20
U1538,registered,2024-01-21
U1539,app_downloaded,2024-03-14
U1539,registered,2024-03-15
U1539,kyc_completed,2024-03-16
U1539,card_activated,2024-03-17
U1539,first_transaction,2024-03-18
U1540,app_downloaded,2024-03-15
U1540,registered,2024-03-16
U1540,kyc_completed,2024-03-17
U1541,app_downloaded,2024-02-04
U1541,registered,2024-02-05
U1541,kyc_completed,2024-02-06
U1541,card_activated,2024-02-07
U1542,app_downloaded,2024-07-29
U1542,registered,2024-07-30
U1542,kyc_completed,2024-07-31
U1542,card_activated,2024-08-01
U1542,first_transaction,2024-08-02
U1543,app_downloaded,2024-09-17
U1543,registered,2024-09-18
U1544,app_downloaded,2024-06-09
U1544,registered,2024-06-10
U1544,kyc_completed,2024-06-11
U1544,card_activated,2024-06-12
U1544,first_transaction,2024-06-13
U1545,app_downloaded,2024-11-24
U1545,registered,2024-11-25
U1545,kyc_completed,2024-11-26
U1545,card_activated,2024-11-27
U1546,app_downloaded,2024-06-19
U1546,registered,2024-06-20
U1546,kyc_completed,2024-06-21
U1546,card_activated,2024-06-22
U1546,first_transaction,2024-06-23
U1547,app_downloaded,2024-08-03
U1547,registered,2024-08-04
U1547,kyc_completed,2024-08-05
U1548,app_downloaded,2024-04-19
U1548,registered,2024-04-20
U1548,kyc_completed,2024-04-21
U1548,card_activated,2024-04-22
U1548,first_transaction,2024-04-23
U1549,app_downloaded,2024-04-19
U1549,registered,2024-04-20
U1549,kyc_completed,2024-04-21
U1549,card_activated,2024-04-22
U1549,first_transaction,2024-04-23
U1550,app_downloaded,2024-05-27
U1550,registered,2024-05-28
U1550,kyc_completed,2024-05-29
U1550,card_activated,2024-05-30
U1551,app_downloaded,2024-07-22
U1551,registered,2024-07-23
U1551,kyc_completed,2024-07-24
U1551,card_activated,2024-07-25
U1552,app_downloaded,2024-01-26
U1552,registered,2024-01-27
U1552,kyc_completed,2024-01-28
U1553,app_downloaded,2024-07-25
U1553,registered,2024-07-26
U1554,app_downloaded,2024-10-10
U1554,registered,2024-10-11
U1554,kyc_completed,2024-10-12
U1555,app_downloaded,2024-07-05
U1555,registered,2024-07-06
U1555,kyc_completed,2024-07-07
U1556,app_downloaded,2024-09-12
U1556,registered,2024-09-13
U1556,kyc_completed,2024-09-14
U1557,app_downloaded,2024-09-28
U1557,registered,2024-09-29
U1557,kyc_completed,2024-09-30
U1558,app_downloaded,2024-02-17
U1558,registered,2024-02-18
U1558,kyc_completed,2024-02-19
U1558,card_activated,2024-02-20
U1558,first_transaction,2024-02-21
U1559,app_downloaded,2024-06-18
U1559,registered,2024-06-19
U1559,kyc_completed,2024-06-20
U1559,card_activated,2024-06-21
U1559,first_transaction,2024-06-22
U1560,app_downloaded,2024-07-15
U1561,app_downloaded,2024-04-16
U1561,registered,2024-04-17
U1561,kyc_completed,2024-04-18
U1561,card_activated,2024-04-19
U1561,first_transaction,2024-04-20
U1562,app_downloaded,2024-04-01
U1562,registered,2024-04-02
U1562,kyc_completed,2024-04-03
U1562,card_activated,2024-04-04
U1563,app_downloaded,2024-11-06
U1563,registered,2024-11-07
U1563,kyc_completed,2024-11-08
U1563,card_activated,2024-11-09
U1563,first_transaction,2024-11-10
U1564,app_downloaded,2024-06-12
U1564,registered,2024-06-13
U1564,kyc_completed,2024-06-14
U1565,app_downloaded,2024-10-22
U1565,registered,2024-10-23
U1565,kyc_completed,2024-10-24
U1565,card_activated,2024-10-25
U1565,first_transaction,2024-10-26
U1566,app_downloaded,2024-05-07
U1566,registered,2024-05-08
U1566,kyc_completed,2024-05-09
U1566,card_activated,2024-05-10
U1566,first_transaction,2024-05-11
U1567,app_downloaded,2024-06-10
U1568,app_downloaded,2024-06-17
U1568,registered,2024-06-18
U1568,kyc_completed,2024-06-19
U1568,card_activated,2024-06-20
U1568,first_transaction,2024-06-21
U1569,app_downloaded,2024-12-12
U1569,registered,2024-12-13
U1569,kyc_completed,2024-12-14
U1570,app_downloaded,2024-09-21
U1570,registered,2024-09-22
U1571,app_downloaded,2024-07-05
U1571,registered,2024-07-06
U1571,kyc_completed,2024-07-07
U1572,app_downloaded,2024-12-01
U1572,registered,2024-12-02
U1573,app_downloaded,2024-06-24
U1573,registered,2024-06-25
U1573,kyc_completed,2024-06-26
U1573,card_activated,2024-06-27
U1573,first_transaction,2024-06-28
U1574,app_downloaded,2024-05-19
U1575,app_downloaded,2024-04-24
U1575,registered,2024-04-25
U1575,kyc_completed,2024-04-26
U1575,card_activated,2024-04-27
U1576,app_downloaded,2024-12-12
U1576,registered,2024-12-13
U1577,app_downloaded,2024-03-23
U1577,registered,2024-03-24
U1577,kyc_completed,2024-03-25
U1577,card_activated,2024-03-26
U1578,app_downloaded,2024-04-18
U1578,registered,2024-04-19
U1578,kyc_completed,2024-04-20
U1578,card_activated,2024-04-21
U1578,first_transaction,2024-04-22
U1579,app_downloaded,2024-09-21
U1579,registered,2024-09-22
U1580,app_downloaded,2024-08-18
U1580,registered,2024-08-19
U1580,kyc_completed,2024-08-20
U1580,card_activated,2024-08-21
U1580,first_transaction,2024-08-22
U1581,app_downloaded,2024-05-22
U1581,registered,2024-05-23
U1581,kyc_completed,2024-05-24
U1582,app_downloaded,2024-06-20
U1582,registered,2024-06-21
U1582,kyc_completed,2024-06-22
U1582,card_activated,2024-06-23
U1583,app_downloaded,2024-01-22
U1583,registered,2024-01-23
U1583,kyc_completed,2024-01-24
U1584,app_downloaded,2024-07-25
U1584,registered,2024-07-26
U1584,kyc_completed,2024-07-27
U1585,app_downloaded,2024-02-05
U1585,registered,2024-02-06
U1586,app_downloaded,2024-04-22
U1586,registered,2024-04-23
U1586,kyc_completed,2024-04-24
U1586,card_activated,2024-04-25
U1586,first_transaction,2024-04-26
U1587,app_downloaded,2024-05-15
U1587,registered,2024-05-16
U1587,kyc_completed,2024-05-17
U1587,card_activated,2024-05-18
U1588,app_downloaded,2024-11-21
U1588,registered,2024-11-22
U1588,kyc_completed,2024-11-23
U1588,card_activated,2024-11-24
U1589,app_downloaded,2024-04-08
U1589,registered,2024-04-09
U1589,kyc_completed,2024-04-10
U1589,card_activated,2024-04-11
U1589,first_transaction,2024-04-12
U1590,app_downloaded,2024-03-01
U1590,registered,2024-03-02
U1590,kyc_completed,2024-03-03
U1590,card_activated,2024-03-04
U1591,app_downloaded,2024-09-05
U1591,registered,2024-09-06
U1591,kyc_completed,2024-09-07
U1591,card_activated,2024-09-08
U1591,first_transaction,2024-09-09
U1592,app_downloaded,2024-08-12
U1592,registered,2024-08-13
U1592,kyc_completed,2024-08-14
U1593,app_downloaded,2024-04-29
U1593,registered,2024-04-30
U1593,kyc_completed,2024-05-01
U1593,card_activated,2024-05-02
U1593,first_transaction,2024-05-03
U1594,app_downloaded,2024-09-14
U1594,registered,2024-09-15
U1594,kyc_completed,2024-09-16
U1594,card_activated,2024-09-17
U1594,first_transaction,2024-09-18
U1595,app_downloaded,2024-01-21
U1595,registered,2024-01-22
U1595,kyc_completed,2024-01-23
U1595,card_activated,2024-01-24
U1596,app_downloaded,2024-04-06
U1596,registered,2024-04-07
U1596,kyc_completed,2024-04-08
U1597,app_downloaded,2024-01-09
U1597,registered,2024-01-10
U1597,kyc_completed,2024-01-11
U1597,card_activated,2024-01-12
U1598,app_downloaded,2024-04-04
U1598,registered,2024-04-05
U1598,kyc_completed,2024-04-06
U1598,card_activated,2024-04-07
U1598,first_transaction,2024-04-08
U1599,app_downloaded,2024-12-31
U1599,registered,2025-01-01
U1599,kyc_completed,2025-01-02
U1599,card_activated,2025-01-03
U1599,first_transaction,2025-01-04
U1600,app_downloaded,2024-07-18
U1600,registered,2024-07-19
U1600,kyc_completed,2024-07-20
U1601,app_downloaded,2024-01-30
U1601,registered,2024-01-31
U1601,kyc_completed,2024-02-01
U1601,card_activated,2024-02-02
U1601,first_transaction,2024-02-03
U1602,app_downloaded,2024-01-19
U1602,registered,2024-01-20
U1602,kyc_completed,2024-01-21
U1603,app_downloaded,2024-07-09
U1603,registered,2024-07-10
U1603,kyc_completed,2024-07-11
U1604,app_downloaded,2024-01-23
U1604,registered,2024-01-24
U1605,app_downloaded,2024-10-21
U1605,registered,2024-10-22
U1605,kyc_completed,2024-10-23
U1606,app_downloaded,2024-04-20
U1606,registered,2024-04-21
U1606,kyc_completed,2024-04-22
U1606,card_activated,2024-04-23
U1606,first_transaction,2024-04-24
U1607,app_downloaded,2024-03-09
U1607,registered,2024-03-10
U1607,kyc_completed,2024-03-11
U1607,card_activated,2024-03-12
U1608,app_downloaded,2024-09-28
U1608,registered,2024-09-29
U1608,kyc_completed,2024-09-30
U1608,card_activated,2024-10-01
U1608,first_transaction,2024-10-02
U1609,app_downloaded,2024-01-28
U1610,app_downloaded,2024-04-07
U1610,registered,2024-04-08
U1610,kyc_completed,2024-04-09
U1611,app_downloaded,2024-02-04
U1611,registered,2024-02-05
U1611,kyc_completed,2024-02-06
U1612,app_downloaded,2024-01-02
U1612,registered,2024-01-03
U1612,kyc_completed,2024-01-04
U1612,card_activated,2024-01-05
U1613,app_downloaded,2024-12-13
U1614,app_downloaded,2024-06-11
U1614,registered,2024-06-12
U1614,kyc_completed,2024-06-13
U1614,card_activated,2024-06-14
U1615,app_downloaded,2024-02-07
U1615,registered,2024-02-08
U1615,kyc_completed,2024-02-09
U1616,app_downloaded,2024-09-23
U1616,registered,2024-09-24
U1616,kyc_completed,2024-09-25
U1616,card_activated,2024-09-26
U1616,first_transaction,2024-09-27
U1617,app_downloaded,2024-01-22
U1617,registered,2024-01-23
U1617,kyc_completed,2024-01-24
U1617,card_activated,2024-01-25
U1617,first_transaction,2024-01-26
U1618,app_downloaded,2024-07-25
U1618,registered,2024-07-26
U1618,kyc_completed,2024-07-27
U1618,card_activated,2024-07-28
U1618,first_transaction,2024-07-29
U1619,app_downloaded,2024-10-04
U1619,registered,2024-10-05
U1620,app_downloaded,2024-02-11
U1620,registered,2024-02-12
U1620,kyc_completed,2024-02-13
U1620,card_activated,2024-02-14
U1621,app_downloaded,2024-05-24
U1621,registered,2024-05-25
U1621,kyc_completed,2024-05-26
U1621,card_activated,2024-05-27
U1622,app_downloaded,2024-10-01
U1622,registered,2024-10-02
U1622,kyc_completed,2024-10-03
U1622,card_activated,2024-10-04
U1622,first_transaction,2024-10-05
U1623,app_downloaded,2024-11-07
U1623,registered,2024-11-08
U1623,kyc_completed,2024-11-09
U1623,card_activated,2024-11-10
U1623,first_transaction,2024-11-11
U1624,app_downloaded,2024-05-06
U1624,registered,2024-05-07
U1624,kyc_completed,2024-05-08
U1624,card_activated,2024-05-09
U1624,first_transaction,2024-05-10
U1625,app_downloaded,2024-10-27
U1625,registered,2024-10-28
U1626,app_downloaded,2024-06-22
U1627,app_downloaded,2024-02-09
U1627,registered,2024-02-10
U1627,kyc_completed,2024-02-11
U1627,card_activated,2024-02-12
U1628,app_downloaded,2024-04-22
U1628,registered,2024-04-23
U1628,kyc_completed,2024-04-24
U1628,card_activated,2024-04-25
U1628,first_transaction,2024-04-26
U1629,app_downloaded,2024-06-06
U1629,registered,2024-06-07
U1629,kyc_completed,2024-06-08
U1629,card_activated,2024-06-09
U1629,first_transaction,2024-06-10
U1630,app_downloaded,2024-02-16
U1630,registered,2024-02-17
U1631,app_downloaded,2024-04-25
U1631,registered,2024-04-26
U1631,kyc_completed,2024-04-27
U1631,card_activated,2024-04-28
U1631,first_transaction,2024-04-29
U1632,app_downloaded,2024-02-18
U1633,app_downloaded,2024-05-02
U1633,registered,2024-05-03
U1633,kyc_completed,2024-05-04
U1633,card_activated,2024-05-05
U1633,first_transaction,2024-05-06
U1634,app_downloaded,2024-03-10
U1634,registered,2024-03-11
U1634,kyc_completed,2024-03-12
U1634,card_activated,2024-03-13
U1634,first_transaction,2024-03-14
U1635,app_downloaded,2024-03-03
U1635,registered,2024-03-04
U1636,app_downloaded,2024-08-23
U1636,registered,2024-08-24
U1636,kyc_completed,2024-08-25
U1636,card_activated,2024-08-26
U1637,app_downloaded,2024-08-23
U1637,registered,2024-08-24
U1637,kyc_completed,2024-08-25
U1637,card_activated,2024-08-26
U1638,app_downloaded,2024-07-24
U1638,registered,2024-07-25
U1638,kyc_completed,2024-07-26
U1639,app_downloaded,2024-03-10
U1639,registered,2024-03-11
U1639,kyc_completed,2024-03-12
U1639,card_activated,2024-03-13
U1639,first_transaction,2024-03-14
U1640,app_downloaded,2024-08-21
U1640,registered,2024-08-22
U1640,kyc_completed,2024-08-23
U1640,card_activated,2024-08-24
U1640,first_transaction,2024-08-25
U1641,app_downloaded,2024-12-01
U1641,registered,2024-12-02
U1641,kyc_completed,2024-12-03
U1642,app_downloaded,2024-03-18
U1642,registered,2024-03-19
U1642,kyc_completed,2024-03-20
U1642,card_activated,2024-03-21
U1642,first_transaction,2024-03-22
U1643,app_downloaded,2024-10-24
U1643,registered,2024-10-25
U1643,kyc_completed,2024-10-26
U1644,app_downloaded,2024-12-18
U1644,registered,2024-12-19
U1644,kyc_completed,2024-12-20
U1644,card_activated,2024-12-21
U1644,first_transaction,2024-12-22
U1645,app_downloaded,2024-04-21
U1645,registered,2024-04-22
U1645,kyc_completed,2024-04-23
U1645,card_activated,2024-04-24
U1645,first_transaction,2024-04-25
U1646,app_downloaded,2024-10-28
U1646,registered,2024-10-29
U1646,kyc_completed,2024-10-30
U1646,card_activated,2024-10-31
U1646,first_transaction,2024-11-01
U1647,app_downloaded,2024-09-10
U1647,registered,2024-09-11
U1647,kyc_completed,2024-09-12
U1647,card_activated,2024-09-13
U1648,app_downloaded,2024-12-24
U1648,registered,2024-12-25
U1648,kyc_completed,2024-12-26
U1649,app_downloaded,2024-07-03
U1649,registered,2024-07-04
U1649,kyc_completed,2024-07-05
U1649,card_activated,2024-07-06
U1650,app_downloaded,2024-07-26
U1650,registered,2024-07-27
U1650,kyc_completed,2024-07-28
U1650,card_activated,2024-07-29
U1650,first_transaction,2024-07-30
U1651,app_downloaded,2024-04-22
U1651,registered,2024-04-23
U1651,kyc_completed,2024-04-24
U1651,card_activated,2024-04-25
U1652,app_downloaded,2024-10-09
U1652,registered,2024-10-10
U1652,kyc_completed,2024-10-11
U1652,card_activated,2024-10-12
U1652,first_transaction,2024-10-13
U1653,app_downloaded,2024-01-06
U1653,registered,2024-01-07
U1653,kyc_completed,2024-01-08
U1653,card_activated,2024-01-09
U1653,first_transaction,2024-01-10
U1654,app_downloaded,2024-10-25
U1654,registered,2024-10-26
U1654,kyc_completed,2024-10-27
U1655,app_downloaded,2024-12-19
U1655,registered,2024-12-20
U1655,kyc_completed,2024-12-21
U1655,card_activated,2024-12-22
U1655,first_transaction,2024-12-23
U1656,app_downloaded,2024-10-24
U1656,registered,2024-10-25
U1656,kyc_completed,2024-10-26
U1656,card_activated,2024-10-27
U1656,first_transaction,2024-10-28
U1657,app_downloaded,2024-05-13
U1657,registered,2024-05-14
U1657,kyc_completed,2024-05-15
U1658,app_downloaded,2024-11-05
U1658,registered,2024-11-06
U1658,kyc_completed,2024-11-07
U1658,card_activated,2024-11-08
U1658,first_transaction,2024-11-09
U1659,app_downloaded,2024-05-15
U1659,registered,2024-05-16
U1659,kyc_completed,2024-05-17
U1659,card_activated,2024-05-18
U1659,first_transaction,2024-05-19
U1660,app_downloaded,2024-08-15
U1660,registered,2024-08-16
U1660,kyc_completed,2024-08-17
U1660,card_activated,2024-08-18
U1660,first_transaction,2024-08-19
U1661,app_downloaded,2024-04-30
U1661,registered,2024-05-01
U1662,app_downloaded,2024-07-12
U1662,registered,2024-07-13
U1662,kyc_completed,2024-07-14
U1662,card_activated,2024-07-15
U1662,first_transaction,2024-07-16
U1663,app_downloaded,2024-12-08
U1663,registered,2024-12-09
U1664,app_downloaded,2024-10-30
U1664,registered,2024-10-31
U1664,kyc_completed,2024-11-01
U1664,card_activated,2024-11-02
U1664,first_transaction,2024-11-03
U1665,app_downloaded,2024-03-15
U1665,registered,2024-03-16
U1665,kyc_completed,2024-03-17
U1665,card_activated,2024-03-18
U1665,first_transaction,2024-03-19
U1666,app_downloaded,2024-11-15
U1666,registered,2024-11-16
U1666,kyc_completed,2024-11-17
U1666,card_activated,2024-11-18
U1666,first_transaction,2024-11-19
U1667,app_downloaded,2024-09-29
U1667,registered,2024-09-30
U1668,app_downloaded,2024-12-30
U1668,registered,2024-12-31
U1668,kyc_completed,2025-01-01
U1669,app_downloaded,2024-08-03
U1669,registered,2024-08-04
U1669,kyc_completed,2024-08-05
U1669,card_activated,2024-08-06
U1669,first_transaction,2024-08-07
U1670,app_downloaded,2024-03-27
U1670,registered,2024-03-28
U1670,kyc_completed,2024-03-29
U1670,card_activated,2024-03-30
U1671,app_downloaded,2024-10-09
U1671,registered,2024-10-10
U1671,kyc_completed,2024-10-11
U1671,card_activated,2024-10-12
U1672,app_downloaded,2024-05-10
U1672,registered,2024-05-11
U1673,app_downloaded,2024-12-22
U1673,registered,2024-12-23
U1673,kyc_completed,2024-12-24
U1674,app_downloaded,2024-12-01
U1674,registered,2024-12-02
U1674,kyc_completed,2024-12-03
U1674,card_activated,2024-12-04
U1674,first_transaction,2024-12-05
U1675,app_downloaded,2024-10-21
U1675,registered,2024-10-22
U1675,kyc_completed,2024-10-23
U1675,card_activated,2024-10-24
U1675,first_transaction,2024-10-25
U1676,app_downloaded,2024-02-17
U1676,registered,2024-02-18
U1676,kyc_completed,2024-02-19
U1677,app_downloaded,2024-09-29
U1677,registered,2024-09-30
U1677,kyc_completed,2024-10-01
U1677,card_activated,2024-10-02
U1677,first_transaction,2024-10-03
U1678,app_downloaded,2024-01-27
U1678,registered,2024-01-28
U1679,app_downloaded,2024-01-10
U1679,registered,2024-01-11
U1679,kyc_completed,2024-01-12
U1679,card_activated,2024-01-13
U1679,first_transaction,2024-01-14
U1680,app_downloaded,2024-11-20
U1680,registered,2024-11-21
U1681,app_downloaded,2024-05-16
U1681,registered,2024-05-17
U1681,kyc_completed,2024-05-18
U1682,app_downloaded,2024-10-24
U1682,registered,2024-10-25
U1683,app_downloaded,2024-04-06
U1683,registered,2024-04-07
U1683,kyc_completed,2024-04-08
U1683,card_activated,2024-04-09
U1684,app_downloaded,2024-05-12
U1684,registered,2024-05-13
U1684,kyc_completed,2024-05-14
U1684,card_activated,2024-05-15
U1684,first_transaction,2024-05-16
U1685,app_downloaded,2024-03-18
U1685,registered,2024-03-19
U1685,kyc_completed,2024-03-20
U1686,app_downloaded,2024-04-28
U1686,registered,2024-04-29
U1686,kyc_completed,2024-04-30
U1686,card_activated,2024-05-01
U1686,first_transaction,2024-05-02
U1687,app_downloaded,2024-01-18
U1687,registered,2024-01-19
U1687,kyc_completed,2024-01-20
U1687,card_activated,2024-01-21
U1688,app_downloaded,2024-04-21
U1688,registered,2024-04-22
U1688,kyc_completed,2024-04-23
U1688,card_activated,2024-04-24
U1689,app_downloaded,2024-05-13
U1689,registered,2024-05-14
U1689,kyc_completed,2024-05-15
U1689,card_activated,2024-05-16
U1689,first_transaction,2024-05-17
U1690,app_downloaded,2024-02-26
U1690,registered,2024-02-27
U1690,kyc_completed,2024-02-28
U1691,app_downloaded,2024-05-17
U1691,registered,2024-05-18
U1692,app_downloaded,2024-10-17
U1692,registered,2024-10-18
U1692,kyc_completed,2024-10-19
U1692,card_activated,2024-10-20
U1692,first_transaction,2024-10-21
U1693,app_downloaded,2024-05-04
U1693,registered,2024-05-05
U1693,kyc_completed,2024-05-06
U1694,app_downloaded,2024-10-15
U1694,registered,2024-10-16
U1694,kyc_completed,2024-10-17
U1694,card_activated,2024-10-18
U1695,app_downloaded,2024-12-21
U1695,registered,2024-12-22
U1695,kyc_completed,2024-12-23
U1696,app_downloaded,2024-06-11
U1696,registered,2024-06-12
U1696,kyc_completed,2024-06-13
U1696,card_activated,2024-06-14
U1697,app_downloaded,2024-01-11
U1697,registered,2024-01-12
U1698,app_downloaded,2024-12-21
U1698,registered,2024-12-22
U1698,kyc_completed,2024-12-23
U1698,card_activated,2024-12-24
U1698,first_transaction,2024-12-25
U1699,app_downloaded,2024-02-01
U1699,registered,2024-02-02
U1699,kyc_completed,2024-02-03
U1699,card_activated,2024-02-04
U1700,app_downloaded,2024-07-02
U1700,registered,2024-07-03
U1700,kyc_completed,2024-07-04
U1700,card_activated,2024-07-05
U1700,first_transaction,2024-07-06
U1701,app_downloaded,2024-04-07
U1701,registered,2024-04-08
U1701,kyc_completed,2024-04-09
U1701,card_activated,2024-04-10
U1701,first_transaction,2024-04-11
U1702,app_downloaded,2024-10-01
U1702,registered,2024-10-02
U1702,kyc_completed,2024-10-03
U1702,card_activated,2024-10-04
U1702,first_transaction,2024-10-05
U1703,app_downloaded,2024-09-15
U1703,registered,2024-09-16
U1703,kyc_completed,2024-09-17
U1704,app_downloaded,2024-09-22
U1704,registered,2024-09-23
U1704,kyc_completed,2024-09-24
U1704,card_activated,2024-09-25
U1704,first_transaction,2024-09-26
U1705,app_downloaded,2024-01-27
U1705,registered,2024-01-28
U1705,kyc_completed,2024-01-29
U1705,card_activated,2024-01-30
U1706,app_downloaded,2024-12-21
U1706,registered,2024-12-22
U1706,kyc_completed,2024-12-23
U1707,app_downloaded,2024-02-09
U1707,registered,2024-02-10
U1707,kyc_completed,2024-02-11
U1707,card_activated,2024-02-12
U1707,first_transaction,2024-02-13
U1708,app_downloaded,2024-12-06
U1708,registered,2024-12-07
U1708,kyc_completed,2024-12-08
U1708,card_activated,2024-12-09
U1709,app_downloaded,2024-07-23
U1709,registered,2024-07-24
U1709,kyc_completed,2024-07-25
U1710,app_downloaded,2024-12-24
U1710,registered,2024-12-25
U1710,kyc_completed,2024-12-26
U1710,card_activated,2024-12-27
U1711,app_downloaded,2024-08-10
U1712,app_downloaded,2024-03-12
U1712,registered,2024-03-13
U1712,kyc_completed,2024-03-14
U1712,card_activated,2024-03-15
U1712,first_transaction,2024-03-16
U1713,app_downloaded,2024-05-07
U1713,registered,2024-05-08
U1713,kyc_completed,2024-05-09
U1713,card_activated,2024-05-10
U1713,first_transaction,2024-05-11
U1714,app_downloaded,2024-01-08
U1714,registered,2024-01-09
U1715,app_downloaded,2024-02-25
U1715,registered,2024-02-26
U1715,kyc_completed,2024-02-27
U1716,app_downloaded,2024-09-09
U1716,registered,2024-09-10
U1716,kyc_completed,2024-09-11
U1716,card_activated,2024-09-12
U1717,app_downloaded,2024-02-23
U1717,registered,2024-02-24
U1717,kyc_completed,2024-02-25
U1717,card_activated,2024-02-26
U1717,first_transaction,2024-02-27
U1718,app_downloaded,2024-06-17
U1718,registered,2024-06-18
U1718,kyc_completed,2024-06-19
U1718,card_activated,2024-06-20
U1718,first_transaction,2024-06-21
U1719,app_downloaded,2024-10-26
U1719,registered,2024-10-27
U1719,kyc_completed,2024-10-28
U1719,card_activated,2024-10-29
U1720,app_downloaded,2024-01-02
U1720,registered,2024-01-03
U1720,kyc_completed,2024-01-04
U1721,app_downloaded,2024-08-25
U1721,registered,2024-08-26
U1721,kyc_completed,2024-08-27
U1721,card_activated,2024-08-28
U1722,app_downloaded,2024-08-11
U1722,registered,2024-08-12
U1722,kyc_completed,2024-08-13
U1722,card_activated,2024-08-14
U1723,app_downloaded,2024-12-29
U1723,registered,2024-12-30
U1723,kyc_completed,2024-12-31
U1724,app_downloaded,2024-01-18
U1724,registered,2024-01-19
U1724,kyc_completed,2024-01-20
U1724,card_activated,2024-01-21
U1724,first_transaction,2024-01-22
U1725,app_downloaded,2024-01-03
U1725,registered,2024-01-04
U1725,kyc_completed,2024-01-05
U1725,card_activated,2024-01-06
U1726,app_downloaded,2024-08-08
U1726,registered,2024-08-09
U1727,app_downloaded,2024-02-07
U1727,registered,2024-02-08
U1727,kyc_completed,2024-02-09
U1727,card_activated,2024-02-10
U1727,first_transaction,2024-02-11
U1728,app_downloaded,2024-12-29
U1728,registered,2024-12-30
U1728,kyc_completed,2024-12-31
U1728,card_activated,2025-01-01
U1728,first_transaction,2025-01-02
U1729,app_downloaded,2024-02-05
U1729,registered,2024-02-06
U1729,kyc_completed,2024-02-07
U1729,card_activated,2024-02-08
U1729,first_transaction,2024-02-09
U1730,app_downloaded,2024-04-09
U1730,registered,2024-04-10
U1730,kyc_completed,2024-04-11
U1730,card_activated,2024-04-12
U1730,first_transaction,2024-04-13
U1731,app_downloaded,2024-05-18
U1731,registered,2024-05-19
U1731,kyc_completed,2024-05-20
U1732,app_downloaded,2024-10-04
U1732,registered,2024-10-05
U1732,kyc_completed,2024-10-06
U1732,card_activated,2024-10-07
U1733,app_downloaded,2024-10-12
U1733,registered,2024-10-13
U1733,kyc_completed,2024-10-14
U1734,app_downloaded,2024-10-26
U1734,registered,2024-10-27
U1734,kyc_completed,2024-10-28
U1734,card_activated,2024-10-29
U1734,first_transaction,2024-10-30
U1735,app_downloaded,2024-01-31
U1735,registered,2024-02-01
U1735,kyc_completed,2024-02-02
U1735,card_activated,2024-02-03
U1735,first_transaction,2024-02-04
U1736,app_downloaded,2024-12-07
U1736,registered,2024-12-08
U1736,kyc_completed,2024-12-09
U1736,card_activated,2024-12-10
U1736,first_transaction,2024-12-11
U1737,app_downloaded,2024-01-27
U1737,registered,2024-01-28
U1737,kyc_completed,2024-01-29
U1738,app_downloaded,2024-11-30
U1738,registered,2024-12-01
U1739,app_downloaded,2024-03-01
U1739,registered,2024-03-02
U1739,kyc_completed,2024-03-03
U1739,card_activated,2024-03-04
U1740,app_downloaded,2024-02-27
U1740,registered,2024-02-28
U1740,kyc_completed,2024-02-29
U1740,card_activated,2024-03-01
U1740,first_transaction,2024-03-02
U1741,app_downloaded,2024-11-15
U1741,registered,2024-11-16
U1741,kyc_completed,2024-11-17
U1741,card_activated,2024-11-18
U1741,first_transaction,2024-11-19
U1742,app_downloaded,2024-12-14
U1742,registered,2024-12-15
U1742,kyc_completed,2024-12-16
U1742,card_activated,2024-12-17
U1742,first_transaction,2024-12-18
U1743,app_downloaded,2024-04-29
U1743,registered,2024-04-30
U1744,app_downloaded,2024-09-01
U1744,registered,2024-09-02
U1744,kyc_completed,2024-09-03
U1744,card_activated,2024-09-04
U1744,first_transaction,2024-09-05
U1745,app_downloaded,2024-05-09
U1745,registered,2024-05-10
U1745,kyc_completed,2024-05-11
U1745,card_activated,2024-05-12
U1746,app_downloaded,2024-10-07
U1746,registered,2024-10-08
U1746,kyc_completed,2024-10-09
U1746,card_activated,2024-10-10
U1747,app_downloaded,2024-03-09
U1747,registered,2024-03-10
U1747,kyc_completed,2024-03-11
U1748,app_downloaded,2024-04-22
U1748,registered,2024-04-23
U1748,kyc_completed,2024-04-24
U1748,card_activated,2024-04-25
U1749,app_downloaded,2024-06-20
U1749,registered,2024-06-21
U1749,kyc_completed,2024-06-22
U1750,app_downloaded,2024-02-18
U1751,app_downloaded,2024-01-03
U1751,registered,2024-01-04
U1751,kyc_completed,2024-01-05
U1751,card_activated,2024-01-06
U1752,app_downloaded,2024-12-11
U1752,registered,2024-12-12
U1753,app_downloaded,2024-03-05
U1753,registered,2024-03-06
U1753,kyc_completed,2024-03-07
U1754,app_downloaded,2024-06-06
U1754,registered,2024-06-07
U1754,kyc_completed,2024-06-08
U1754,card_activated,2024-06-09
U1754,first_transaction,2024-06-10
U1755,app_downloaded,2024-04-27
U1755,registered,2024-04-28
U1755,kyc_completed,2024-04-29
U1755,card_activated,2024-04-30
U1755,first_transaction,2024-05-01
U1756,app_downloaded,2024-08-08
U1756,registered,2024-08-09
U1756,kyc_completed,2024-08-10
U1756,card_activated,2024-08-11
U1757,app_downloaded,2024-06-30
U1757,registered,2024-07-01
U1757,kyc_completed,2024-07-02
U1757,card_activated,2024-07-03
U1758,app_downloaded,2024-08-02
U1758,registered,2024-08-03
U1758,kyc_completed,2024-08-04
U1758,card_activated,2024-08-05
U1758,first_transaction,2024-08-06
U1759,app_downloaded,2024-10-16
U1759,registered,2024-10-17
U1760,app_downloaded,2024-07-10
U1760,registered,2024-07-11
U1760,kyc_completed,2024-07-12
U1761,app_downloaded,2024-04-18
U1761,registered,2024-04-19
U1762,app_downloaded,2024-03-07
U1762,registered,2024-03-08
U1762,kyc_completed,2024-03-09
U1763,app_downloaded,2024-08-29
U1763,registered,2024-08-30
U1763,kyc_completed,2024-08-31
U1763,card_activated,2024-09-01
U1763,first_transaction,2024-09-02
U1764,app_downloaded,2024-10-08
U1764,registered,2024-10-09
U1765,app_downloaded,2024-01-19
U1765,registered,2024-01-20
U1765,kyc_completed,2024-01-21
U1765,card_activated,2024-01-22
U1765,first_transaction,2024-01-23
U1766,app_downloaded,2024-11-17
U1766,registered,2024-11-18
U1766,kyc_completed,2024-11-19
U1766,card_activated,2024-11-20
U1766,first_transaction,2024-11-21
U1767,app_downloaded,2024-02-04
U1767,registered,2024-02-05
U1767,kyc_completed,2024-02-06
U1768,app_downloaded,2024-11-09
U1768,registered,2024-11-10
U1769,app_downloaded,2024-12-01
U1769,registered,2024-12-02
U1769,kyc_completed,2024-12-03
U1770,app_downloaded,2024-05-23
U1770,registered,2024-05-24
U1770,kyc_completed,2024-05-25
U1770,card_activated,2024-05-26
U1771,app_downloaded,2024-04-29
U1771,registered,2024-04-30
U1771,kyc_completed,2024-05-01
U1771,card_activated,2024-05-02
U1771,first_transaction,2024-05-03
U1772,app_downloaded,2024-02-02
U1772,registered,2024-02-03
U1772,kyc_completed,2024-02-04
U1772,card_activated,2024-02-05
U1772,first_transaction,2024-02-06
U1773,app_downloaded,2024-12-23
U1773,registered,2024-12-24
U1773,kyc_completed,2024-12-25
U1773,card_activated,2024-12-26
U1774,app_downloaded,2024-06-01
U1774,registered,2024-06-02
U1774,kyc_completed,2024-06-03
U1774,card_activated,2024-06-04
U1774,first_transaction,2024-06-05
U1775,app_downloaded,2024-12-02
U1775,registered,2024-12-03
U1775,kyc_completed,2024-12-04
U1775,card_activated,2024-12-05
U1775,first_transaction,2024-12-06
U1776,app_downloaded,2024-09-19
U1776,registered,2024-09-20
U1776,kyc_completed,2024-09-21
U1776,card_activated,2024-09-22
U1777,app_downloaded,2024-12-02
U1778,app_downloaded,2024-05-24
U1778,registered,2024-05-25
U1779,app_downloaded,2024-08-26
U1779,registered,2024-08-27
U1779,kyc_completed,2024-08-28
U1780,app_downloaded,2024-06-14
U1780,registered,2024-06-15
U1780,kyc_completed,2024-06-16
U1780,card_activated,2024-06-17
U1780,first_transaction,2024-06-18
U1781,app_downloaded,2024-05-05
U1781,registered,2024-05-06
U1781,kyc_completed,2024-05-07
U1782,app_downloaded,2024-09-02
U1782,registered,2024-09-03
U1782,kyc_completed,2024-09-04
U1782,card_activated,2024-09-05
U1782,first_transaction,2024-09-06
U1783,app_downloaded,2024-01-06
U1783,registered,2024-01-07
U1783,kyc_completed,2024-01-08
U1783,card_activated,2024-01-09
U1784,app_downloaded,2024-08-16
U1784,registered,2024-08-17
U1784,kyc_completed,2024-08-18
U1784,card_activated,2024-08-19
U1784,first_transaction,2024-08-20
U1785,app_downloaded,2024-04-24
U1785,registered,2024-04-25
U1785,kyc_completed,2024-04-26
U1786,app_downloaded,2024-10-03
U1786,registered,2024-10-04
U1786,kyc_completed,2024-10-05
U1786,card_activated,2024-10-06
U1786,first_transaction,2024-10-07
U1787,app_downloaded,2024-01-20
U1787,registered,2024-01-21
U1788,app_downloaded,2024-01-28
U1788,registered,2024-01-29
U1788,kyc_completed,2024-01-30
U1788,card_activated,2024-01-31
U1788,first_transaction,2024-02-01
U1789,app_downloaded,2024-01-02
U1789,registered,2024-01-03
U1790,app_downloaded,2024-03-16
U1790,registered,2024-03-17
U1790,kyc_completed,2024-03-18
U1790,card_activated,2024-03-19
U1791,app_downloaded,2024-12-11
U1791,registered,2024-12-12
U1791,kyc_completed,2024-12-13
U1791,card_activated,2024-12-14
U1792,app_downloaded,2024-09-09
U1792,registered,2024-09-10
U1792,kyc_completed,2024-09-11
U1792,card_activated,2024-09-12
U1792,first_transaction,2024-09-13
U1793,app_downloaded,2024-02-20
U1793,registered,2024-02-21
U1793,kyc_completed,2024-02-22
U1794,app_downloaded,2024-09-14
U1794,registered,2024-09-15
U1794,kyc_completed,2024-09-16
U1795,app_downloaded,2024-06-11
U1795,registered,2024-06-12
U1795,kyc_completed,2024-06-13
U1796,app_downloaded,2024-06-11
U1796,registered,2024-06-12
U1796,kyc_completed,2024-06-13
U1796,card_activated,2024-06-14
U1796,first_transaction,2024-06-15
U1797,app_downloaded,2024-01-14
U1797,registered,2024-01-15
U1797,kyc_completed,2024-01-16
U1798,app_downloaded,2024-08-11
U1798,registered,2024-08-12
U1798,kyc_completed,2024-08-13
U1799,app_downloaded,2024-08-16
U1799,registered,2024-08-17
U1799,kyc_completed,2024-08-18
U1799,card_activated,2024-08-19
U1799,first_transaction,2024-08-20
U1800,app_downloaded,2024-02-07
U1800,registered,2024-02-08
U1800,kyc_completed,2024-02-09
U1800,card_activated,2024-02-10
U1801,app_downloaded,2024-09-19
U1801,registered,2024-09-20
U1801,kyc_completed,2024-09-21
U1801,card_activated,2024-09-22
U1801,first_transaction,2024-09-23
U1802,app_downloaded,2024-04-25
U1802,registered,2024-04-26
U1802,kyc_completed,2024-04-27
U1802,card_activated,2024-04-28
U1803,app_downloaded,2024-02-07
U1803,registered,2024-02-08
U1803,kyc_completed,2024-02-09
U1804,app_downloaded,2024-11-18
U1804,registered,2024-11-19
U1804,kyc_completed,2024-11-20
U1805,app_downloaded,2024-01-21
U1805,registered,2024-01-22
U1805,kyc_completed,2024-01-23
U1805,card_activated,2024-01-24
U1805,first_transaction,2024-01-25
U1806,app_downloaded,2024-07-09
U1806,registered,2024-07-10
U1806,kyc_completed,2024-07-11
U1807,app_downloaded,2024-05-15
U1807,registered,2024-05-16
U1807,kyc_completed,2024-05-17
U1807,card_activated,2024-05-18
U1807,first_transaction,2024-05-19
U1808,app_downloaded,2024-02-11
U1808,registered,2024-02-12
U1808,kyc_completed,2024-02-13
U1808,card_activated,2024-02-14
U1808,first_transaction,2024-02-15
U1809,app_downloaded,2024-10-24
U1809,registered,2024-10-25
U1809,kyc_completed,2024-10-26
U1810,app_downloaded,2024-10-16
U1810,registered,2024-10-17
U1810,kyc_completed,2024-10-18
U1810,card_activated,2024-10-19
U1811,app_downloaded,2024-01-05
U1811,registered,2024-01-06
U1811,kyc_completed,2024-01-07
U1811,card_activated,2024-01-08
U1811,first_transaction,2024-01-09
U1812,app_downloaded,2024-03-25
U1812,registered,2024-03-26
U1812,kyc_completed,2024-03-27
U1813,app_downloaded,2024-04-02
U1813,registered,2024-04-03
U1813,kyc_completed,2024-04-04
U1813,card_activated,2024-04-05
U1813,first_transaction,2024-04-06
U1814,app_downloaded,2024-11-25
U1814,registered,2024-11-26
U1814,kyc_completed,2024-11-27
U1814,card_activated,2024-11-28
U1815,app_downloaded,2024-12-01
U1815,registered,2024-12-02
U1815,kyc_completed,2024-12-03
U1815,card_activated,2024-12-04
U1815,first_transaction,2024-12-05
U1816,app_downloaded,2024-06-09
U1816,registered,2024-06-10
U1816,kyc_completed,2024-06-11
U1816,card_activated,2024-06-12
U1817,app_downloaded,2024-03-16
U1817,registered,2024-03-17
U1817,kyc_completed,2024-03-18
U1817,card_activated,2024-03-19
U1818,app_downloaded,2024-01-13
U1818,registered,2024-01-14
U1818,kyc_completed,2024-01-15
U1818,card_activated,2024-01-16
U1819,app_downloaded,2024-03-12
U1819,registered,2024-03-13
U1819,kyc_completed,2024-03-14
U1819,card_activated,2024-03-15
U1819,first_transaction,2024-03-16
U1820,app_downloaded,2024-01-11
U1821,app_downloaded,2024-02-14
U1821,registered,2024-02-15
U1821,kyc_completed,2024-02-16
U1821,card_activated,2024-02-17
U1821,first_transaction,2024-02-18
U1822,app_downloaded,2024-06-29
U1822,registered,2024-06-30
U1822,kyc_completed,2024-07-01
U1823,app_downloaded,2024-06-19
U1823,registered,2024-06-20
U1823,kyc_completed,2024-06-21
U1823,card_activated,2024-06-22
U1823,first_transaction,2024-06-23
U1824,app_downloaded,2024-01-19
U1824,registered,2024-01-20
U1825,app_downloaded,2024-10-19
U1826,app_downloaded,2024-07-29
U1826,registered,2024-07-30
U1826,kyc_completed,2024-07-31
U1826,card_activated,2024-08-01
U1826,first_transaction,2024-08-02
U1827,app_downloaded,2024-08-13
U1827,registered,2024-08-14
U1827,kyc_completed,2024-08-15
U1828,app_downloaded,2024-02-05
U1828,registered,2024-02-06
U1828,kyc_completed,2024-02-07
U1829,app_downloaded,2024-11-27
U1830,app_downloaded,2024-01-28
U1830,registered,2024-01-29
U1830,kyc_completed,2024-01-30
U1830,card_activated,2024-01-31
U1831,app_downloaded,2024-06-10
U1831,registered,2024-06-11
U1831,kyc_completed,2024-06-12
U1831,card_activated,2024-06-13
U1831,first_transaction,2024-06-14
U1832,app_downloaded,2024-12-04
U1832,registered,2024-12-05
U1832,kyc_completed,2024-12-06
U1833,app_downloaded,2024-05-05
U1833,registered,2024-05-06
U1833,kyc_completed,2024-05-07
U1833,card_activated,2024-05-08
U1834,app_downloaded,2024-10-02
U1834,registered,2024-10-03
U1835,app_downloaded,2024-09-01
U1835,registered,2024-09-02
U1835,kyc_completed,2024-09-03
U1835,card_activated,2024-09-04
U1835,first_transaction,2024-09-05
U1836,app_downloaded,2024-04-11
U1836,registered,2024-04-12
U1836,kyc_completed,2024-04-13
U1836,card_activated,2024-04-14
U1836,first_transaction,2024-04-15
U1837,app_downloaded,2024-05-07
U1837,registered,2024-05-08
U1837,kyc_completed,2024-05-09
U1838,app_downloaded,2024-07-09
U1838,registered,2024-07-10
U1839,app_downloaded,2024-02-18
U1839,registered,2024-02-19
U1840,app_downloaded,2024-07-07
U1840,registered,2024-07-08
U1840,kyc_completed,2024-07-09
U1841,app_downloaded,2024-12-20
U1841,registered,2024-12-21
U1842,app_downloaded,2024-10-29
U1842,registered,2024-10-30
U1842,kyc_completed,2024-10-31
U1842,card_activated,2024-11-01
U1842,first_transaction,2024-11-02
U1843,app_downloaded,2024-08-13
U1844,app_downloaded,2024-03-11
U1844,registered,2024-03-12
U1844,kyc_completed,2024-03-13
U1844,card_activated,2024-03-14
U1844,first_transaction,2024-03-15
U1845,app_downloaded,2024-02-09
U1845,registered,2024-02-10
U1845,kyc_completed,2024-02-11
U1845,card_activated,2024-02-12
U1845,first_transaction,2024-02-13
U1846,app_downloaded,2024-03-19
U1846,registered,2024-03-20
U1847,app_downloaded,2024-10-30
U1847,registered,2024-10-31
U1847,kyc_completed,2024-11-01
U1847,card_activated,2024-11-02
U1848,app_downloaded,2024-03-27
U1848,registered,2024-03-28
U1848,kyc_completed,2024-03-29
U1848,card_activated,2024-03-30
U1848,first_transaction,2024-03-31
U1849,app_downloaded,2024-12-29
U1849,registered,2024-12-30
U1849,kyc_completed,2024-12-31
U1849,card_activated,2025-01-01
U1849,first_transaction,2025-01-02
U1850,app_downloaded,2024-10-15
U1850,registered,2024-10-16
U1851,app_downloaded,2024-12-23
U1851,registered,2024-12-24
U1851,kyc_completed,2024-12-25
U1852,app_downloaded,2024-08-22
U1852,registered,2024-08-23
U1852,kyc_completed,2024-08-24
U1852,card_activated,2024-08-25
U1852,first_transaction,2024-08-26
U1853,app_downloaded,2024-05-16
U1853,registered,2024-05-17
U1853,kyc_completed,2024-05-18
U1853,card_activated,2024-05-19
U1853,first_transaction,2024-05-20
U1854,app_downloaded,2024-11-25
U1854,registered,2024-11-26
U1854,kyc_completed,2024-11-27
U1854,card_activated,2024-11-28
U1854,first_transaction,2024-11-29
U1855,app_downloaded,2024-06-24
U1855,registered,2024-06-25
U1855,kyc_completed,2024-06-26
U1855,card_activated,2024-06-27
U1855,first_transaction,2024-06-28
U1856,app_downloaded,2024-06-07
U1856,registered,2024-06-08
U1856,kyc_completed,2024-06-09
U1856,card_activated,2024-06-10
U1856,first_transaction,2024-06-11
U1857,app_downloaded,2024-03-26
U1857,registered,2024-03-27
U1857,kyc_completed,2024-03-28
U1858,app_downloaded,2024-09-26
U1858,registered,2024-09-27
U1858,kyc_completed,2024-09-28
U1859,app_downloaded,2024-11-26
U1859,registered,2024-11-27
U1859,kyc_completed,2024-11-28
U1859,card_activated,2024-11-29
U1859,first_transaction,2024-11-30
U1860,app_downloaded,2024-12-11
U1860,registered,2024-12-12
U1860,kyc_completed,2024-12-13
U1860,card_activated,2024-12-14
U1861,app_downloaded,2024-10-24
U1862,app_downloaded,2024-07-26
U1863,app_downloaded,2024-12-21
U1863,registered,2024-12-22
U1863,kyc_completed,2024-12-23
U1864,app_downloaded,2024-06-17
U1864,registered,2024-06-18
U1865,app_downloaded,2024-07-21
U1865,registered,2024-07-22
U1866,app_downloaded,2024-04-15
U1866,registered,2024-04-16
U1866,kyc_completed,2024-04-17
U1866,card_activated,2024-04-18
U1866,first_transaction,2024-04-19
U1867,app_downloaded,2024-04-27
U1867,registered,2024-04-28
U1867,kyc_completed,2024-04-29
U1867,card_activated,2024-04-30
U1868,app_downloaded,2024-09-09
U1868,registered,2024-09-10
U1868,kyc_completed,2024-09-11
U1868,card_activated,2024-09-12
U1869,app_downloaded,2024-03-29
U1869,registered,2024-03-30
U1869,kyc_completed,2024-03-31
U1869,card_activated,2024-04-01
U1870,app_downloaded,2024-09-09
U1870,registered,2024-09-10
U1870,kyc_completed,2024-09-11
U1870,card_activated,2024-09-12
U1871,app_downloaded,2024-11-30
U1871,registered,2024-12-01
U1871,kyc_completed,2024-12-02
U1871,card_activated,2024-12-03
U1871,first_transaction,2024-12-04
U1872,app_downloaded,2024-06-13
U1872,registered,2024-06-14
U1872,kyc_completed,2024-06-15
U1872,card_activated,2024-06-16
U1873,app_downloaded,2024-05-23
U1873,registered,2024-05-24
U1874,app_downloaded,2024-04-09
U1874,registered,2024-04-10
U1874,kyc_completed,2024-04-11
U1874,card_activated,2024-04-12
U1874,first_transaction,2024-04-13
U1875,app_downloaded,2024-06-01
U1875,registered,2024-06-02
U1875,kyc_completed,2024-06-03
U1875,card_activated,2024-06-04
U1875,first_transaction,2024-06-05
U1876,app_downloaded,2024-05-02
U1876,registered,2024-05-03
U1876,kyc_completed,2024-05-04
U1877,app_downloaded,2024-12-12
U1877,registered,2024-12-13
U1877,kyc_completed,2024-12-14
U1877,card_activated,2024-12-15
U1877,first_transaction,2024-12-16
U1878,app_downloaded,2024-03-05
U1879,app_downloaded,2024-12-15
U1879,registered,2024-12-16
U1880,app_downloaded,2024-01-31
U1880,registered,2024-02-01
U1880,kyc_completed,2024-02-02
U1881,app_downloaded,2024-03-10
U1881,registered,2024-03-11
U1881,kyc_completed,2024-03-12
U1881,card_activated,2024-03-13
U1881,first_transaction,2024-03-14
U1882,app_downloaded,2024-05-12
U1882,registered,2024-05-13
U1882,kyc_completed,2024-05-14
U1882,card_activated,2024-05-15
U1883,app_downloaded,2024-05-31
U1883,registered,2024-06-01
U1883,kyc_completed,2024-06-02
U1883,card_activated,2024-06-03
U1883,first_transaction,2024-06-04
U1884,app_downloaded,2024-06-16
U1884,registered,2024-06-17
U1885,app_downloaded,2024-08-19
U1885,registered,2024-08-20
U1885,kyc_completed,2024-08-21
U1885,card_activated,2024-08-22
U1885,first_transaction,2024-08-23
U1886,app_downloaded,2024-06-14
U1886,registered,2024-06-15
U1887,app_downloaded,2024-07-22
U1887,registered,2024-07-23
U1887,kyc_completed,2024-07-24
U1887,card_activated,2024-07-25
U1887,first_transaction,2024-07-26
U1888,app_downloaded,2024-10-06
U1888,registered,2024-10-07
U1888,kyc_completed,2024-10-08
U1888,card_activated,2024-10-09
U1888,first_transaction,2024-10-10
U1889,app_downloaded,2024-01-25
U1889,registered,2024-01-26
U1890,app_downloaded,2024-06-16
U1890,registered,2024-06-17
U1890,kyc_completed,2024-06-18
U1891,app_downloaded,2024-04-04
U1891,registered,2024-04-05
U1891,kyc_completed,2024-04-06
U1891,card_activated,2024-04-07
U1892,app_downloaded,2024-05-17
U1892,registered,2024-05-18
U1892,kyc_completed,2024-05-19
U1892,card_activated,2024-05-20
U1892,first_transaction,2024-05-21
U1893,app_downloaded,2024-01-09
U1893,registered,2024-01-10
U1893,kyc_completed,2024-01-11
U1893,card_activated,2024-01-12
U1893,first_transaction,2024-01-13
U1894,app_downloaded,2024-06-02
U1894,registered,2024-06-03
U1894,kyc_completed,2024-06-04
U1894,card_activated,2024-06-05
U1894,first_transaction,2024-06-06
U1895,app_downloaded,2024-06-19
U1895,registered,2024-06-20
U1895,kyc_completed,2024-06-21
U1896,app_downloaded,2024-10-25
U1896,registered,2024-10-26
U1896,kyc_completed,2024-10-27
U1897,app_downloaded,2024-05-20
U1897,registered,2024-05-21
U1897,kyc_completed,2024-05-22
U1897,card_activated,2024-05-23
U1897,first_transaction,2024-05-24
U1898,app_downloaded,2024-05-13
U1898,registered,2024-05-14
U1898,kyc_completed,2024-05-15
U1898,card_activated,2024-05-16
U1898,first_transaction,2024-05-17
U1899,app_downloaded,2024-09-26
U1899,registered,2024-09-27
U1899,kyc_completed,2024-09-28
U1899,card_activated,2024-09-29
U1899,first_transaction,2024-09-30
U1900,app_downloaded,2024-06-04
U1900,registered,2024-06-05
U1901,app_downloaded,2024-09-03
U1901,registered,2024-09-04
U1901,kyc_completed,2024-09-05
U1901,card_activated,2024-09-06
U1901,first_transaction,2024-09-07
U1902,app_downloaded,2024-09-06
U1902,registered,2024-09-07
U1902,kyc_completed,2024-09-08
U1902,card_activated,2024-09-09
U1902,first_transaction,2024-09-10
U1903,app_downloaded,2024-05-04
U1903,registered,2024-05-05
U1903,kyc_completed,2024-05-06
U1904,app_downloaded,2024-03-01
U1904,registered,2024-03-02
U1905,app_downloaded,2024-11-01
U1905,registered,2024-11-02
U1905,kyc_completed,2024-11-03
U1905,card_activated,2024-11-04
U1906,app_downloaded,2024-03-31
U1906,registered,2024-04-01
U1906,kyc_completed,2024-04-02
U1906,card_activated,2024-04-03
U1906,first_transaction,2024-04-04
U1907,app_downloaded,2024-09-15
U1907,registered,2024-09-16
U1907,kyc_completed,2024-09-17
U1907,card_activated,2024-09-18
U1907,first_transaction,2024-09-19
U1908,app_downloaded,2024-03-14
U1908,registered,2024-03-15
U1908,kyc_completed,2024-03-16
U1909,app_downloaded,2024-01-21
U1909,registered,2024-01-22
U1909,kyc_completed,2024-01-23
U1909,card_activated,2024-01-24
U1910,app_downloaded,2024-11-07
U1910,registered,2024-11-08
U1910,kyc_completed,2024-11-09
U1910,card_activated,2024-11-10
U1910,first_transaction,2024-11-11
U1911,app_downloaded,2024-03-23
U1911,registered,2024-03-24
U1911,kyc_completed,2024-03-25
U1912,app_downloaded,2024-05-22
U1912,registered,2024-05-23
U1913,app_downloaded,2024-04-10
U1913,registered,2024-04-11
U1913,kyc_completed,2024-04-12
U1913,card_activated,2024-04-13
U1913,first_transaction,2024-04-14
U1914,app_downloaded,2024-09-19
U1914,registered,2024-09-20
U1914,kyc_completed,2024-09-21
U1914,card_activated,2024-09-22
U1914,first_transaction,2024-09-23
U1915,app_downloaded,2024-09-10
U1915,registered,2024-09-11
U1916,app_downloaded,2024-01-05
U1916,registered,2024-01-06
U1916,kyc_completed,2024-01-07
U1917,app_downloaded,2024-07-13
U1917,registered,2024-07-14
U1917,kyc_completed,2024-07-15
U1917,card_activated,2024-07-16
U1917,first_transaction,2024-07-17
U1918,app_downloaded,2024-08-10
U1918,registered,2024-08-11
U1918,kyc_completed,2024-08-12
U1918,card_activated,2024-08-13
U1918,first_transaction,2024-08-14
U1919,app_downloaded,2024-02-14
U1919,registered,2024-02-15
U1919,kyc_completed,2024-02-16
U1919,card_activated,2024-02-17
U1919,first_transaction,2024-02-18
U1920,app_downloaded,2024-11-12
U1921,app_downloaded,2024-01-30
U1921,registered,2024-01-31
U1921,kyc_completed,2024-02-01
U1922,app_downloaded,2024-05-29
U1922,registered,2024-05-30
U1922,kyc_completed,2024-05-31
U1922,card_activated,2024-06-01
U1923,app_downloaded,2024-06-10
U1923,registered,2024-06-11
U1924,app_downloaded,2024-08-15
U1924,registered,2024-08-16
U1925,app_downloaded,2024-11-17
U1925,registered,2024-11-18
U1925,kyc_completed,2024-11-19
U1925,card_activated,2024-11-20
U1925,first_transaction,2024-11-21
U1926,app_downloaded,2024-05-16
U1926,registered,2024-05-17
U1926,kyc_completed,2024-05-18
U1926,card_activated,2024-05-19
U1926,first_transaction,2024-05-20
U1927,app_downloaded,2024-08-09
U1927,registered,2024-08-10
U1927,kyc_completed,2024-08-11
U1928,app_downloaded,2024-07-24
U1928,registered,2024-07-25
U1928,kyc_completed,2024-07-26
U1929,app_downloaded,2024-08-31
U1929,registered,2024-09-01
U1929,kyc_completed,2024-09-02
U1929,card_activated,2024-09-03
U1929,first_transaction,2024-09-04
U1930,app_downloaded,2024-05-26
U1930,registered,2024-05-27
U1930,kyc_completed,2024-05-28
U1931,app_downloaded,2024-12-26
U1931,registered,2024-12-27
U1931,kyc_completed,2024-12-28
U1932,app_downloaded,2024-06-05
U1932,registered,2024-06-06
U1932,kyc_completed,2024-06-07
U1932,card_activated,2024-06-08
U1932,first_transaction,2024-06-09
U1933,app_downloaded,2024-08-30
U1933,registered,2024-08-31
U1933,kyc_completed,2024-09-01
U1934,app_downloaded,2024-07-09
U1934,registered,2024-07-10
U1934,kyc_completed,2024-07-11
U1934,card_activated,2024-07-12
U1935,app_downloaded,2024-07-04
U1935,registered,2024-07-05
U1935,kyc_completed,2024-07-06
U1935,card_activated,2024-07-07
U1935,first_transaction,2024-07-08
U1936,app_downloaded,2024-11-26
U1936,registered,2024-11-27
U1936,kyc_completed,2024-11-28
U1937,app_downloaded,2024-12-05
U1937,registered,2024-12-06
U1937,kyc_completed,2024-12-07
U1937,card_activated,2024-12-08
U1938,app_downloaded,2024-11-20
U1938,registered,2024-11-21
U1938,kyc_completed,2024-11-22
U1938,card_activated,2024-11-23
U1938,first_transaction,2024-11-24
U1939,app_downloaded,2024-09-04
U1939,registered,2024-09-05
U1939,kyc_completed,2024-09-06
U1939,card_activated,2024-09-07
U1939,first_transaction,2024-09-08
U1940,app_downloaded,2024-11-23
U1940,registered,2024-11-24
U1940,kyc_completed,2024-11-25
U1940,card_activated,2024-11-26
U1940,first_transaction,2024-11-27
U1941,app_downloaded,2024-12-29
U1941,registered,2024-12-30
U1941,kyc_completed,2024-12-31
U1941,card_activated,2025-01-01
U1941,first_transaction,2025-01-02
U1942,app_downloaded,2024-03-02
U1942,registered,2024-03-03
U1942,kyc_completed,2024-03-04
U1943,app_downloaded,2024-11-11
U1943,registered,2024-11-12
U1943,kyc_completed,2024-11-13
U1943,card_activated,2024-11-14
U1944,app_downloaded,2024-03-13
U1944,registered,2024-03-14
U1944,kyc_completed,2024-03-15
U1944,card_activated,2024-03-16
U1945,app_downloaded,2024-04-07
U1945,registered,2024-04-08
U1945,kyc_completed,2024-04-09
U1945,card_activated,2024-04-10
U1946,app_downloaded,2024-01-09
U1946,registered,2024-01-10
U1946,kyc_completed,2024-01-11
U1947,app_downloaded,2024-03-31
U1947,registered,2024-04-01
U1947,kyc_completed,2024-04-02
U1948,app_downloaded,2024-10-07
U1949,app_downloaded,2024-09-11
U1949,registered,2024-09-12
U1950,app_downloaded,2024-06-08
U1950,registered,2024-06-09
U1950,kyc_completed,2024-06-10
U1950,card_activated,2024-06-11
U1950,first_transaction,2024-06-12
U1951,app_downloaded,2024-05-24
U1951,registered,2024-05-25
U1951,kyc_completed,2024-05-26
U1952,app_downloaded,2024-10-31
U1952,registered,2024-11-01
U1953,app_downloaded,2024-06-17
U1953,registered,2024-06-18
U1953,kyc_completed,2024-06-19
U1953,card_activated,2024-06-20
U1954,app_downloaded,2024-08-13
U1954,registered,2024-08-14
U1955,app_downloaded,2024-03-26
U1955,registered,2024-03-27
U1955,kyc_completed,2024-03-28
U1955,card_activated,2024-03-29
U1956,app_downloaded,2024-10-23
U1956,registered,2024-10-24
U1957,app_downloaded,2024-11-08
U1957,registered,2024-11-09
U1957,kyc_completed,2024-11-10
U1957,card_activated,2024-11-11
U1957,first_transaction,2024-11-12
U1958,app_downloaded,2024-08-28
U1958,registered,2024-08-29
U1958,kyc_completed,2024-08-30
U1958,card_activated,2024-08-31
U1958,first_transaction,2024-09-01
U1959,app_downloaded,2024-03-28
U1959,registered,2024-03-29
U1959,kyc_completed,2024-03-30
U1959,card_activated,2024-03-31
U1959,first_transaction,2024-04-01
U1960,app_downloaded,2024-09-26
U1960,registered,2024-09-27
U1960,kyc_completed,2024-09-28
U1961,app_downloaded,2024-03-27
U1961,registered,2024-03-28
U1961,kyc_completed,2024-03-29
U1961,card_activated,2024-03-30
U1961,first_transaction,2024-03-31
U1962,app_downloaded,2024-05-18
U1962,registered,2024-05-19
U1962,kyc_completed,2024-05-20
U1962,card_activated,2024-05-21
U1962,first_transaction,2024-05-22
U1963,app_downloaded,2024-01-06
U1963,registered,2024-01-07
U1963,kyc_completed,2024-01-08
U1964,app_downloaded,2024-05-10
U1964,registered,2024-05-11
U1964,kyc_completed,2024-05-12
U1965,app_downloaded,2024-09-10
U1965,registered,2024-09-11
U1966,app_downloaded,2024-07-30
U1966,registered,2024-07-31
U1966,kyc_completed,2024-08-01
U1966,card_activated,2024-08-02
U1966,first_transaction,2024-08-03
U1967,app_downloaded,2024-05-07
U1967,registered,2024-05-08
U1968,app_downloaded,2024-10-14
U1968,registered,2024-10-15
U1968,kyc_completed,2024-10-16
U1968,card_activated,2024-10-17
U1968,first_transaction,2024-10-18
U1969,app_downloaded,2024-01-07
U1969,registered,2024-01-08
U1970,app_downloaded,2024-10-04
U1970,registered,2024-10-05
U1970,kyc_completed,2024-10-06
U1970,card_activated,2024-10-07
U1971,app_downloaded,2024-03-02
U1971,registered,2024-03-03
U1971,kyc_completed,2024-03-04
U1971,card_activated,2024-03-05
U1972,app_downloaded,2024-07-17
U1972,registered,2024-07-18
U1972,kyc_completed,2024-07-19
U1973,app_downloaded,2024-01-12
U1973,registered,2024-01-13
U1973,kyc_completed,2024-01-14
U1974,app_downloaded,2024-10-12
U1974,registered,2024-10-13
U1974,kyc_completed,2024-10-14
U1974,card_activated,2024-10-15
U1975,app_downloaded,2024-04-12
U1975,registered,2024-04-13
U1975,kyc_completed,2024-04-14
U1975,card_activated,2024-04-15
U1975,first_transaction,2024-04-16
U1976,app_downloaded,2024-06-19
U1976,registered,2024-06-20
U1976,kyc_completed,2024-06-21
U1976,card_activated,2024-06-22
U1977,app_downloaded,2024-02-25
U1977,registered,2024-02-26
U1977,kyc_completed,2024-02-27
U1977,card_activated,2024-02-28
U1977,first_transaction,2024-02-29
U1978,app_downloaded,2024-04-26
U1978,registered,2024-04-27
U1978,kyc_completed,2024-04-28
U1978,card_activated,2024-04-29
U1978,first_transaction,2024-04-30
U1979,app_downloaded,2024-01-10
U1979,registered,2024-01-11
U1979,kyc_completed,2024-01-12
U1980,app_downloaded,2024-05-31
U1980,registered,2024-06-01
U1981,app_downloaded,2024-07-08
U1981,registered,2024-07-09
U1981,kyc_completed,2024-07-10
U1981,card_activated,2024-07-11
U1981,first_transaction,2024-07-12
U1982,app_downloaded,2024-01-17
U1982,registered,2024-01-18
U1983,app_downloaded,2024-10-21
U1983,registered,2024-10-22
U1983,kyc_completed,2024-10-23
U1983,card_activated,2024-10-24
U1983,first_transaction,2024-10-25
U1984,app_downloaded,2024-08-06
U1984,registered,2024-08-07
U1984,kyc_completed,2024-08-08
U1985,app_downloaded,2024-10-27
U1985,registered,2024-10-28
U1985,kyc_completed,2024-10-29
U1985,card_activated,2024-10-30
U1985,first_transaction,2024-10-31
U1986,app_downloaded,2024-02-24
U1986,registered,2024-02-25
U1986,kyc_completed,2024-02-26
U1986,card_activated,2024-02-27
U1986,first_transaction,2024-02-28
U1987,app_downloaded,2024-11-24
U1987,registered,2024-11-25
U1987,kyc_completed,2024-11-26
U1987,card_activated,2024-11-27
U1987,first_transaction,2024-11-28
U1988,app_downloaded,2024-07-07
U1988,registered,2024-07-08
U1989,app_downloaded,2024-02-24
U1989,registered,2024-02-25
U1989,kyc_completed,2024-02-26
U1990,app_downloaded,2024-11-29
U1990,registered,2024-11-30
U1990,kyc_completed,2024-12-01
U1990,card_activated,2024-12-02
U1990,first_transaction,2024-12-03
U1991,app_downloaded,2024-08-23
U1991,registered,2024-08-24
U1991,kyc_completed,2024-08-25
U1992,app_downloaded,2024-01-24
U1992,registered,2024-01-25
U1992,kyc_completed,2024-01-26
U1992,card_activated,2024-01-27
U1993,app_downloaded,2024-02-27
U1993,registered,2024-02-28
U1993,kyc_completed,2024-02-29
U1993,card_activated,2024-03-01
U1993,first_transaction,2024-03-02
U1994,app_downloaded,2024-12-31
U1994,registered,2025-01-01
U1995,app_downloaded,2024-05-20
U1995,registered,2024-05-21
U1995,kyc_completed,2024-05-22
U1995,card_activated,2024-05-23
U1995,first_transaction,2024-05-24
U1996,app_downloaded,2024-09-02
U1996,registered,2024-09-03
U1996,kyc_completed,2024-09-04
U1997,app_downloaded,2024-04-09
U1997,registered,2024-04-10
U1998,app_downloaded,2024-07-17
U1998,registered,2024-07-18
U1998,kyc_completed,2024-07-19
U1998,card_activated,2024-07-20
U1998,first_transaction,2024-07-21
U1999,app_downloaded,2024-07-01
U1999,registered,2024-07-02
U1999,kyc_completed,2024-07-03
U1999,card_activated,2024-07-04
U1999,first_transaction,2024-07-05
U2000,app_downloaded,2024-10-16
U2000,registered,2024-10-17
U2000,kyc_completed,2024-10-18
U2000,card_activated,2024-10-19
U2000,first_transaction,2024-10-20
U2001,app_downloaded,2024-06-20
U2001,registered,2024-06-21
U2002,app_downloaded,2024-07-15
U2002,registered,2024-07-16
U2002,kyc_completed,2024-07-17
U2002,card_activated,2024-07-18
U2003,app_downloaded,2024-09-03
U2003,registered,2024-09-04
U2003,kyc_completed,2024-09-05
U2003,card_activated,2024-09-06
U2003,first_transaction,2024-09-07
U2004,app_downloaded,2024-07-28
U2004,registered,2024-07-29
U2004,kyc_completed,2024-07-30
U2005,app_downloaded,2024-10-03
U2005,registered,2024-10-04
U2005,kyc_completed,2024-10-05
U2005,card_activated,2024-10-06
U2005,first_transaction,2024-10-07
U2006,app_downloaded,2024-05-05
U2006,registered,2024-05-06
U2006,kyc_completed,2024-05-07
U2006,card_activated,2024-05-08
U2006,first_transaction,2024-05-09
U2007,app_downloaded,2024-11-03
U2007,registered,2024-11-04
U2007,kyc_completed,2024-11-05
U2007,card_activated,2024-11-06
U2008,app_downloaded,2024-12-06
U2008,registered,2024-12-07
U2008,kyc_completed,2024-12-08
U2008,card_activated,2024-12-09
U2009,app_downloaded,2024-02-21
U2009,registered,2024-02-22
U2010,app_downloaded,2024-10-14
U2010,registered,2024-10-15
U2010,kyc_completed,2024-10-16
U2011,app_downloaded,2024-02-26
U2011,registered,2024-02-27
U2011,kyc_completed,2024-02-28
U2011,card_activated,2024-02-29
U2012,app_downloaded,2024-08-30
U2012,registered,2024-08-31
U2012,kyc_completed,2024-09-01
U2012,card_activated,2024-09-02
U2013,app_downloaded,2024-09-09
U2013,registered,2024-09-10
U2013,kyc_completed,2024-09-11
U2014,app_downloaded,2024-06-26
U2014,registered,2024-06-27
U2014,kyc_completed,2024-06-28
U2014,card_activated,2024-06-29
U2014,first_transaction,2024-06-30
U2015,app_downloaded,2024-01-15
U2015,registered,2024-01-16
U2016,app_downloaded,2024-02-14
U2016,registered,2024-02-15
U2016,kyc_completed,2024-02-16
U2016,card_activated,2024-02-17
U2017,app_downloaded,2024-07-07
U2018,app_downloaded,2024-04-14
U2018,registered,2024-04-15
U2018,kyc_completed,2024-04-16
U2019,app_downloaded,2024-05-04
U2019,registered,2024-05-05
U2019,kyc_completed,2024-05-06
U2019,card_activated,2024-05-07
U2019,first_transaction,2024-05-08
U2020,app_downloaded,2024-12-31
U2020,registered,2025-01-01
U2021,app_downloaded,2024-01-09
U2021,registered,2024-01-10
U2022,app_downloaded,2024-10-25
U2022,registered,2024-10-26
U2022,kyc_completed,2024-10-27
U2022,card_activated,2024-10-28
U2022,first_transaction,2024-10-29
U2023,app_downloaded,2024-01-16
U2023,registered,2024-01-17
U2023,kyc_completed,2024-01-18
U2024,app_downloaded,2024-07-06
U2025,app_downloaded,2024-05-18
U2025,registered,2024-05-19
U2026,app_downloaded,2024-10-12
U2026,registered,2024-10-13
U2026,kyc_completed,2024-10-14
U2026,card_activated,2024-10-15
U2026,first_transaction,2024-10-16
U2027,app_downloaded,2024-11-12
U2027,registered,2024-11-13
U2027,kyc_completed,2024-11-14
U2027,card_activated,2024-11-15
U2027,first_transaction,2024-11-16
U2028,app_downloaded,2024-04-11
U2028,registered,2024-04-12
U2028,kyc_completed,2024-04-13
U2028,card_activated,2024-04-14
U2029,app_downloaded,2024-06-15
U2029,registered,2024-06-16
U2030,app_downloaded,2024-08-07
U2030,registered,2024-08-08
U2030,kyc_completed,2024-08-09
U2030,card_activated,2024-08-10
U2030,first_transaction,2024-08-11
U2031,app_downloaded,2024-08-28
U2031,registered,2024-08-29
U2031,kyc_completed,2024-08-30
U2031,card_activated,2024-08-31
U2031,first_transaction,2024-09-01
U2032,app_downloaded,2024-04-26
U2032,registered,2024-04-27
U2033,app_downloaded,2024-07-23
U2033,registered,2024-07-24
U2033,kyc_completed,2024-07-25
U2033,card_activated,2024-07-26
U2034,app_downloaded,2024-12-07
U2035,app_downloaded,2024-08-20
U2035,registered,2024-08-21
U2036,app_downloaded,2024-01-01
U2036,registered,2024-01-02
U2036,kyc_completed,2024-01-03
U2036,card_activated,2024-01-04
U2037,app_downloaded,2024-03-26
U2037,registered,2024-03-27
U2037,kyc_completed,2024-03-28
U2037,card_activated,2024-03-29
U2037,first_transaction,2024-03-30
U2038,app_downloaded,2024-03-10
U2038,registered,2024-03-11
U2038,kyc_completed,2024-03-12
U2038,card_activated,2024-03-13
U2039,app_downloaded,2024-06-26
U2039,registered,2024-06-27
U2040,app_downloaded,2024-03-12
U2040,registered,2024-03-13
U2040,kyc_completed,2024-03-14
U2040,card_activated,2024-03-15
U2040,first_transaction,2024-03-16
U2041,app_downloaded,2024-12-31
U2041,registered,2025-01-01
U2042,app_downloaded,2024-11-08
U2042,registered,2024-11-09
U2042,kyc_completed,2024-11-10
U2042,card_activated,2024-11-11
U2042,first_transaction,2024-11-12
U2043,app_downloaded,2024-07-14
U2043,registered,2024-07-15
U2043,kyc_completed,2024-07-16
U2043,card_activated,2024-07-17
U2044,app_downloaded,2024-12-30
U2044,registered,2024-12-31
U2044,kyc_completed,2025-01-01
U2044,card_activated,2025-01-02
U2045,app_downloaded,2024-05-14
U2045,registered,2024-05-15
U2045,kyc_completed,2024-05-16
U2045,card_activated,2024-05-17
U2045,first_transaction,2024-05-18
U2046,app_downloaded,2024-11-04
U2046,registered,2024-11-05
U2046,kyc_completed,2024-11-06
U2046,card_activated,2024-11-07
U2047,app_downloaded,2024-08-04
U2047,registered,2024-08-05
U2047,kyc_completed,2024-08-06
U2047,card_activated,2024-08-07
U2047,first_transaction,2024-08-08
U2048,app_downloaded,2024-06-02
U2048,registered,2024-06-03
U2048,kyc_completed,2024-06-04
U2048,card_activated,2024-06-05
U2048,first_transaction,2024-06-06
U2049,app_downloaded,2024-07-30
U2050,app_downloaded,2024-01-11
U2050,registered,2024-01-12
U2050,kyc_completed,2024-01-13
U2050,card_activated,2024-01-14
U2050,first_transaction,2024-01-15
U2051,app_downloaded,2024-03-03
U2052,app_downloaded,2024-06-20
U2052,registered,2024-06-21
U2052,kyc_completed,2024-06-22
U2052,card_activated,2024-06-23
U2052,first_transaction,2024-06-24
U2053,app_downloaded,2024-07-02
U2053,registered,2024-07-03
U2053,kyc_completed,2024-07-04
U2053,card_activated,2024-07-05
U2053,first_transaction,2024-07-06
U2054,app_downloaded,2024-07-28
U2054,registered,2024-07-29
U2054,kyc_completed,2024-07-30
U2054,card_activated,2024-07-31
U2054,first_transaction,2024-08-01
U2055,app_downloaded,2024-05-12
U2055,registered,2024-05-13
U2055,kyc_completed,2024-05-14
U2055,card_activated,2024-05-15
U2055,first_transaction,2024-05-16
U2056,app_downloaded,2024-12-04
U2056,registered,2024-12-05
U2056,kyc_completed,2024-12-06
U2057,app_downloaded,2024-06-21
U2057,registered,2024-06-22
U2058,app_downloaded,2024-09-19
U2058,registered,2024-09-20
U2058,kyc_completed,2024-09-21
U2058,card_activated,2024-09-22
U2058,first_transaction,2024-09-23
U2059,app_downloaded,2024-12-16
U2059,registered,2024-12-17
U2060,app_downloaded,2024-01-02
U2060,registered,2024-01-03
U2061,app_downloaded,2024-04-10
U2061,registered,2024-04-11
U2061,kyc_completed,2024-04-12
U2061,card_activated,2024-04-13
U2061,first_transaction,2024-04-14
U2062,app_downloaded,2024-07-15
U2062,registered,2024-07-16
U2063,app_downloaded,2024-10-06
U2063,registered,2024-10-07
U2063,kyc_completed,2024-10-08
U2063,card_activated,2024-10-09
U2064,app_downloaded,2024-05-20
U2064,registered,2024-05-21
U2064,kyc_completed,2024-05-22
U2064,card_activated,2024-05-23
U2064,first_transaction,2024-05-24
U2065,app_downloaded,2024-02-05
U2065,registered,2024-02-06
U2065,kyc_completed,2024-02-07
U2065,card_activated,2024-02-08
U2066,app_downloaded,2024-12-16
U2066,registered,2024-12-17
U2066,kyc_completed,2024-12-18
U2066,card_activated,2024-12-19
U2067,app_downloaded,2024-10-15
U2067,registered,2024-10-16
U2067,kyc_completed,2024-10-17
U2068,app_downloaded,2024-08-18
U2068,registered,2024-08-19
U2069,app_downloaded,2024-05-16
U2069,registered,2024-05-17
U2069,kyc_completed,2024-05-18
U2069,card_activated,2024-05-19
U2069,first_transaction,2024-05-20
U2070,app_downloaded,2024-12-14
U2070,registered,2024-12-15
U2070,kyc_completed,2024-12-16
U2070,card_activated,2024-12-17
U2071,app_downloaded,2024-07-19
U2071,registered,2024-07-20
U2071,kyc_completed,2024-07-21
U2071,card_activated,2024-07-22
U2071,first_transaction,2024-07-23
U2072,app_downloaded,2024-01-06
U2072,registered,2024-01-07
U2073,app_downloaded,2024-03-23
U2073,registered,2024-03-24
U2073,kyc_completed,2024-03-25
U2073,card_activated,2024-03-26
U2073,first_transaction,2024-03-27
U2074,app_downloaded,2024-12-25
U2074,registered,2024-12-26
U2074,kyc_completed,2024-12-27
U2074,card_activated,2024-12-28
U2074,first_transaction,2024-12-29
U2075,app_downloaded,2024-03-05
U2075,registered,2024-03-06
U2075,kyc_completed,2024-03-07
U2076,app_downloaded,2024-10-28
U2076,registered,2024-10-29
U2077,app_downloaded,2024-12-31
U2077,registered,2025-01-01
U2077,kyc_completed,2025-01-02
U2077,card_activated,2025-01-03
U2077,first_transaction,2025-01-04
U2078,app_downloaded,2024-01-25
U2078,registered,2024-01-26
U2078,kyc_completed,2024-01-27
U2078,card_activated,2024-01-28
U2078,first_transaction,2024-01-29
U2079,app_downloaded,2024-12-14
U2079,registered,2024-12-15
U2079,kyc_completed,2024-12-16
U2079,card_activated,2024-12-17
U2080,app_downloaded,2024-09-03
U2080,registered,2024-09-04
U2081,app_downloaded,2024-08-27
U2081,registered,2024-08-28
U2081,kyc_completed,2024-08-29
U2081,card_activated,2024-08-30
U2081,first_transaction,2024-08-31
U2082,app_downloaded,2024-11-18
U2083,app_downloaded,2024-02-12
U2083,registered,2024-02-13
U2083,kyc_completed,2024-02-14
U2083,card_activated,2024-02-15
U2084,app_downloaded,2024-02-11
U2084,registered,2024-02-12
U2084,kyc_completed,2024-02-13
U2084,card_activated,2024-02-14
U2085,app_downloaded,2024-03-01
U2085,registered,2024-03-02
U2085,kyc_completed,2024-03-03
U2086,app_downloaded,2024-01-17
U2086,registered,2024-01-18
U2086,kyc_completed,2024-01-19
U2087,app_downloaded,2024-03-07
U2087,registered,2024-03-08
U2087,kyc_completed,2024-03-09
U2087,card_activated,2024-03-10
U2087,first_transaction,2024-03-11
U2088,app_downloaded,2024-08-15
U2088,registered,2024-08-16
U2088,kyc_completed,2024-08-17
U2088,card_activated,2024-08-18
U2088,first_transaction,2024-08-19
U2089,app_downloaded,2024-06-20
U2089,registered,2024-06-21
U2089,kyc_completed,2024-06-22
U2089,card_activated,2024-06-23
U2089,first_transaction,2024-06-24
U2090,app_downloaded,2024-04-02
U2090,registered,2024-04-03
U2091,app_downloaded,2024-05-27
U2091,registered,2024-05-28
U2091,kyc_completed,2024-05-29
U2091,card_activated,2024-05-30
U2092,app_downloaded,2024-06-08
U2092,registered,2024-06-09
U2093,app_downloaded,2024-07-02
U2093,registered,2024-07-03
U2093,kyc_completed,2024-07-04
U2094,app_downloaded,2024-04-07
U2094,registered,2024-04-08
U2094,kyc_completed,2024-04-09
U2095,app_downloaded,2024-10-12
U2095,registered,2024-10-13
U2095,kyc_completed,2024-10-14
U2095,card_activated,2024-10-15
U2096,app_downloaded,2024-03-02
U2096,registered,2024-03-03
U2096,kyc_completed,2024-03-04
U2096,card_activated,2024-03-05
U2096,first_transaction,2024-03-06
U2097,app_downloaded,2024-10-01
U2097,registered,2024-10-02
U2097,kyc_completed,2024-10-03
U2097,card_activated,2024-10-04
U2097,first_transaction,2024-10-05
U2098,app_downloaded,2024-09-04
U2098,registered,2024-09-05
U2098,kyc_completed,2024-09-06
U2099,app_downloaded,2024-03-14
U2099,registered,2024-03-15
U2099,kyc_completed,2024-03-16
U2100,app_downloaded,2024-01-04
U2100,registered,2024-01-05
U2100,kyc_completed,2024-01-06
U2100,card_activated,2024-01-07
U2101,app_downloaded,2024-12-05
U2101,registered,2024-12-06
U2101,kyc_completed,2024-12-07
U2101,card_activated,2024-12-08
U2101,first_transaction,2024-12-09
U2102,app_downloaded,2024-11-07
U2102,registered,2024-11-08
U2103,app_downloaded,2024-09-05
U2103,registered,2024-09-06
U2104,app_downloaded,2024-03-09
U2104,registered,2024-03-10
U2104,kyc_completed,2024-03-11
U2105,app_downloaded,2024-04-19
U2105,registered,2024-04-20
U2105,kyc_completed,2024-04-21
U2105,card_activated,2024-04-22
U2105,first_transaction,2024-04-23
U2106,app_downloaded,2024-08-08
U2106,registered,2024-08-09
U2107,app_downloaded,2024-05-18
U2107,registered,2024-05-19
U2107,kyc_completed,2024-05-20
U2107,card_activated,2024-05-21
U2107,first_transaction,2024-05-22
U2108,app_downloaded,2024-06-29
U2108,registered,2024-06-30
U2108,kyc_completed,2024-07-01
U2108,card_activated,2024-07-02
U2108,first_transaction,2024-07-03
U2109,app_downloaded,2024-01-22
U2109,registered,2024-01-23
U2109,kyc_completed,2024-01-24
U2110,app_downloaded,2024-12-02
U2110,registered,2024-12-03
U2110,kyc_completed,2024-12-04
U2110,card_activated,2024-12-05
U2110,first_transaction,2024-12-06
U2111,app_downloaded,2024-02-11
U2111,registered,2024-02-12
U2111,kyc_completed,2024-02-13
U2111,card_activated,2024-02-14
U2111,first_transaction,2024-02-15
U2112,app_downloaded,2024-01-21
U2112,registered,2024-01-22
U2113,app_downloaded,2024-03-24
U2113,registered,2024-03-25
U2113,kyc_completed,2024-03-26
U2113,card_activated,2024-03-27
U2113,first_transaction,2024-03-28
U2114,app_downloaded,2024-04-06
U2114,registered,2024-04-07
U2115,app_downloaded,2024-05-30
U2116,app_downloaded,2024-09-10
U2116,registered,2024-09-11
U2116,kyc_completed,2024-09-12
U2117,app_downloaded,2024-01-30
U2117,registered,2024-01-31
U2117,kyc_completed,2024-02-01
U2118,app_downloaded,2024-07-01
U2118,registered,2024-07-02
U2118,kyc_completed,2024-07-03
U2119,app_downloaded,2024-04-29
U2119,registered,2024-04-30
U2119,kyc_completed,2024-05-01
U2120,app_downloaded,2024-07-15
U2120,registered,2024-07-16
U2120,kyc_completed,2024-07-17
U2120,card_activated,2024-07-18
U2121,app_downloaded,2024-04-07
U2121,registered,2024-04-08
U2121,kyc_completed,2024-04-09
U2121,card_activated,2024-04-10
U2121,first_transaction,2024-04-11
U2122,app_downloaded,2024-03-09
U2122,registered,2024-03-10
U2122,kyc_completed,2024-03-11
U2122,card_activated,2024-03-12
U2122,first_transaction,2024-03-13
U2123,app_downloaded,2024-01-15
U2124,app_downloaded,2024-06-19
U2124,registered,2024-06-20
U2125,app_downloaded,2024-10-10
U2125,registered,2024-10-11
U2125,kyc_completed,2024-10-12
U2126,app_downloaded,2024-04-15
U2126,registered,2024-04-16
U2126,kyc_completed,2024-04-17
U2127,app_downloaded,2024-02-11
U2127,registered,2024-02-12
U2127,kyc_completed,2024-02-13
U2127,card_activated,2024-02-14
U2128,app_downloaded,2024-07-25
U2128,registered,2024-07-26
U2128,kyc_completed,2024-07-27
U2129,app_downloaded,2024-10-03
U2129,registered,2024-10-04
U2129,kyc_completed,2024-10-05
U2129,card_activated,2024-10-06
U2129,first_transaction,2024-10-07
U2130,app_downloaded,2024-07-26
U2130,registered,2024-07-27
U2130,kyc_completed,2024-07-28
U2130,card_activated,2024-07-29
U2130,first_transaction,2024-07-30
U2131,app_downloaded,2024-10-29
U2132,app_downloaded,2024-05-04
U2132,registered,2024-05-05
U2132,kyc_completed,2024-05-06
U2132,card_activated,2024-05-07
U2132,first_transaction,2024-05-08
U2133,app_downloaded,2024-07-16
U2133,registered,2024-07-17
U2133,kyc_completed,2024-07-18
U2133,card_activated,2024-07-19
U2133,first_transaction,2024-07-20
U2134,app_downloaded,2024-11-29
U2134,registered,2024-11-30
U2134,kyc_completed,2024-12-01
U2134,card_activated,2024-12-02
U2134,first_transaction,2024-12-03
U2135,app_downloaded,2024-07-17
U2135,registered,2024-07-18
U2135,kyc_completed,2024-07-19
U2136,app_downloaded,2024-03-07
U2136,registered,2024-03-08
U2136,kyc_completed,2024-03-09
U2136,card_activated,2024-03-10
U2137,app_downloaded,2024-12-03
U2137,registered,2024-12-04
U2137,kyc_completed,2024-12-05
U2137,card_activated,2024-12-06
U2137,first_transaction,2024-12-07
U2138,app_downloaded,2024-02-23
U2138,registered,2024-02-24
U2138,kyc_completed,2024-02-25
U2138,card_activated,2024-02-26
U2138,first_transaction,2024-02-27
U2139,app_downloaded,2024-03-22
U2139,registered,2024-03-23
U2139,kyc_completed,2024-03-24
U2139,card_activated,2024-03-25
U2139,first_transaction,2024-03-26
U2140,app_downloaded,2024-06-15
U2140,registered,2024-06-16
U2140,kyc_completed,2024-06-17
U2140,card_activated,2024-06-18
U2141,app_downloaded,2024-11-25
U2141,registered,2024-11-26
U2141,kyc_completed,2024-11-27
U2141,card_activated,2024-11-28
U2142,app_downloaded,2024-04-06
U2142,registered,2024-04-07
U2142,kyc_completed,2024-04-08
U2142,card_activated,2024-04-09
U2142,first_transaction,2024-04-10
U2143,app_downloaded,2024-03-30
U2143,registered,2024-03-31
U2143,kyc_completed,2024-04-01
U2144,app_downloaded,2024-10-22
U2144,registered,2024-10-23
U2145,app_downloaded,2024-05-17
U2145,registered,2024-05-18
U2145,kyc_completed,2024-05-19
U2146,app_downloaded,2024-07-19
U2146,registered,2024-07-20
U2146,kyc_completed,2024-07-21
U2146,card_activated,2024-07-22
U2146,first_transaction,2024-07-23
U2147,app_downloaded,2024-12-26
U2148,app_downloaded,2024-08-30
U2148,registered,2024-08-31
U2149,app_downloaded,2024-01-30
U2149,registered,2024-01-31
U2150,app_downloaded,2024-10-27
U2150,registered,2024-10-28
U2150,kyc_completed,2024-10-29
U2151,app_downloaded,2024-11-28
U2151,registered,2024-11-29
U2151,kyc_completed,2024-11-30
U2152,app_downloaded,2024-10-20
U2152,registered,2024-10-21
U2152,kyc_completed,2024-10-22
U2153,app_downloaded,2024-04-03
U2153,registered,2024-04-04
U2153,kyc_completed,2024-04-05
U2154,app_downloaded,2024-02-25
U2154,registered,2024-02-26
U2154,kyc_completed,2024-02-27
U2155,app_downloaded,2024-03-21
U2155,registered,2024-03-22
U2155,kyc_completed,2024-03-23
U2156,app_downloaded,2024-08-25
U2156,registered,2024-08-26
U2156,kyc_completed,2024-08-27
U2156,card_activated,2024-08-28
U2156,first_transaction,2024-08-29
U2157,app_downloaded,2024-06-07
U2157,registered,2024-06-08
U2158,app_downloaded,2024-05-04
U2158,registered,2024-05-05
U2158,kyc_completed,2024-05-06
U2159,app_downloaded,2024-09-23
U2159,registered,2024-09-24
U2159,kyc_completed,2024-09-25
U2159,card_activated,2024-09-26
U2159,first_transaction,2024-09-27
U2160,app_downloaded,2024-04-16
U2160,registered,2024-04-17
U2160,kyc_completed,2024-04-18
U2160,card_activated,2024-04-19
U2160,first_transaction,2024-04-20
U2161,app_downloaded,2024-07-31
U2161,registered,2024-08-01
U2161,kyc_completed,2024-08-02
U2161,card_activated,2024-08-03
U2161,first_transaction,2024-08-04
U2162,app_downloaded,2024-02-15
U2162,registered,2024-02-16
U2162,kyc_completed,2024-02-17
U2162,card_activated,2024-02-18
U2163,app_downloaded,2024-06-28
U2163,registered,2024-06-29
U2163,kyc_completed,2024-06-30
U2164,app_downloaded,2024-09-07
U2164,registered,2024-09-08
U2164,kyc_completed,2024-09-09
U2164,card_activated,2024-09-10
U2164,first_transaction,2024-09-11
U2165,app_downloaded,2024-12-09
U2165,registered,2024-12-10
U2165,kyc_completed,2024-12-11
U2166,app_downloaded,2024-04-30
U2166,registered,2024-05-01
U2166,kyc_completed,2024-05-02
U2166,card_activated,2024-05-03
U2167,app_downloaded,2024-04-16
U2167,registered,2024-04-17
U2167,kyc_completed,2024-04-18
U2168,app_downloaded,2024-12-23
U2168,registered,2024-12-24
U2168,kyc_completed,2024-12-25
U2168,card_activated,2024-12-26
U2168,first_transaction,2024-12-27
U2169,app_downloaded,2024-04-18
U2169,registered,2024-04-19
U2169,kyc_completed,2024-04-20
U2169,card_activated,2024-04-21
U2170,app_downloaded,2024-01-08
U2170,registered,2024-01-09
U2170,kyc_completed,2024-01-10
U2170,card_activated,2024-01-11
U2171,app_downloaded,2024-02-07
U2171,registered,2024-02-08
U2171,kyc_completed,2024-02-09
U2171,card_activated,2024-02-10
U2171,first_transaction,2024-02-11
U2172,app_downloaded,2024-03-25
U2172,registered,2024-03-26
U2172,kyc_completed,2024-03-27
U2173,app_downloaded,2024-09-11
U2173,registered,2024-09-12
U2173,kyc_completed,2024-09-13
U2173,card_activated,2024-09-14
U2174,app_downloaded,2024-10-21
U2174,registered,2024-10-22
U2174,kyc_completed,2024-10-23
U2174,card_activated,2024-10-24
U2174,first_transaction,2024-10-25
U2175,app_downloaded,2024-04-04
U2175,registered,2024-04-05
U2175,kyc_completed,2024-04-06
U2175,card_activated,2024-04-07
U2175,first_transaction,2024-04-08
U2176,app_downloaded,2024-07-29
U2176,registered,2024-07-30
U2176,kyc_completed,2024-07-31
U2177,app_downloaded,2024-03-19
U2177,registered,2024-03-20
U2177,kyc_completed,2024-03-21
U2177,card_activated,2024-03-22
U2177,first_transaction,2024-03-23
U2178,app_downloaded,2024-02-05
U2178,registered,2024-02-06
U2178,kyc_completed,2024-02-07
U2179,app_downloaded,2024-07-05
U2179,registered,2024-07-06
U2179,kyc_completed,2024-07-07
U2180,app_downloaded,2024-06-10
U2180,registered,2024-06-11
U2180,kyc_completed,2024-06-12
U2181,app_downloaded,2024-09-06
U2181,registered,2024-09-07
U2181,kyc_completed,2024-09-08
U2182,app_downloaded,2024-09-05
U2182,registered,2024-09-06
U2182,kyc_completed,2024-09-07
U2183,app_downloaded,2024-03-05
U2183,registered,2024-03-06
U2183,kyc_completed,2024-03-07
U2184,app_downloaded,2024-09-07
U2184,registered,2024-09-08
U2184,kyc_completed,2024-09-09
U2184,card_activated,2024-09-10
U2184,first_transaction,2024-09-11
U2185,app_downloaded,2024-04-30
U2185,registered,2024-05-01
U2185,kyc_completed,2024-05-02
U2185,card_activated,2024-05-03
U2185,first_transaction,2024-05-04
U2186,app_downloaded,2024-08-27
U2186,registered,2024-08-28
U2186,kyc_completed,2024-08-29
U2186,card_activated,2024-08-30
U2187,app_downloaded,2024-12-10
U2187,registered,2024-12-11
U2187,kyc_completed,2024-12-12
U2187,card_activated,2024-12-13
U2188,app_downloaded,2024-09-04
U2188,registered,2024-09-05
U2188,kyc_completed,2024-09-06
U2188,card_activated,2024-09-07
U2188,first_transaction,2024-09-08
U2189,app_downloaded,2024-02-24
U2189,registered,2024-02-25
U2190,app_downloaded,2024-11-16
U2190,registered,2024-11-17
U2191,app_downloaded,2024-05-28
U2192,app_downloaded,2024-04-15
U2192,registered,2024-04-16
U2192,kyc_completed,2024-04-17
U2192,card_activated,2024-04-18
U2192,first_transaction,2024-04-19
U2193,app_downloaded,2024-07-30
U2193,registered,2024-07-31
U2193,kyc_completed,2024-08-01
U2193,card_activated,2024-08-02
U2193,first_transaction,2024-08-03
U2194,app_downloaded,2024-03-03
U2194,registered,2024-03-04
U2194,kyc_completed,2024-03-05
U2195,app_downloaded,2024-02-03
U2195,registered,2024-02-04
U2195,kyc_completed,2024-02-05
U2196,app_downloaded,2024-01-15
U2197,app_downloaded,2024-04-05
U2197,registered,2024-04-06
U2198,app_downloaded,2024-01-09
U2198,registered,2024-01-10
U2198,kyc_completed,2024-01-11
U2198,card_activated,2024-01-12
U2198,first_transaction,2024-01-13
U2199,app_downloaded,2024-09-27
U2199,registered,2024-09-28
U2199,kyc_completed,2024-09-29
U2200,app_downloaded,2024-12-02
U2200,registered,2024-12-03
U2201,app_downloaded,2024-08-09
U2201,registered,2024-08-10
U2201,kyc_completed,2024-08-11
U2201,card_activated,2024-08-12
U2201,first_transaction,2024-08-13
U2202,app_downloaded,2024-10-05
U2202,registered,2024-10-06
U2202,kyc_completed,2024-10-07
U2203,app_downloaded,2024-05-20
U2203,registered,2024-05-21
U2203,kyc_completed,2024-05-22
U2203,card_activated,2024-05-23
U2203,first_transaction,2024-05-24
U2204,app_downloaded,2024-07-08
U2204,registered,2024-07-09
U2204,kyc_completed,2024-07-10
U2204,card_activated,2024-07-11
U2205,app_downloaded,2024-04-10
U2205,registered,2024-04-11
U2205,kyc_completed,2024-04-12
U2205,card_activated,2024-04-13
U2206,app_downloaded,2024-08-10
U2206,registered,2024-08-11
U2206,kyc_completed,2024-08-12
U2206,card_activated,2024-08-13
U2207,app_downloaded,2024-09-06
U2207,registered,2024-09-07
U2207,kyc_completed,2024-09-08
U2207,card_activated,2024-09-09
U2208,app_downloaded,2024-06-26
U2208,registered,2024-06-27
U2209,app_downloaded,2024-12-09
U2209,registered,2024-12-10
U2209,kyc_completed,2024-12-11
U2209,card_activated,2024-12-12
U2209,first_transaction,2024-12-13
U2210,app_downloaded,2024-09-16
U2210,registered,2024-09-17
U2210,kyc_completed,2024-09-18
U2210,card_activated,2024-09-19
U2210,first_transaction,2024-09-20
U2211,app_downloaded,2024-09-03
U2211,registered,2024-09-04
U2211,kyc_completed,2024-09-05
U2212,app_downloaded,2024-04-15
U2212,registered,2024-04-16
U2212,kyc_completed,2024-04-17
U2213,app_downloaded,2024-12-17
U2213,registered,2024-12-18
U2213,kyc_completed,2024-12-19
U2213,card_activated,2024-12-20
U2213,first_transaction,2024-12-21
U2214,app_downloaded,2024-10-20
U2214,registered,2024-10-21
U2215,app_downloaded,2024-09-11
U2215,registered,2024-09-12
U2215,kyc_completed,2024-09-13
U2215,card_activated,2024-09-14
U2215,first_transaction,2024-09-15
U2216,app_downloaded,2024-10-02
U2216,registered,2024-10-03
U2216,kyc_completed,2024-10-04
U2216,card_activated,2024-10-05
U2216,first_transaction,2024-10-06
U2217,app_downloaded,2024-11-29
U2217,registered,2024-11-30
U2217,kyc_completed,2024-12-01
U2217,card_activated,2024-12-02
U2217,first_transaction,2024-12-03
U2218,app_downloaded,2024-09-08
U2218,registered,2024-09-09
U2218,kyc_completed,2024-09-10
U2218,card_activated,2024-09-11
U2218,first_transaction,2024-09-12
U2219,app_downloaded,2024-06-17
U2219,registered,2024-06-18
U2219,kyc_completed,2024-06-19
U2219,card_activated,2024-06-20
U2220,app_downloaded,2024-10-27
U2220,registered,2024-10-28
U2220,kyc_completed,2024-10-29
U2220,card_activated,2024-10-30
U2220,first_transaction,2024-10-31
U2221,app_downloaded,2024-03-22
U2221,registered,2024-03-23
U2221,kyc_completed,2024-03-24
U2221,card_activated,2024-03-25
U2221,first_transaction,2024-03-26
U2222,app_downloaded,2024-11-27
U2222,registered,2024-11-28
U2222,kyc_completed,2024-11-29
U2222,card_activated,2024-11-30
U2222,first_transaction,2024-12-01
U2223,app_downloaded,2024-03-30
U2223,registered,2024-03-31
U2223,kyc_completed,2024-04-01
U2223,card_activated,2024-04-02
U2223,first_transaction,2024-04-03
U2224,app_downloaded,2024-07-15
U2224,registered,2024-07-16
U2225,app_downloaded,2024-02-20
U2225,registered,2024-02-21
U2225,kyc_completed,2024-02-22
U2225,card_activated,2024-02-23
U2225,first_transaction,2024-02-24
U2226,app_downloaded,2024-04-27
U2226,registered,2024-04-28
U2226,kyc_completed,2024-04-29
U2226,card_activated,2024-04-30
U2226,first_transaction,2024-05-01
U2227,app_downloaded,2024-08-11
U2227,registered,2024-08-12
U2227,kyc_completed,2024-08-13
U2228,app_downloaded,2024-12-30
U2228,registered,2024-12-31
U2228,kyc_completed,2025-01-01
U2229,app_downloaded,2024-08-18
U2229,registered,2024-08-19
U2229,kyc_completed,2024-08-20
U2229,card_activated,2024-08-21
U2229,first_transaction,2024-08-22
U2230,app_downloaded,2024-09-27
U2230,registered,2024-09-28
U2230,kyc_completed,2024-09-29
U2230,card_activated,2024-09-30
U2230,first_transaction,2024-10-01
U2231,app_downloaded,2024-06-21
U2231,registered,2024-06-22
U2231,kyc_completed,2024-06-23
U2231,card_activated,2024-06-24
U2231,first_transaction,2024-06-25
U2232,app_downloaded,2024-08-21
U2232,registered,2024-08-22
U2232,kyc_completed,2024-08-23
U2233,app_downloaded,2024-11-15
U2234,app_downloaded,2024-06-09
U2234,registered,2024-06-10
U2234,kyc_completed,2024-06-11
U2234,card_activated,2024-06-12
U2234,first_transaction,2024-06-13
U2235,app_downloaded,2024-03-29
U2235,registered,2024-03-30
U2235,kyc_completed,2024-03-31
U2235,card_activated,2024-04-01
U2235,first_transaction,2024-04-02
U2236,app_downloaded,2024-06-15
U2236,registered,2024-06-16
U2237,app_downloaded,2024-01-20
U2237,registered,2024-01-21
U2237,kyc_completed,2024-01-22
U2237,card_activated,2024-01-23
U2238,app_downloaded,2024-01-27
U2238,registered,2024-01-28
U2238,kyc_completed,2024-01-29
U2239,app_downloaded,2024-01-15
U2239,registered,2024-01-16
U2239,kyc_completed,2024-01-17
U2240,app_downloaded,2024-04-05
U2240,registered,2024-04-06
U2240,kyc_completed,2024-04-07
U2240,card_activated,2024-04-08
U2240,first_transaction,2024-04-09
U2241,app_downloaded,2024-05-07
U2241,registered,2024-05-08
U2242,app_downloaded,2024-12-16
U2242,registered,2024-12-17
U2243,app_downloaded,2024-03-26
U2243,registered,2024-03-27
U2243,kyc_completed,2024-03-28
U2243,card_activated,2024-03-29
U2244,app_downloaded,2024-07-31
U2244,registered,2024-08-01
U2244,kyc_completed,2024-08-02
U2244,card_activated,2024-08-03
U2244,first_transaction,2024-08-04
U2245,app_downloaded,2024-10-11
U2245,registered,2024-10-12
U2245,kyc_completed,2024-10-13
U2246,app_downloaded,2024-05-27
U2246,registered,2024-05-28
U2246,kyc_completed,2024-05-29
U2247,app_downloaded,2024-01-25
U2247,registered,2024-01-26
U2247,kyc_completed,2024-01-27
U2247,card_activated,2024-01-28
U2247,first_transaction,2024-01-29
U2248,app_downloaded,2024-10-08
U2248,registered,2024-10-09
U2248,kyc_completed,2024-10-10
U2248,card_activated,2024-10-11
U2249,app_downloaded,2024-08-14
U2249,registered,2024-08-15
U2250,app_downloaded,2024-02-26
U2250,registered,2024-02-27
U2250,kyc_completed,2024-02-28
U2250,card_activated,2024-02-29
U2250,first_transaction,2024-03-01
U2251,app_downloaded,2024-12-16
U2251,registered,2024-12-17
U2252,app_downloaded,2024-08-11
U2252,registered,2024-08-12
U2252,kyc_completed,2024-08-13
U2252,card_activated,2024-08-14
U2252,first_transaction,2024-08-15
U2253,app_downloaded,2024-12-26
U2253,registered,2024-12-27
U2253,kyc_completed,2024-12-28
U2254,app_downloaded,2024-07-23
U2254,registered,2024-07-24
U2255,app_downloaded,2024-11-03
U2255,registered,2024-11-04
U2255,kyc_completed,2024-11-05
U2255,card_activated,2024-11-06
U2256,app_downloaded,2024-05-30
U2256,registered,2024-05-31
U2256,kyc_completed,2024-06-01
U2256,card_activated,2024-06-02
U2256,first_transaction,2024-06-03
U2257,app_downloaded,2024-05-21
U2257,registered,2024-05-22
U2257,kyc_completed,2024-05-23
U2257,card_activated,2024-05-24
U2258,app_downloaded,2024-08-05
U2258,registered,2024-08-06
U2258,kyc_completed,2024-08-07
U2258,card_activated,2024-08-08
U2258,first_transaction,2024-08-09
U2259,app_downloaded,2024-08-29
U2259,registered,2024-08-30
U2260,app_downloaded,2024-12-23
U2260,registered,2024-12-24
U2260,kyc_completed,2024-12-25
U2261,app_downloaded,2024-01-13
U2261,registered,2024-01-14
U2261,kyc_completed,2024-01-15
U2261,card_activated,2024-01-16
U2261,first_transaction,2024-01-17
U2262,app_downloaded,2024-07-18
U2262,registered,2024-07-19
U2262,kyc_completed,2024-07-20
U2263,app_downloaded,2024-11-24
U2263,registered,2024-11-25
U2263,kyc_completed,2024-11-26
U2264,app_downloaded,2024-10-30
U2264,registered,2024-10-31
U2264,kyc_completed,2024-11-01
U2264,card_activated,2024-11-02
U2264,first_transaction,2024-11-03
U2265,app_downloaded,2024-11-08
U2265,registered,2024-11-09
U2265,kyc_completed,2024-11-10
U2265,card_activated,2024-11-11
U2265,first_transaction,2024-11-12
U2266,app_downloaded,2024-09-11
U2266,registered,2024-09-12
U2266,kyc_completed,2024-09-13
U2266,card_activated,2024-09-14
U2266,first_transaction,2024-09-15
U2267,app_downloaded,2024-08-20
U2267,registered,2024-08-21
U2267,kyc_completed,2024-08-22
U2267,card_activated,2024-08-23
U2268,app_downloaded,2024-05-25
U2268,registered,2024-05-26
U2268,kyc_completed,2024-05-27
U2269,app_downloaded,2024-10-25
U2269,registered,2024-10-26
U2269,kyc_completed,2024-10-27
U2269,card_activated,2024-10-28
U2269,first_transaction,2024-10-29
U2270,app_downloaded,2024-09-20
U2271,app_downloaded,2024-02-25
U2271,registered,2024-02-26
U2272,app_downloaded,2024-06-01
U2272,registered,2024-06-02
U2272,kyc_completed,2024-06-03
U2273,app_downloaded,2024-03-29
U2273,registered,2024-03-30
U2273,kyc_completed,2024-03-31
U2273,card_activated,2024-04-01
U2274,app_downloaded,2024-11-13
U2274,registered,2024-11-14
U2274,kyc_completed,2024-11-15
U2274,card_activated,2024-11-16
U2274,first_transaction,2024-11-17
U2275,app_downloaded,2024-07-01
U2275,registered,2024-07-02
U2275,kyc_completed,2024-07-03
U2275,card_activated,2024-07-04
U2276,app_downloaded,2024-10-30
U2276,registered,2024-10-31
U2277,app_downloaded,2024-09-10
U2277,registered,2024-09-11
U2278,app_downloaded,2024-09-26
U2278,registered,2024-09-27
U2278,kyc_completed,2024-09-28
U2278,card_activated,2024-09-29
U2278,first_transaction,2024-09-30
U2279,app_downloaded,2024-04-21
U2279,registered,2024-04-22
U2279,kyc_completed,2024-04-23
U2279,card_activated,2024-04-24
U2280,app_downloaded,2024-03-21
U2280,registered,2024-03-22
U2280,kyc_completed,2024-03-23
U2280,card_activated,2024-03-24
U2280,first_transaction,2024-03-25
U2281,app_downloaded,2024-12-25
U2281,registered,2024-12-26
U2281,kyc_completed,2024-12-27
U2281,card_activated,2024-12-28
U2281,first_transaction,2024-12-29
U2282,app_downloaded,2024-08-27
U2282,registered,2024-08-28
U2282,kyc_completed,2024-08-29
U2283,app_downloaded,2024-09-15
U2283,registered,2024-09-16
U2283,kyc_completed,2024-09-17
U2284,app_downloaded,2024-11-13
U2284,registered,2024-11-14
U2284,kyc_completed,2024-11-15
U2284,card_activated,2024-11-16
U2284,first_transaction,2024-11-17
U2285,app_downloaded,2024-06-07
U2285,registered,2024-06-08
U2285,kyc_completed,2024-06-09
U2285,card_activated,2024-06-10
U2285,first_transaction,2024-06-11
U2286,app_downloaded,2024-11-01
U2286,registered,2024-11-02
U2287,app_downloaded,2024-03-18
U2287,registered,2024-03-19
U2287,kyc_completed,2024-03-20
U2288,app_downloaded,2024-10-19
U2288,registered,2024-10-20
U2288,kyc_completed,2024-10-21
U2289,app_downloaded,2024-12-19
U2289,registered,2024-12-20
U2289,kyc_completed,2024-12-21
U2289,card_activated,2024-12-22
U2289,first_transaction,2024-12-23
U2290,app_downloaded,2024-12-21
U2290,registered,2024-12-22
U2290,kyc_completed,2024-12-23
U2290,card_activated,2024-12-24
U2290,first_transaction,2024-12-25
U2291,app_downloaded,2024-06-14
U2291,registered,2024-06-15
U2291,kyc_completed,2024-06-16
U2291,card_activated,2024-06-17
U2291,first_transaction,2024-06-18
U2292,app_downloaded,2024-07-18
U2292,registered,2024-07-19
U2292,kyc_completed,2024-07-20
U2292,card_activated,2024-07-21
U2292,first_transaction,2024-07-22
U2293,app_downloaded,2024-06-02
U2293,registered,2024-06-03
U2293,kyc_completed,2024-06-04
U2293,card_activated,2024-06-05
U2294,app_downloaded,2024-08-01
U2294,registered,2024-08-02
U2294,kyc_completed,2024-08-03
U2294,card_activated,2024-08-04
U2295,app_downloaded,2024-04-21
U2295,registered,2024-04-22
U2295,kyc_completed,2024-04-23
U2296,app_downloaded,2024-02-01
U2296,registered,2024-02-02
U2296,kyc_completed,2024-02-03
U2296,card_activated,2024-02-04
U2296,first_transaction,2024-02-05
U2297,app_downloaded,2024-07-11
U2297,registered,2024-07-12
U2297,kyc_completed,2024-07-13
U2298,app_downloaded,2024-11-22
U2298,registered,2024-11-23
U2299,app_downloaded,2024-01-21
U2299,registered,2024-01-22
U2299,kyc_completed,2024-01-23
U2299,card_activated,2024-01-24
U2299,first_transaction,2024-01-25
U2300,app_downloaded,2024-12-20
U2300,registered,2024-12-21
U2300,kyc_completed,2024-12-22
U2300,card_activated,2024-12-23
U2300,first_transaction,2024-12-24
U2301,app_downloaded,2024-11-28
U2301,registered,2024-11-29
U2301,kyc_completed,2024-11-30
U2301,card_activated,2024-12-01
U2302,app_downloaded,2024-07-18
U2302,registered,2024-07-19
U2302,kyc_completed,2024-07-20
U2302,card_activated,2024-07-21
U2303,app_downloaded,2024-04-06
U2303,registered,2024-04-07
U2303,kyc_completed,2024-04-08
U2304,app_downloaded,2024-09-01
U2304,registered,2024-09-02
U2304,kyc_completed,2024-09-03
U2305,app_downloaded,2024-05-18
U2305,registered,2024-05-19
U2305,kyc_completed,2024-05-20
U2306,app_downloaded,2024-05-12
U2306,registered,2024-05-13
U2307,app_downloaded,2024-05-29
U2308,app_downloaded,2024-05-08
U2308,registered,2024-05-09
U2309,app_downloaded,2024-04-30
U2309,registered,2024-05-01
U2309,kyc_completed,2024-05-02
U2309,card_activated,2024-05-03
U2310,app_downloaded,2024-06-20
U2310,registered,2024-06-21
U2311,app_downloaded,2024-11-29
U2311,registered,2024-11-30
U2311,kyc_completed,2024-12-01
U2311,card_activated,2024-12-02
U2311,first_transaction,2024-12-03
U2312,app_downloaded,2024-05-07
U2312,registered,2024-05-08
U2312,kyc_completed,2024-05-09
U2312,card_activated,2024-05-10
U2312,first_transaction,2024-05-11
U2313,app_downloaded,2024-04-01
U2313,registered,2024-04-02
U2313,kyc_completed,2024-04-03
U2313,card_activated,2024-04-04
U2313,first_transaction,2024-04-05
U2314,app_downloaded,2024-04-16
U2314,registered,2024-04-17
U2315,app_downloaded,2024-07-07
U2315,registered,2024-07-08
U2315,kyc_completed,2024-07-09
U2315,card_activated,2024-07-10
U2315,first_transaction,2024-07-11
U2316,app_downloaded,2024-12-10
U2317,app_downloaded,2024-09-03
U2317,registered,2024-09-04
U2317,kyc_completed,2024-09-05
U2317,card_activated,2024-09-06
U2317,first_transaction,2024-09-07
U2318,app_downloaded,2024-10-04
U2318,registered,2024-10-05
U2318,kyc_completed,2024-10-06
U2318,card_activated,2024-10-07
U2318,first_transaction,2024-10-08
U2319,app_downloaded,2024-03-03
U2319,registered,2024-03-04
U2319,kyc_completed,2024-03-05
U2319,card_activated,2024-03-06
U2320,app_downloaded,2024-08-24
U2320,registered,2024-08-25
U2320,kyc_completed,2024-08-26
U2321,app_downloaded,2024-08-17
U2321,registered,2024-08-18
U2321,kyc_completed,2024-08-19
U2321,card_activated,2024-08-20
U2321,first_transaction,2024-08-21
U2322,app_downloaded,2024-01-23
U2322,registered,2024-01-24
U2322,kyc_completed,2024-01-25
U2323,app_downloaded,2024-08-04
U2323,registered,2024-08-05
U2324,app_downloaded,2024-12-22
U2324,registered,2024-12-23
U2324,kyc_completed,2024-12-24
U2325,app_downloaded,2024-03-23
U2325,registered,2024-03-24
U2325,kyc_completed,2024-03-25
U2326,app_downloaded,2024-11-21
U2326,registered,2024-11-22
U2326,kyc_completed,2024-11-23
U2327,app_downloaded,2024-12-26
U2327,registered,2024-12-27
U2327,kyc_completed,2024-12-28
U2327,card_activated,2024-12-29
U2328,app_downloaded,2024-08-19
U2328,registered,2024-08-20
U2328,kyc_completed,2024-08-21
U2329,app_downloaded,2024-02-11
U2329,registered,2024-02-12
U2329,kyc_completed,2024-02-13
U2329,card_activated,2024-02-14
U2330,app_downloaded,2024-05-28
U2330,registered,2024-05-29
U2330,kyc_completed,2024-05-30
U2330,card_activated,2024-05-31
U2331,app_downloaded,2024-01-12
U2331,registered,2024-01-13
U2332,app_downloaded,2024-06-01
U2332,registered,2024-06-02
U2332,kyc_completed,2024-06-03
U2332,card_activated,2024-06-04
U2332,first_transaction,2024-06-05
U2333,app_downloaded,2024-07-27
U2333,registered,2024-07-28
U2333,kyc_completed,2024-07-29
U2333,card_activated,2024-07-30
U2333,first_transaction,2024-07-31
U2334,app_downloaded,2024-07-07
U2334,registered,2024-07-08
U2334,kyc_completed,2024-07-09
U2334,card_activated,2024-07-10
U2335,app_downloaded,2024-07-07
U2335,registered,2024-07-08
U2335,kyc_completed,2024-07-09
U2335,card_activated,2024-07-10
U2335,first_transaction,2024-07-11
U2336,app_downloaded,2024-11-07
U2336,registered,2024-11-08
U2337,app_downloaded,2024-03-15
U2337,registered,2024-03-16
U2337,kyc_completed,2024-03-17
U2337,card_activated,2024-03-18
U2337,first_transaction,2024-03-19
U2338,app_downloaded,2024-04-25
U2338,registered,2024-04-26
U2338,kyc_completed,2024-04-27
U2338,card_activated,2024-04-28
U2338,first_transaction,2024-04-29
U2339,app_downloaded,2024-06-15
U2339,registered,2024-06-16
U2339,kyc_completed,2024-06-17
U2340,app_downloaded,2024-07-07
U2340,registered,2024-07-08
U2340,kyc_completed,2024-07-09
U2341,app_downloaded,2024-07-05
U2341,registered,2024-07-06
U2341,kyc_completed,2024-07-07
U2341,card_activated,2024-07-08
U2342,app_downloaded,2024-04-10
U2342,registered,2024-04-11
U2342,kyc_completed,2024-04-12
U2342,card_activated,2024-04-13
U2342,first_transaction,2024-04-14
U2343,app_downloaded,2024-01-01
U2343,registered,2024-01-02
U2343,kyc_completed,2024-01-03
U2343,card_activated,2024-01-04
U2343,first_transaction,2024-01-05
U2344,app_downloaded,2024-05-01
U2344,registered,2024-05-02
U2344,kyc_completed,2024-05-03
U2344,card_activated,2024-05-04
U2344,first_transaction,2024-05-05
U2345,app_downloaded,2024-01-22
U2345,registered,2024-01-23
U2345,kyc_completed,2024-01-24
U2346,app_downloaded,2024-10-28
U2346,registered,2024-10-29
U2346,kyc_completed,2024-10-30
U2346,card_activated,2024-10-31
U2346,first_transaction,2024-11-01
U2347,app_downloaded,2024-06-30
U2347,registered,2024-07-01
U2348,app_downloaded,2024-06-22
U2348,registered,2024-06-23
U2348,kyc_completed,2024-06-24
U2348,card_activated,2024-06-25
U2348,first_transaction,2024-06-26
U2349,app_downloaded,2024-08-24
U2349,registered,2024-08-25
U2349,kyc_completed,2024-08-26
U2349,card_activated,2024-08-27
U2349,first_transaction,2024-08-28
U2350,app_downloaded,2024-06-16
U2350,registered,2024-06-17
U2350,kyc_completed,2024-06-18
U2350,card_activated,2024-06-19
U2350,first_transaction,2024-06-20
U2351,app_downloaded,2024-01-31
U2351,registered,2024-02-01
U2351,kyc_completed,2024-02-02
U2352,app_downloaded,2024-06-10
U2352,registered,2024-06-11
U2352,kyc_completed,2024-06-12
U2353,app_downloaded,2024-03-11
U2353,registered,2024-03-12
U2354,app_downloaded,2024-07-14
U2354,registered,2024-07-15
U2354,kyc_completed,2024-07-16
U2354,card_activated,2024-07-17
U2355,app_downloaded,2024-11-18
U2355,registered,2024-11-19
U2355,kyc_completed,2024-11-20
U2355,card_activated,2024-11-21
U2355,first_transaction,2024-11-22
U2356,app_downloaded,2024-06-14
U2356,registered,2024-06-15
U2357,app_downloaded,2024-12-25
U2357,registered,2024-12-26
U2358,app_downloaded,2024-05-14
U2358,registered,2024-05-15
U2358,kyc_completed,2024-05-16
U2358,card_activated,2024-05-17
U2358,first_transaction,2024-05-18
U2359,app_downloaded,2024-03-17
U2359,registered,2024-03-18
U2359,kyc_completed,2024-03-19
U2359,card_activated,2024-03-20
U2359,first_transaction,2024-03-21
U2360,app_downloaded,2024-06-17
U2360,registered,2024-06-18
U2360,kyc_completed,2024-06-19
U2360,card_activated,2024-06-20
U2361,app_downloaded,2024-02-08
U2361,registered,2024-02-09
U2361,kyc_completed,2024-02-10
U2361,card_activated,2024-02-11
U2362,app_downloaded,2024-08-05
U2362,registered,2024-08-06
U2362,kyc_completed,2024-08-07
U2362,card_activated,2024-08-08
U2363,app_downloaded,2024-02-22
U2363,registered,2024-02-23
U2363,kyc_completed,2024-02-24
U2363,card_activated,2024-02-25
U2364,app_downloaded,2024-02-03
U2364,registered,2024-02-04
U2364,kyc_completed,2024-02-05
U2364,card_activated,2024-02-06
U2365,app_downloaded,2024-08-24
U2366,app_downloaded,2024-08-27
U2366,registered,2024-08-28
U2366,kyc_completed,2024-08-29
U2367,app_downloaded,2024-10-13
U2367,registered,2024-10-14
U2367,kyc_completed,2024-10-15
U2367,card_activated,2024-10-16
U2368,app_downloaded,2024-11-07
U2368,registered,2024-11-08
U2368,kyc_completed,2024-11-09
U2368,card_activated,2024-11-10
U2369,app_downloaded,2024-06-12
U2369,registered,2024-06-13
U2370,app_downloaded,2024-08-08
U2371,app_downloaded,2024-07-09
U2371,registered,2024-07-10
U2371,kyc_completed,2024-07-11
U2371,card_activated,2024-07-12
U2371,first_transaction,2024-07-13
U2372,app_downloaded,2024-09-01
U2372,registered,2024-09-02
U2372,kyc_completed,2024-09-03
U2372,card_activated,2024-09-04
U2372,first_transaction,2024-09-05
U2373,app_downloaded,2024-06-24
U2373,registered,2024-06-25
U2373,kyc_completed,2024-06-26
U2373,card_activated,2024-06-27
U2373,first_transaction,2024-06-28
U2374,app_downloaded,2024-08-12
U2374,registered,2024-08-13
U2374,kyc_completed,2024-08-14
U2374,card_activated,2024-08-15
U2374,first_transaction,2024-08-16
U2375,app_downloaded,2024-07-24
U2375,registered,2024-07-25
U2375,kyc_completed,2024-07-26
U2375,card_activated,2024-07-27
U2375,first_transaction,2024-07-28
U2376,app_downloaded,2024-07-23
U2376,registered,2024-07-24
U2376,kyc_completed,2024-07-25
U2376,card_activated,2024-07-26
U2377,app_downloaded,2024-08-14
U2377,registered,2024-08-15
U2377,kyc_completed,2024-08-16
U2378,app_downloaded,2024-02-26
U2378,registered,2024-02-27
U2378,kyc_completed,2024-02-28
U2378,card_activated,2024-02-29
U2379,app_downloaded,2024-01-29
U2379,registered,2024-01-30
U2379,kyc_completed,2024-01-31
U2379,card_activated,2024-02-01
U2379,first_transaction,2024-02-02
U2380,app_downloaded,2024-03-20
U2380,registered,2024-03-21
U2380,kyc_completed,2024-03-22
U2380,card_activated,2024-03-23
U2380,first_transaction,2024-03-24
U2381,app_downloaded,2024-05-11
U2381,registered,2024-05-12
U2381,kyc_completed,2024-05-13
U2381,card_activated,2024-05-14
U2381,first_transaction,2024-05-15
U2382,app_downloaded,2024-04-22
U2382,registered,2024-04-23
U2382,kyc_completed,2024-04-24
U2382,card_activated,2024-04-25
U2383,app_downloaded,2024-01-31
U2383,registered,2024-02-01
U2383,kyc_completed,2024-02-02
U2383,card_activated,2024-02-03
U2384,app_downloaded,2024-02-08
U2384,registered,2024-02-09
U2384,kyc_completed,2024-02-10
U2384,card_activated,2024-02-11
U2384,first_transaction,2024-02-12
U2385,app_downloaded,2024-07-28
U2385,registered,2024-07-29
U2385,kyc_completed,2024-07-30
U2385,card_activated,2024-07-31
U2385,first_transaction,2024-08-01
U2386,app_downloaded,2024-12-05
U2386,registered,2024-12-06
U2386,kyc_completed,2024-12-07
U2386,card_activated,2024-12-08
U2387,app_downloaded,2024-10-12
U2387,registered,2024-10-13
U2387,kyc_completed,2024-10-14
U2387,card_activated,2024-10-15
U2387,first_transaction,2024-10-16
U2388,app_downloaded,2024-06-13
U2388,registered,2024-06-14
U2388,kyc_completed,2024-06-15
U2388,card_activated,2024-06-16
U2388,first_transaction,2024-06-17
U2389,app_downloaded,2024-05-31
U2389,registered,2024-06-01
U2389,kyc_completed,2024-06-02
U2389,card_activated,2024-06-03
U2390,app_downloaded,2024-12-22
U2390,registered,2024-12-23
U2390,kyc_completed,2024-12-24
U2390,card_activated,2024-12-25
U2390,first_transaction,2024-12-26
U2391,app_downloaded,2024-11-03
U2391,registered,2024-11-04
U2391,kyc_completed,2024-11-05
U2391,card_activated,2024-11-06
U2391,first_transaction,2024-11-07
U2392,app_downloaded,2024-11-12
U2392,registered,2024-11-13
U2392,kyc_completed,2024-11-14
U2392,card_activated,2024-11-15
U2393,app_downloaded,2024-09-04
U2393,registered,2024-09-05
U2394,app_downloaded,2024-07-04
U2394,registered,2024-07-05
U2394,kyc_completed,2024-07-06
U2394,card_activated,2024-07-07
U2395,app_downloaded,2024-11-21
U2396,app_downloaded,2024-09-05
U2396,registered,2024-09-06
U2396,kyc_completed,2024-09-07
U2396,card_activated,2024-09-08
U2396,first_transaction,2024-09-09
U2397,app_downloaded,2024-06-08
U2397,registered,2024-06-09
U2397,kyc_completed,2024-06-10
U2397,card_activated,2024-06-11
U2398,app_downloaded,2024-12-26
U2398,registered,2024-12-27
U2398,kyc_completed,2024-12-28
U2399,app_downloaded,2024-01-31
U2399,registered,2024-02-01
U2399,kyc_completed,2024-02-02
U2399,card_activated,2024-02-03
U2399,first_transaction,2024-02-04
U2400,app_downloaded,2024-06-03
U2400,registered,2024-06-04
U2400,kyc_completed,2024-06-05
U2400,card_activated,2024-06-06
U2400,first_transaction,2024-06-07
U2401,app_downloaded,2024-07-13
U2401,registered,2024-07-14
U2401,kyc_completed,2024-07-15
U2401,card_activated,2024-07-16
U2401,first_transaction,2024-07-17
U2402,app_downloaded,2024-03-08
U2402,registered,2024-03-09
U2402,kyc_completed,2024-03-10
U2402,card_activated,2024-03-11
U2403,app_downloaded,2024-02-12
U2403,registered,2024-02-13
U2403,kyc_completed,2024-02-14
U2403,card_activated,2024-02-15
U2403,first_transaction,2024-02-16
U2404,app_downloaded,2024-09-22
U2404,registered,2024-09-23
U2404,kyc_completed,2024-09-24
U2404,card_activated,2024-09-25
U2404,first_transaction,2024-09-26
U2405,app_downloaded,2024-10-04
U2405,registered,2024-10-05
U2405,kyc_completed,2024-10-06
U2406,app_downloaded,2024-05-27
U2406,registered,2024-05-28
U2407,app_downloaded,2024-11-19
U2407,registered,2024-11-20
U2407,kyc_completed,2024-11-21
U2408,app_downloaded,2024-03-09
U2408,registered,2024-03-10
U2408,kyc_completed,2024-03-11
U2409,app_downloaded,2024-12-17
U2410,app_downloaded,2024-01-06
U2410,registered,2024-01-07
U2410,kyc_completed,2024-01-08
U2410,card_activated,2024-01-09
U2410,first_transaction,2024-01-10
U2411,app_downloaded,2024-11-12
U2411,registered,2024-11-13
U2412,app_downloaded,2024-02-20
U2412,registered,2024-02-21
U2412,kyc_completed,2024-02-22
U2412,card_activated,2024-02-23
U2413,app_downloaded,2024-11-25
U2413,registered,2024-11-26
U2414,app_downloaded,2024-05-26
U2414,registered,2024-05-27
U2414,kyc_completed,2024-05-28
U2414,card_activated,2024-05-29
U2415,app_downloaded,2024-10-12
U2415,registered,2024-10-13
U2415,kyc_completed,2024-10-14
U2415,card_activated,2024-10-15
U2416,app_downloaded,2024-03-30
U2416,registered,2024-03-31
U2416,kyc_completed,2024-04-01
U2416,card_activated,2024-04-02
U2416,first_transaction,2024-04-03
U2417,app_downloaded,2024-09-24
U2417,registered,2024-09-25
U2417,kyc_completed,2024-09-26
U2417,card_activated,2024-09-27
U2417,first_transaction,2024-09-28
U2418,app_downloaded,2024-05-12
U2418,registered,2024-05-13
U2418,kyc_completed,2024-05-14
U2418,card_activated,2024-05-15
U2418,first_transaction,2024-05-16
U2419,app_downloaded,2024-08-03
U2419,registered,2024-08-04
U2419,kyc_completed,2024-08-05
U2419,card_activated,2024-08-06
U2419,first_transaction,2024-08-07
U2420,app_downloaded,2024-02-03
U2421,app_downloaded,2024-05-11
U2421,registered,2024-05-12
U2421,kyc_completed,2024-05-13
U2422,app_downloaded,2024-08-20
U2422,registered,2024-08-21
U2422,kyc_completed,2024-08-22
U2422,card_activated,2024-08-23
U2422,first_transaction,2024-08-24
U2423,app_downloaded,2024-02-13
U2423,registered,2024-02-14
U2423,kyc_completed,2024-02-15
U2423,card_activated,2024-02-16
U2423,first_transaction,2024-02-17
U2424,app_downloaded,2024-02-05
U2424,registered,2024-02-06
U2424,kyc_completed,2024-02-07
U2424,card_activated,2024-02-08
U2424,first_transaction,2024-02-09
U2425,app_downloaded,2024-08-01
U2425,registered,2024-08-02
U2425,kyc_completed,2024-08-03
U2425,card_activated,2024-08-04
U2425,first_transaction,2024-08-05
U2426,app_downloaded,2024-03-15
U2426,registered,2024-03-16
U2426,kyc_completed,2024-03-17
U2426,card_activated,2024-03-18
U2426,first_transaction,2024-03-19
U2427,app_downloaded,2024-04-07
U2427,registered,2024-04-08
U2428,app_downloaded,2024-10-08
U2428,registered,2024-10-09
U2428,kyc_completed,2024-10-10
U2429,app_downloaded,2024-06-15
U2429,registered,2024-06-16
U2430,app_downloaded,2024-02-26
U2430,registered,2024-02-27
U2430,kyc_completed,2024-02-28
U2430,card_activated,2024-02-29
U2431,app_downloaded,2024-11-22
U2431,registered,2024-11-23
U2431,kyc_completed,2024-11-24
U2432,app_downloaded,2024-03-29
U2432,registered,2024-03-30
U2432,kyc_completed,2024-03-31
U2433,app_downloaded,2024-12-15
U2433,registered,2024-12-16
U2433,kyc_completed,2024-12-17
U2433,card_activated,2024-12-18
U2434,app_downloaded,2024-05-30
U2434,registered,2024-05-31
U2434,kyc_completed,2024-06-01
U2435,app_downloaded,2024-07-22
U2435,registered,2024-07-23
U2435,kyc_completed,2024-07-24
U2435,card_activated,2024-07-25
U2436,app_downloaded,2024-02-26
U2436,registered,2024-02-27
U2436,kyc_completed,2024-02-28
U2436,card_activated,2024-02-29
U2437,app_downloaded,2024-05-03
U2437,registered,2024-05-04
U2437,kyc_completed,2024-05-05
U2438,app_downloaded,2024-12-12
U2438,registered,2024-12-13
U2439,app_downloaded,2024-10-11
U2440,app_downloaded,2024-10-17
U2440,registered,2024-10-18
U2440,kyc_completed,2024-10-19
U2440,card_activated,2024-10-20
U2440,first_transaction,2024-10-21
U2441,app_downloaded,2024-07-11
U2441,registered,2024-07-12
U2441,kyc_completed,2024-07-13
U2441,card_activated,2024-07-14
U2442,app_downloaded,2024-03-15
U2442,registered,2024-03-16
U2443,app_downloaded,2024-11-28
U2443,registered,2024-11-29
U2443,kyc_completed,2024-11-30
U2443,card_activated,2024-12-01
U2443,first_transaction,2024-12-02
U2444,app_downloaded,2024-01-28
U2444,registered,2024-01-29
U2445,app_downloaded,2024-01-18
U2445,registered,2024-01-19
U2446,app_downloaded,2024-10-21
U2446,registered,2024-10-22
U2446,kyc_completed,2024-10-23
U2447,app_downloaded,2024-09-17
U2447,registered,2024-09-18
U2448,app_downloaded,2024-06-17
U2448,registered,2024-06-18
U2448,kyc_completed,2024-06-19
U2448,card_activated,2024-06-20
U2449,app_downloaded,2024-09-28
U2449,registered,2024-09-29
U2449,kyc_completed,2024-09-30
U2449,card_activated,2024-10-01
U2449,first_transaction,2024-10-02
U2450,app_downloaded,2024-12-15
U2450,registered,2024-12-16
U2450,kyc_completed,2024-12-17
U2450,card_activated,2024-12-18
U2450,first_transaction,2024-12-19
U2451,app_downloaded,2024-05-15
U2451,registered,2024-05-16
U2452,app_downloaded,2024-05-05
U2452,registered,2024-05-06
U2452,kyc_completed,2024-05-07
U2452,card_activated,2024-05-08
U2452,first_transaction,2024-05-09
U2453,app_downloaded,2024-06-27
U2453,registered,2024-06-28
U2453,kyc_completed,2024-06-29
U2453,card_activated,2024-06-30
U2453,first_transaction,2024-07-01
U2454,app_downloaded,2024-05-28
U2454,registered,2024-05-29
U2454,kyc_completed,2024-05-30
U2454,card_activated,2024-05-31
U2454,first_transaction,2024-06-01
U2455,app_downloaded,2024-03-30
U2455,registered,2024-03-31
U2455,kyc_completed,2024-04-01
U2456,app_downloaded,2024-09-14
U2456,registered,2024-09-15
U2456,kyc_completed,2024-09-16
U2456,card_activated,2024-09-17
U2457,app_downloaded,2024-11-03
U2457,registered,2024-11-04
U2458,app_downloaded,2024-01-11
U2458,registered,2024-01-12
U2458,kyc_completed,2024-01-13
U2458,card_activated,2024-01-14
U2459,app_downloaded,2024-08-23
U2460,app_downloaded,2024-01-30
U2460,registered,2024-01-31
U2460,kyc_completed,2024-02-01
U2460,card_activated,2024-02-02
U2460,first_transaction,2024-02-03
U2461,app_downloaded,2024-05-15
U2461,registered,2024-05-16
U2461,kyc_completed,2024-05-17
U2462,app_downloaded,2024-10-29
U2462,registered,2024-10-30
U2462,kyc_completed,2024-10-31
U2462,card_activated,2024-11-01
U2462,first_transaction,2024-11-02
U2463,app_downloaded,2024-04-07
U2463,registered,2024-04-08
U2464,app_downloaded,2024-02-21
U2464,registered,2024-02-22
U2464,kyc_completed,2024-02-23
U2464,card_activated,2024-02-24
U2464,first_transaction,2024-02-25
U2465,app_downloaded,2024-09-04
U2465,registered,2024-09-05
U2465,kyc_completed,2024-09-06
U2465,card_activated,2024-09-07
U2465,first_transaction,2024-09-08
U2466,app_downloaded,2024-06-18
U2466,registered,2024-06-19
U2466,kyc_completed,2024-06-20
U2466,card_activated,2024-06-21
U2466,first_transaction,2024-06-22
U2467,app_downloaded,2024-09-27
U2467,registered,2024-09-28
U2467,kyc_completed,2024-09-29
U2468,app_downloaded,2024-12-01
U2468,registered,2024-12-02
U2468,kyc_completed,2024-12-03
U2468,card_activated,2024-12-04
U2468,first_transaction,2024-12-05
U2469,app_downloaded,2024-09-24
U2469,registered,2024-09-25
U2470,app_downloaded,2024-02-06
U2470,registered,2024-02-07
U2470,kyc_completed,2024-02-08
U2470,card_activated,2024-02-09
U2471,app_downloaded,2024-09-03
U2471,registered,2024-09-04
U2471,kyc_completed,2024-09-05
U2471,card_activated,2024-09-06
U2471,first_transaction,2024-09-07
U2472,app_downloaded,2024-11-23
U2472,registered,2024-11-24
U2472,kyc_completed,2024-11-25
U2473,app_downloaded,2024-11-16
U2473,registered,2024-11-17
U2473,kyc_completed,2024-11-18
U2473,card_activated,2024-11-19
U2473,first_transaction,2024-11-20
U2474,app_downloaded,2024-10-01
U2474,registered,2024-10-02
U2474,kyc_completed,2024-10-03
U2474,card_activated,2024-10-04
U2474,first_transaction,2024-10-05
U2475,app_downloaded,2024-03-15
U2475,registered,2024-03-16
U2475,kyc_completed,2024-03-17
U2475,card_activated,2024-03-18
U2475,first_transaction,2024-03-19
U2476,app_downloaded,2024-04-20
U2476,registered,2024-04-21
U2476,kyc_completed,2024-04-22
U2476,card_activated,2024-04-23
U2477,app_downloaded,2024-09-19
U2477,registered,2024-09-20
U2477,kyc_completed,2024-09-21
U2478,app_downloaded,2024-01-17
U2478,registered,2024-01-18
U2478,kyc_completed,2024-01-19
U2478,card_activated,2024-01-20
U2479,app_downloaded,2024-08-14
U2479,registered,2024-08-15
U2479,kyc_completed,2024-08-16
U2479,card_activated,2024-08-17
U2479,first_transaction,2024-08-18
U2480,app_downloaded,2024-05-09
U2480,registered,2024-05-10
U2480,kyc_completed,2024-05-11
U2481,app_downloaded,2024-07-29
U2481,registered,2024-07-30
U2482,app_downloaded,2024-07-11
U2482,registered,2024-07-12
U2482,kyc_completed,2024-07-13
U2482,card_activated,2024-07-14
U2482,first_transaction,2024-07-15
U2483,app_downloaded,2024-04-02
U2483,registered,2024-04-03
U2483,kyc_completed,2024-04-04
U2483,card_activated,2024-04-05
U2484,app_downloaded,2024-01-12
U2484,registered,2024-01-13
U2484,kyc_completed,2024-01-14
U2484,card_activated,2024-01-15
U2484,first_transaction,2024-01-16
U2485,app_downloaded,2024-09-12
U2485,registered,2024-09-13
U2486,app_downloaded,2024-01-04
U2486,registered,2024-01-05
U2486,kyc_completed,2024-01-06
U2486,card_activated,2024-01-07
U2486,first_transaction,2024-01-08
U2487,app_downloaded,2024-03-04
U2487,registered,2024-03-05
U2488,app_downloaded,2024-11-25
U2488,registered,2024-11-26
U2488,kyc_completed,2024-11-27
U2488,card_activated,2024-11-28
U2488,first_transaction,2024-11-29
U2489,app_downloaded,2024-08-09
U2489,registered,2024-08-10
U2489,kyc_completed,2024-08-11
U2489,card_activated,2024-08-12
U2489,first_transaction,2024-08-13
U2490,app_downloaded,2024-07-08
U2490,registered,2024-07-09
U2490,kyc_completed,2024-07-10
U2490,card_activated,2024-07-11
U2490,first_transaction,2024-07-12
U2491,app_downloaded,2024-10-21
U2491,registered,2024-10-22
U2492,app_downloaded,2024-12-13
U2492,registered,2024-12-14
U2492,kyc_completed,2024-12-15
U2493,app_downloaded,2024-07-28
U2493,registered,2024-07-29
U2493,kyc_completed,2024-07-30
U2493,card_activated,2024-07-31
U2493,first_transaction,2024-08-01
U2494,app_downloaded,2024-05-24
U2494,registered,2024-05-25
U2494,kyc_completed,2024-05-26
U2494,card_activated,2024-05-27
U2494,first_transaction,2024-05-28
U2495,app_downloaded,2024-03-06
U2495,registered,2024-03-07
U2495,kyc_completed,2024-03-08
U2495,card_activated,2024-03-09
U2495,first_transaction,2024-03-10
U2496,app_downloaded,2024-06-20
U2496,registered,2024-06-21
U2496,kyc_completed,2024-06-22
U2497,app_downloaded,2024-03-24
U2497,registered,2024-03-25
U2497,kyc_completed,2024-03-26
U2497,card_activated,2024-03-27
U2497,first_transaction,2024-03-28
U2498,app_downloaded,2024-01-29
U2498,registered,2024-01-30
U2498,kyc_completed,2024-01-31
U2498,card_activated,2024-02-01
U2498,first_transaction,2024-02-02
U2499,app_downloaded,2024-08-07
U2499,registered,2024-08-08
U2499,kyc_completed,2024-08-09
U2499,card_activated,2024-08-10
U2499,first_transaction,2024-08-11
U2500,app_downloaded,2024-07-05
U2500,registered,2024-07-06
U2500,kyc_completed,2024-07-07
U2500,card_activated,2024-07-08
U2500,first_transaction,2024-07-09
U2501,app_downloaded,2024-03-02
U2501,registered,2024-03-03
U2501,kyc_completed,2024-03-04
U2502,app_downloaded,2024-06-13
U2502,registered,2024-06-14
U2503,app_downloaded,2024-09-21
U2503,registered,2024-09-22
U2504,app_downloaded,2024-11-05
U2504,registered,2024-11-06
U2504,kyc_completed,2024-11-07
U2505,app_downloaded,2024-12-10
U2505,registered,2024-12-11
U2505,kyc_completed,2024-12-12
U2505,card_activated,2024-12-13
U2506,app_downloaded,2024-06-03
U2506,registered,2024-06-04
U2506,kyc_completed,2024-06-05
U2506,card_activated,2024-06-06
U2506,first_transaction,2024-06-07
U2507,app_downloaded,2024-07-05
U2507,registered,2024-07-06
U2507,kyc_completed,2024-07-07
U2507,card_activated,2024-07-08
U2507,first_transaction,2024-07-09
U2508,app_downloaded,2024-01-21
U2508,registered,2024-01-22
U2508,kyc_completed,2024-01-23
U2508,card_activated,2024-01-24
U2508,first_transaction,2024-01-25
U2509,app_downloaded,2024-12-01
U2509,registered,2024-12-02
U2510,app_downloaded,2024-05-26
U2510,registered,2024-05-27
U2510,kyc_completed,2024-05-28
U2511,app_downloaded,2024-01-06
U2511,registered,2024-01-07
U2511,kyc_completed,2024-01-08
U2511,card_activated,2024-01-09
U2511,first_transaction,2024-01-10
U2512,app_downloaded,2024-08-06
U2512,registered,2024-08-07
U2512,kyc_completed,2024-08-08
U2512,card_activated,2024-08-09
U2512,first_transaction,2024-08-10
U2513,app_downloaded,2024-04-02
U2513,registered,2024-04-03
U2513,kyc_completed,2024-04-04
U2514,app_downloaded,2024-11-29
U2514,registered,2024-11-30
U2514,kyc_completed,2024-12-01
U2515,app_downloaded,2024-07-24
U2515,registered,2024-07-25
U2515,kyc_completed,2024-07-26
U2516,app_downloaded,2024-06-24
U2516,registered,2024-06-25
U2517,app_downloaded,2024-02-17
U2518,app_downloaded,2024-01-04
U2518,registered,2024-01-05
U2518,kyc_completed,2024-01-06
U2518,card_activated,2024-01-07
U2518,first_transaction,2024-01-08
U2519,app_downloaded,2024-11-09
U2519,registered,2024-11-10
U2519,kyc_completed,2024-11-11
U2519,card_activated,2024-11-12
U2520,app_downloaded,2024-08-07
U2520,registered,2024-08-08
U2520,kyc_completed,2024-08-09
U2520,card_activated,2024-08-10
U2520,first_transaction,2024-08-11
U2521,app_downloaded,2024-11-05
U2521,registered,2024-11-06
U2522,app_downloaded,2024-05-30
U2522,registered,2024-05-31
U2522,kyc_completed,2024-06-01
U2522,card_activated,2024-06-02
U2523,app_downloaded,2024-10-23
U2523,registered,2024-10-24
U2523,kyc_completed,2024-10-25
U2523,card_activated,2024-10-26
U2523,first_transaction,2024-10-27
U2524,app_downloaded,2024-11-12
U2524,registered,2024-11-13
U2525,app_downloaded,2024-04-10
U2525,registered,2024-04-11
U2526,app_downloaded,2024-08-10
U2526,registered,2024-08-11
U2526,kyc_completed,2024-08-12
U2526,card_activated,2024-08-13
U2526,first_transaction,2024-08-14
U2527,app_downloaded,2024-11-06
U2527,registered,2024-11-07
U2527,kyc_completed,2024-11-08
U2528,app_downloaded,2024-04-17
U2528,registered,2024-04-18
U2528,kyc_completed,2024-04-19
U2528,card_activated,2024-04-20
U2528,first_transaction,2024-04-21
U2529,app_downloaded,2024-06-26
U2529,registered,2024-06-27
U2529,kyc_completed,2024-06-28
U2530,app_downloaded,2024-12-24
U2530,registered,2024-12-25
U2530,kyc_completed,2024-12-26
U2530,card_activated,2024-12-27
U2530,first_transaction,2024-12-28
U2531,app_downloaded,2024-07-11
U2531,registered,2024-07-12
U2531,kyc_completed,2024-07-13
U2531,card_activated,2024-07-14
U2531,first_transaction,2024-07-15
U2532,app_downloaded,2024-10-12
U2532,registered,2024-10-13
U2532,kyc_completed,2024-10-14
U2532,card_activated,2024-10-15
U2533,app_downloaded,2024-04-18
U2533,registered,2024-04-19
U2533,kyc_completed,2024-04-20
U2533,card_activated,2024-04-21
U2534,app_downloaded,2024-02-29
U2534,registered,2024-03-01
U2535,app_downloaded,2024-01-19
U2535,registered,2024-01-20
U2536,app_downloaded,2024-11-10
U2536,registered,2024-11-11
U2536,kyc_completed,2024-11-12
U2537,app_downloaded,2024-04-04
U2537,registered,2024-04-05
U2537,kyc_completed,2024-04-06
U2537,card_activated,2024-04-07
U2538,app_downloaded,2024-11-13
U2538,registered,2024-11-14
U2538,kyc_completed,2024-11-15
U2538,card_activated,2024-11-16
U2538,first_transaction,2024-11-17
U2539,app_downloaded,2024-09-19
U2539,registered,2024-09-20
U2540,app_downloaded,2024-03-19
U2540,registered,2024-03-20
U2540,kyc_completed,2024-03-21
U2540,card_activated,2024-03-22
U2541,app_downloaded,2024-08-29
U2541,registered,2024-08-30
U2541,kyc_completed,2024-08-31
U2542,app_downloaded,2024-03-26
U2542,registered,2024-03-27
U2542,kyc_completed,2024-03-28
U2542,card_activated,2024-03-29
U2542,first_transaction,2024-03-30
U2543,app_downloaded,2024-01-12
U2543,registered,2024-01-13
U2543,kyc_completed,2024-01-14
U2543,card_activated,2024-01-15
U2543,first_transaction,2024-01-16
U2544,app_downloaded,2024-10-22
U2544,registered,2024-10-23
U2544,kyc_completed,2024-10-24
U2544,card_activated,2024-10-25
U2544,first_transaction,2024-10-26
U2545,app_downloaded,2024-06-07
U2545,registered,2024-06-08
U2545,kyc_completed,2024-06-09
U2545,card_activated,2024-06-10
U2546,app_downloaded,2024-02-02
U2546,registered,2024-02-03
U2546,kyc_completed,2024-02-04
U2546,card_activated,2024-02-05
U2546,first_transaction,2024-02-06
U2547,app_downloaded,2024-09-15
U2547,registered,2024-09-16
U2547,kyc_completed,2024-09-17
U2547,card_activated,2024-09-18
U2547,first_transaction,2024-09-19
U2548,app_downloaded,2024-04-30
U2548,registered,2024-05-01
U2548,kyc_completed,2024-05-02
U2548,card_activated,2024-05-03
U2549,app_downloaded,2024-07-11
U2549,registered,2024-07-12
U2549,kyc_completed,2024-07-13
U2550,app_downloaded,2024-03-02
U2550,registered,2024-03-03
U2551,app_downloaded,2024-08-07
U2551,registered,2024-08-08
U2551,kyc_completed,2024-08-09
U2552,app_downloaded,2024-03-01
U2552,registered,2024-03-02
U2553,app_downloaded,2024-11-03
U2553,registered,2024-11-04
U2554,app_downloaded,2024-05-18
U2554,registered,2024-05-19
U2554,kyc_completed,2024-05-20
U2554,card_activated,2024-05-21
U2554,first_transaction,2024-05-22
U2555,app_downloaded,2024-01-23
U2555,registered,2024-01-24
U2555,kyc_completed,2024-01-25
U2555,card_activated,2024-01-26
U2556,app_downloaded,2024-01-26
U2556,registered,2024-01-27
U2556,kyc_completed,2024-01-28
U2556,card_activated,2024-01-29
U2556,first_transaction,2024-01-30
U2557,app_downloaded,2024-10-11
U2557,registered,2024-10-12
U2557,kyc_completed,2024-10-13
U2557,card_activated,2024-10-14
U2558,app_downloaded,2024-05-27
U2558,registered,2024-05-28
U2558,kyc_completed,2024-05-29
U2559,app_downloaded,2024-01-07
U2559,registered,2024-01-08
U2559,kyc_completed,2024-01-09
U2560,app_downloaded,2024-01-21
U2560,registered,2024-01-22
U2560,kyc_completed,2024-01-23
U2560,card_activated,2024-01-24
U2561,app_downloaded,2024-11-16
U2561,registered,2024-11-17
U2561,kyc_completed,2024-11-18
U2562,app_downloaded,2024-12-26
U2563,app_downloaded,2024-02-05
U2563,registered,2024-02-06
U2563,kyc_completed,2024-02-07
U2563,card_activated,2024-02-08
U2564,app_downloaded,2024-12-03
U2564,registered,2024-12-04
U2564,kyc_completed,2024-12-05
U2564,card_activated,2024-12-06
U2564,first_transaction,2024-12-07
U2565,app_downloaded,2024-10-07
U2565,registered,2024-10-08
U2565,kyc_completed,2024-10-09
U2565,card_activated,2024-10-10
U2565,first_transaction,2024-10-11
U2566,app_downloaded,2024-10-04
U2566,registered,2024-10-05
U2566,kyc_completed,2024-10-06
U2566,card_activated,2024-10-07
U2567,app_downloaded,2024-09-15
U2567,registered,2024-09-16
U2567,kyc_completed,2024-09-17
U2567,card_activated,2024-09-18
U2567,first_transaction,2024-09-19
U2568,app_downloaded,2024-12-17
U2568,registered,2024-12-18
U2568,kyc_completed,2024-12-19
U2568,card_activated,2024-12-20
U2569,app_downloaded,2024-08-16
U2569,registered,2024-08-17
U2570,app_downloaded,2024-10-27
U2570,registered,2024-10-28
U2570,kyc_completed,2024-10-29
U2570,card_activated,2024-10-30
U2570,first_transaction,2024-10-31
U2571,app_downloaded,2024-09-18
U2571,registered,2024-09-19
U2571,kyc_completed,2024-09-20
U2571,card_activated,2024-09-21
U2572,app_downloaded,2024-09-06
U2572,registered,2024-09-07
U2572,kyc_completed,2024-09-08
U2572,card_activated,2024-09-09
U2572,first_transaction,2024-09-10
U2573,app_downloaded,2024-03-07
U2573,registered,2024-03-08
U2573,kyc_completed,2024-03-09
U2573,card_activated,2024-03-10
U2574,app_downloaded,2024-07-16
U2574,registered,2024-07-17
U2575,app_downloaded,2024-10-16
U2575,registered,2024-10-17
U2575,kyc_completed,2024-10-18
U2575,card_activated,2024-10-19
U2575,first_transaction,2024-10-20
U2576,app_downloaded,2024-07-10
U2576,registered,2024-07-11
U2576,kyc_completed,2024-07-12
U2576,card_activated,2024-07-13
U2576,first_transaction,2024-07-14
U2577,app_downloaded,2024-04-20
U2577,registered,2024-04-21
U2577,kyc_completed,2024-04-22
U2577,card_activated,2024-04-23
U2578,app_downloaded,2024-11-11
U2578,registered,2024-11-12
U2578,kyc_completed,2024-11-13
U2578,card_activated,2024-11-14
U2579,app_downloaded,2024-03-28
U2579,registered,2024-03-29
U2579,kyc_completed,2024-03-30
U2579,card_activated,2024-03-31
U2580,app_downloaded,2024-02-26
U2580,registered,2024-02-27
U2581,app_downloaded,2024-06-29
U2581,registered,2024-06-30
U2581,kyc_completed,2024-07-01
U2581,card_activated,2024-07-02
U2581,first_transaction,2024-07-03
U2582,app_downloaded,2024-06-06
U2582,registered,2024-06-07
U2582,kyc_completed,2024-06-08
U2582,card_activated,2024-06-09
U2582,first_transaction,2024-06-10
U2583,app_downloaded,2024-03-15
U2583,registered,2024-03-16
U2583,kyc_completed,2024-03-17
U2584,app_downloaded,2024-04-13
U2584,registered,2024-04-14
U2584,kyc_completed,2024-04-15
U2584,card_activated,2024-04-16
U2584,first_transaction,2024-04-17
U2585,app_downloaded,2024-10-06
U2585,registered,2024-10-07
U2585,kyc_completed,2024-10-08
U2585,card_activated,2024-10-09
U2585,first_transaction,2024-10-10
U2586,app_downloaded,2024-07-06
U2586,registered,2024-07-07
U2586,kyc_completed,2024-07-08
U2587,app_downloaded,2024-03-31
U2587,registered,2024-04-01
U2587,kyc_completed,2024-04-02
U2587,card_activated,2024-04-03
U2587,first_transaction,2024-04-04
U2588,app_downloaded,2024-03-12
U2588,registered,2024-03-13
U2589,app_downloaded,2024-06-04
U2589,registered,2024-06-05
U2590,app_downloaded,2024-06-22
U2590,registered,2024-06-23
U2590,kyc_completed,2024-06-24
U2590,card_activated,2024-06-25
U2590,first_transaction,2024-06-26
U2591,app_downloaded,2024-08-21
U2591,registered,2024-08-22
U2591,kyc_completed,2024-08-23
U2591,card_activated,2024-08-24
U2591,first_transaction,2024-08-25
U2592,app_downloaded,2024-09-27
U2592,registered,2024-09-28
U2592,kyc_completed,2024-09-29
U2593,app_downloaded,2024-10-28
U2593,registered,2024-10-29
U2593,kyc_completed,2024-10-30
U2593,card_activated,2024-10-31
U2594,app_downloaded,2024-12-13
U2594,registered,2024-12-14
U2594,kyc_completed,2024-12-15
U2594,card_activated,2024-12-16
U2594,first_transaction,2024-12-17
U2595,app_downloaded,2024-07-11
U2595,registered,2024-07-12
U2595,kyc_completed,2024-07-13
U2595,card_activated,2024-07-14
U2596,app_downloaded,2024-07-09
U2596,registered,2024-07-10
U2596,kyc_completed,2024-07-11
U2596,card_activated,2024-07-12
U2597,app_downloaded,2024-11-13
U2597,registered,2024-11-14
U2597,kyc_completed,2024-11-15
U2598,app_downloaded,2024-04-16
U2598,registered,2024-04-17
U2598,kyc_completed,2024-04-18
U2598,card_activated,2024-04-19
U2599,app_downloaded,2024-02-07
U2599,registered,2024-02-08
U2599,kyc_completed,2024-02-09
U2599,card_activated,2024-02-10
U2599,first_transaction,2024-02-11
U2600,app_downloaded,2024-11-01
U2600,registered,2024-11-02
U2601,app_downloaded,2024-10-27
U2601,registered,2024-10-28
U2602,app_downloaded,2024-10-13
U2602,registered,2024-10-14
U2603,app_downloaded,2024-03-12
U2603,registered,2024-03-13
U2603,kyc_completed,2024-03-14
U2603,card_activated,2024-03-15
U2603,first_transaction,2024-03-16
U2604,app_downloaded,2024-01-04
U2604,registered,2024-01-05
U2604,kyc_completed,2024-01-06
U2604,card_activated,2024-01-07
U2604,first_transaction,2024-01-08
U2605,app_downloaded,2024-09-01
U2605,registered,2024-09-02
U2605,kyc_completed,2024-09-03
U2605,card_activated,2024-09-04
U2605,first_transaction,2024-09-05
U2606,app_downloaded,2024-02-08
U2606,registered,2024-02-09
U2607,app_downloaded,2024-07-04
U2607,registered,2024-07-05
U2607,kyc_completed,2024-07-06
U2607,card_activated,2024-07-07
U2607,first_transaction,2024-07-08
U2608,app_downloaded,2024-10-21
U2608,registered,2024-10-22
U2609,app_downloaded,2024-03-29
U2610,app_downloaded,2024-07-28
U2610,registered,2024-07-29
U2610,kyc_completed,2024-07-30
U2611,app_downloaded,2024-07-08
U2611,registered,2024-07-09
U2611,kyc_completed,2024-07-10
U2611,card_activated,2024-07-11
U2611,first_transaction,2024-07-12
U2612,app_downloaded,2024-02-09
U2612,registered,2024-02-10
U2612,kyc_completed,2024-02-11
U2613,app_downloaded,2024-08-25
U2613,registered,2024-08-26
U2613,kyc_completed,2024-08-27
U2613,card_activated,2024-08-28
U2613,first_transaction,2024-08-29
U2614,app_downloaded,2024-06-11
U2614,registered,2024-06-12
U2614,kyc_completed,2024-06-13
U2614,card_activated,2024-06-14
U2614,first_transaction,2024-06-15
U2615,app_downloaded,2024-02-09
U2615,registered,2024-02-10
U2615,kyc_completed,2024-02-11
U2615,card_activated,2024-02-12
U2615,first_transaction,2024-02-13
U2616,app_downloaded,2024-09-03
U2616,registered,2024-09-04
U2616,kyc_completed,2024-09-05
U2616,card_activated,2024-09-06
U2616,first_transaction,2024-09-07
U2617,app_downloaded,2024-10-06
U2617,registered,2024-10-07
U2617,kyc_completed,2024-10-08
U2617,card_activated,2024-10-09
U2617,first_transaction,2024-10-10
U2618,app_downloaded,2024-06-18
U2618,registered,2024-06-19
U2618,kyc_completed,2024-06-20
U2618,card_activated,2024-06-21
U2619,app_downloaded,2024-05-02
U2619,registered,2024-05-03
U2619,kyc_completed,2024-05-04
U2620,app_downloaded,2024-05-14
U2620,registered,2024-05-15
U2620,kyc_completed,2024-05-16
U2620,card_activated,2024-05-17
U2620,first_transaction,2024-05-18
U2621,app_downloaded,2024-11-04
U2621,registered,2024-11-05
U2621,kyc_completed,2024-11-06
U2621,card_activated,2024-11-07
U2621,first_transaction,2024-11-08
U2622,app_downloaded,2024-03-29
U2622,registered,2024-03-30
U2622,kyc_completed,2024-03-31
U2622,card_activated,2024-04-01
U2622,first_transaction,2024-04-02
U2623,app_downloaded,2024-10-06
U2623,registered,2024-10-07
U2623,kyc_completed,2024-10-08
U2623,card_activated,2024-10-09
U2623,first_transaction,2024-10-10
U2624,app_downloaded,2024-01-05
U2624,registered,2024-01-06
U2624,kyc_completed,2024-01-07
U2624,card_activated,2024-01-08
U2624,first_transaction,2024-01-09
U2625,app_downloaded,2024-09-29
U2625,registered,2024-09-30
U2625,kyc_completed,2024-10-01
U2626,app_downloaded,2024-07-11
U2626,registered,2024-07-12
U2626,kyc_completed,2024-07-13
U2626,card_activated,2024-07-14
U2626,first_transaction,2024-07-15
U2627,app_downloaded,2024-03-03
U2627,registered,2024-03-04
U2627,kyc_completed,2024-03-05
U2627,card_activated,2024-03-06
U2627,first_transaction,2024-03-07
U2628,app_downloaded,2024-02-04
U2628,registered,2024-02-05
U2628,kyc_completed,2024-02-06
U2629,app_downloaded,2024-01-04
U2629,registered,2024-01-05
U2629,kyc_completed,2024-01-06
U2629,card_activated,2024-01-07
U2629,first_transaction,2024-01-08
U2630,app_downloaded,2024-10-03
U2630,registered,2024-10-04
U2630,kyc_completed,2024-10-05
U2630,card_activated,2024-10-06
U2631,app_downloaded,2024-06-05
U2631,registered,2024-06-06
U2632,app_downloaded,2024-11-21
U2632,registered,2024-11-22
U2633,app_downloaded,2024-09-06
U2633,registered,2024-09-07
U2633,kyc_completed,2024-09-08
U2633,card_activated,2024-09-09
U2634,app_downloaded,2024-08-20
U2634,registered,2024-08-21
U2634,kyc_completed,2024-08-22
U2634,card_activated,2024-08-23
U2634,first_transaction,2024-08-24
U2635,app_downloaded,2024-09-09
U2636,app_downloaded,2024-02-20
U2636,registered,2024-02-21
U2636,kyc_completed,2024-02-22
U2636,card_activated,2024-02-23
U2637,app_downloaded,2024-04-15
U2637,registered,2024-04-16
U2637,kyc_completed,2024-04-17
U2638,app_downloaded,2024-12-15
U2639,app_downloaded,2024-08-25
U2639,registered,2024-08-26
U2640,app_downloaded,2024-03-14
U2640,registered,2024-03-15
U2640,kyc_completed,2024-03-16
U2640,card_activated,2024-03-17
U2640,first_transaction,2024-03-18
U2641,app_downloaded,2024-12-31
U2641,registered,2025-01-01
U2641,kyc_completed,2025-01-02
U2641,card_activated,2025-01-03
U2641,first_transaction,2025-01-04
U2642,app_downloaded,2024-08-01
U2642,registered,2024-08-02
U2642,kyc_completed,2024-08-03
U2642,card_activated,2024-08-04
U2643,app_downloaded,2024-09-02
U2643,registered,2024-09-03
U2643,kyc_completed,2024-09-04
U2643,card_activated,2024-09-05
U2643,first_transaction,2024-09-06
U2644,app_downloaded,2024-03-11
U2644,registered,2024-03-12
U2644,kyc_completed,2024-03-13
U2645,app_downloaded,2024-01-04
U2645,registered,2024-01-05
U2645,kyc_completed,2024-01-06
U2645,card_activated,2024-01-07
U2645,first_transaction,2024-01-08
U2646,app_downloaded,2024-01-24
U2646,registered,2024-01-25
U2646,kyc_completed,2024-01-26
U2646,card_activated,2024-01-27
U2646,first_transaction,2024-01-28
U2647,app_downloaded,2024-11-19
U2648,app_downloaded,2024-08-22
U2648,registered,2024-08-23
U2648,kyc_completed,2024-08-24
U2648,card_activated,2024-08-25
U2648,first_transaction,2024-08-26
U2649,app_downloaded,2024-08-17
U2649,registered,2024-08-18
U2649,kyc_completed,2024-08-19
U2649,card_activated,2024-08-20
U2650,app_downloaded,2024-06-27
U2650,registered,2024-06-28
U2650,kyc_completed,2024-06-29
U2651,app_downloaded,2024-09-17
U2651,registered,2024-09-18
U2651,kyc_completed,2024-09-19
U2651,card_activated,2024-09-20
U2651,first_transaction,2024-09-21
U2652,app_downloaded,2024-04-14
U2652,registered,2024-04-15
U2652,kyc_completed,2024-04-16
U2652,card_activated,2024-04-17
U2653,app_downloaded,2024-11-21
U2653,registered,2024-11-22
U2653,kyc_completed,2024-11-23
U2653,card_activated,2024-11-24
U2653,first_transaction,2024-11-25
U2654,app_downloaded,2024-09-02
U2654,registered,2024-09-03
U2654,kyc_completed,2024-09-04
U2655,app_downloaded,2024-12-04
U2655,registered,2024-12-05
U2655,kyc_completed,2024-12-06
U2655,card_activated,2024-12-07
U2655,first_transaction,2024-12-08
U2656,app_downloaded,2024-12-08
U2656,registered,2024-12-09
U2656,kyc_completed,2024-12-10
U2656,card_activated,2024-12-11
U2657,app_downloaded,2024-02-26
U2657,registered,2024-02-27
U2657,kyc_completed,2024-02-28
U2657,card_activated,2024-02-29
U2657,first_transaction,2024-03-01
U2658,app_downloaded,2024-09-11
U2658,registered,2024-09-12
U2658,kyc_completed,2024-09-13
U2658,card_activated,2024-09-14
U2658,first_transaction,2024-09-15
U2659,app_downloaded,2024-10-20
U2659,registered,2024-10-21
U2659,kyc_completed,2024-10-22
U2659,card_activated,2024-10-23
U2660,app_downloaded,2024-06-06
U2660,registered,2024-06-07
U2660,kyc_completed,2024-06-08
U2660,card_activated,2024-06-09
U2661,app_downloaded,2024-05-26
U2661,registered,2024-05-27
U2661,kyc_completed,2024-05-28
U2661,card_activated,2024-05-29
U2661,first_transaction,2024-05-30
U2662,app_downloaded,2024-01-29
U2662,registered,2024-01-30
U2662,kyc_completed,2024-01-31
U2662,card_activated,2024-02-01
U2662,first_transaction,2024-02-02
U2663,app_downloaded,2024-09-06
U2663,registered,2024-09-07
U2663,kyc_completed,2024-09-08
U2664,app_downloaded,2024-03-08
U2664,registered,2024-03-09
U2664,kyc_completed,2024-03-10
U2664,card_activated,2024-03-11
U2664,first_transaction,2024-03-12
U2665,app_downloaded,2024-08-30
U2666,app_downloaded,2024-06-30
U2666,registered,2024-07-01
U2666,kyc_completed,2024-07-02
U2666,card_activated,2024-07-03
U2666,first_transaction,2024-07-04
U2667,app_downloaded,2024-01-07
U2667,registered,2024-01-08
U2668,app_downloaded,2024-04-28
U2668,registered,2024-04-29
U2668,kyc_completed,2024-04-30
U2668,card_activated,2024-05-01
U2668,first_transaction,2024-05-02
U2669,app_downloaded,2024-06-13
U2669,registered,2024-06-14
U2669,kyc_completed,2024-06-15
U2669,card_activated,2024-06-16
U2669,first_transaction,2024-06-17
U2670,app_downloaded,2024-07-13
U2670,registered,2024-07-14
U2670,kyc_completed,2024-07-15
U2670,card_activated,2024-07-16
U2670,first_transaction,2024-07-17
U2671,app_downloaded,2024-04-24
U2671,registered,2024-04-25
U2671,kyc_completed,2024-04-26
U2671,card_activated,2024-04-27
U2672,app_downloaded,2024-11-23
U2673,app_downloaded,2024-08-06
U2673,registered,2024-08-07
U2673,kyc_completed,2024-08-08
U2673,card_activated,2024-08-09
U2673,first_transaction,2024-08-10
U2674,app_downloaded,2024-07-12
U2674,registered,2024-07-13
U2674,kyc_completed,2024-07-14
U2675,app_downloaded,2024-07-02
U2675,registered,2024-07-03
U2675,kyc_completed,2024-07-04
U2675,card_activated,2024-07-05
U2675,first_transaction,2024-07-06
U2676,app_downloaded,2024-07-16
U2676,registered,2024-07-17
U2676,kyc_completed,2024-07-18
U2676,card_activated,2024-07-19
U2676,first_transaction,2024-07-20
U2677,app_downloaded,2024-06-25
U2677,registered,2024-06-26
U2677,kyc_completed,2024-06-27
U2678,app_downloaded,2024-04-06
U2678,registered,2024-04-07
U2679,app_downloaded,2024-12-21
U2679,registered,2024-12-22
U2679,kyc_completed,2024-12-23
U2680,app_downloaded,2024-03-10
U2680,registered,2024-03-11
U2680,kyc_completed,2024-03-12
U2681,app_downloaded,2024-10-11
U2681,registered,2024-10-12
U2681,kyc_completed,2024-10-13
U2681,card_activated,2024-10-14
U2681,first_transaction,2024-10-15
U2682,app_downloaded,2024-09-05
U2682,registered,2024-09-06
U2682,kyc_completed,2024-09-07
U2682,card_activated,2024-09-08
U2682,first_transaction,2024-09-09
U2683,app_downloaded,2024-06-02
U2683,registered,2024-06-03
U2683,kyc_completed,2024-06-04
U2683,card_activated,2024-06-05
U2684,app_downloaded,2024-01-16
U2684,registered,2024-01-17
U2684,kyc_completed,2024-01-18
U2685,app_downloaded,2024-07-26
U2685,registered,2024-07-27
U2685,kyc_completed,2024-07-28
U2685,card_activated,2024-07-29
U2685,first_transaction,2024-07-30
U2686,app_downloaded,2024-05-24
U2686,registered,2024-05-25
U2686,kyc_completed,2024-05-26
U2686,card_activated,2024-05-27
U2687,app_downloaded,2024-05-22
U2687,registered,2024-05-23
U2687,kyc_completed,2024-05-24
U2687,card_activated,2024-05-25
U2687,first_transaction,2024-05-26
U2688,app_downloaded,2024-09-25
U2688,registered,2024-09-26
U2689,app_downloaded,2024-06-11
U2689,registered,2024-06-12
U2689,kyc_completed,2024-06-13
U2689,card_activated,2024-06-14
U2690,app_downloaded,2024-08-12
U2690,registered,2024-08-13
U2690,kyc_completed,2024-08-14
U2690,card_activated,2024-08-15
U2691,app_downloaded,2024-02-16
U2691,registered,2024-02-17
U2691,kyc_completed,2024-02-18
U2691,card_activated,2024-02-19
U2691,first_transaction,2024-02-20
U2692,app_downloaded,2024-01-20
U2692,registered,2024-01-21
U2692,kyc_completed,2024-01-22
U2692,card_activated,2024-01-23
U2692,first_transaction,2024-01-24
U2693,app_downloaded,2024-01-14
U2693,registered,2024-01-15
U2693,kyc_completed,2024-01-16
U2693,card_activated,2024-01-17
U2693,first_transaction,2024-01-18
U2694,app_downloaded,2024-10-26
U2694,registered,2024-10-27
U2694,kyc_completed,2024-10-28
U2695,app_downloaded,2024-01-06
U2695,registered,2024-01-07
U2695,kyc_completed,2024-01-08
U2695,card_activated,2024-01-09
U2695,first_transaction,2024-01-10
U2696,app_downloaded,2024-07-29
U2696,registered,2024-07-30
U2696,kyc_completed,2024-07-31
U2697,app_downloaded,2024-04-11
U2697,registered,2024-04-12
U2697,kyc_completed,2024-04-13
U2698,app_downloaded,2024-10-20
U2698,registered,2024-10-21
U2699,app_downloaded,2024-01-05
U2699,registered,2024-01-06
U2699,kyc_completed,2024-01-07
U2699,card_activated,2024-01-08
U2699,first_transaction,2024-01-09
U2700,app_downloaded,2024-08-05
U2700,registered,2024-08-06
U2700,kyc_completed,2024-08-07
U2701,app_downloaded,2024-10-11
U2701,registered,2024-10-12
U2701,kyc_completed,2024-10-13
U2701,card_activated,2024-10-14
U2702,app_downloaded,2024-03-10
U2702,registered,2024-03-11
U2702,kyc_completed,2024-03-12
U2702,card_activated,2024-03-13
U2703,app_downloaded,2024-10-28
U2703,registered,2024-10-29
U2704,app_downloaded,2024-09-29
U2704,registered,2024-09-30
U2704,kyc_completed,2024-10-01
U2704,card_activated,2024-10-02
U2704,first_transaction,2024-10-03
U2705,app_downloaded,2024-12-20
U2705,registered,2024-12-21
U2705,kyc_completed,2024-12-22
U2705,card_activated,2024-12-23
U2705,first_transaction,2024-12-24
U2706,app_downloaded,2024-06-24
U2706,registered,2024-06-25
U2707,app_downloaded,2024-08-29
U2707,registered,2024-08-30
U2707,kyc_completed,2024-08-31
U2707,card_activated,2024-09-01
U2707,first_transaction,2024-09-02
U2708,app_downloaded,2024-09-06
U2708,registered,2024-09-07
U2708,kyc_completed,2024-09-08
U2709,app_downloaded,2024-04-04
U2709,registered,2024-04-05
U2709,kyc_completed,2024-04-06
U2709,card_activated,2024-04-07
U2709,first_transaction,2024-04-08
U2710,app_downloaded,2024-07-20
U2710,registered,2024-07-21
U2710,kyc_completed,2024-07-22
U2711,app_downloaded,2024-11-19
U2711,registered,2024-11-20
U2711,kyc_completed,2024-11-21
U2712,app_downloaded,2024-05-31
U2712,registered,2024-06-01
U2712,kyc_completed,2024-06-02
U2712,card_activated,2024-06-03
U2713,app_downloaded,2024-08-14
U2713,registered,2024-08-15
U2713,kyc_completed,2024-08-16
U2713,card_activated,2024-08-17
U2713,first_transaction,2024-08-18
U2714,app_downloaded,2024-12-20
U2714,registered,2024-12-21
U2714,kyc_completed,2024-12-22
U2715,app_downloaded,2024-08-02
U2715,registered,2024-08-03
U2716,app_downloaded,2024-07-12
U2716,registered,2024-07-13
U2716,kyc_completed,2024-07-14
U2716,card_activated,2024-07-15
U2716,first_transaction,2024-07-16
U2717,app_downloaded,2024-08-18
U2717,registered,2024-08-19
U2717,kyc_completed,2024-08-20
U2718,app_downloaded,2024-09-19
U2718,registered,2024-09-20
U2718,kyc_completed,2024-09-21
U2719,app_downloaded,2024-09-02
U2719,registered,2024-09-03
U2719,kyc_completed,2024-09-04
U2719,card_activated,2024-09-05
U2720,app_downloaded,2024-02-25
U2720,registered,2024-02-26
U2720,kyc_completed,2024-02-27
U2720,card_activated,2024-02-28
U2721,app_downloaded,2024-06-26
U2721,registered,2024-06-27
U2721,kyc_completed,2024-06-28
U2721,card_activated,2024-06-29
U2721,first_transaction,2024-06-30
U2722,app_downloaded,2024-06-15
U2722,registered,2024-06-16
U2722,kyc_completed,2024-06-17
U2722,card_activated,2024-06-18
U2722,first_transaction,2024-06-19
U2723,app_downloaded,2024-01-05
U2723,registered,2024-01-06
U2724,app_downloaded,2024-03-04
U2724,registered,2024-03-05
U2725,app_downloaded,2024-04-07
U2725,registered,2024-04-08
U2725,kyc_completed,2024-04-09
U2725,card_activated,2024-04-10
U2726,app_downloaded,2024-11-16
U2726,registered,2024-11-17
U2726,kyc_completed,2024-11-18
U2726,card_activated,2024-11-19
U2727,app_downloaded,2024-10-11
U2727,registered,2024-10-12
U2728,app_downloaded,2024-03-22
U2728,registered,2024-03-23
U2728,kyc_completed,2024-03-24
U2728,card_activated,2024-03-25
U2728,first_transaction,2024-03-26
U2729,app_downloaded,2024-11-24
U2729,registered,2024-11-25
U2729,kyc_completed,2024-11-26
U2729,card_activated,2024-11-27
U2730,app_downloaded,2024-11-08
U2730,registered,2024-11-09
U2730,kyc_completed,2024-11-10
U2730,card_activated,2024-11-11
U2731,app_downloaded,2024-08-23
U2731,registered,2024-08-24
U2731,kyc_completed,2024-08-25
U2731,card_activated,2024-08-26
U2732,app_downloaded,2024-03-02
U2733,app_downloaded,2024-02-20
U2733,registered,2024-02-21
U2733,kyc_completed,2024-02-22
U2733,card_activated,2024-02-23
U2733,first_transaction,2024-02-24
U2734,app_downloaded,2024-06-03
U2734,registered,2024-06-04
U2734,kyc_completed,2024-06-05
U2735,app_downloaded,2024-10-20
U2735,registered,2024-10-21
U2735,kyc_completed,2024-10-22
U2735,card_activated,2024-10-23
U2735,first_transaction,2024-10-24
U2736,app_downloaded,2024-05-02
U2736,registered,2024-05-03
U2736,kyc_completed,2024-05-04
U2736,card_activated,2024-05-05
U2737,app_downloaded,2024-02-15
U2737,registered,2024-02-16
U2737,kyc_completed,2024-02-17
U2737,card_activated,2024-02-18
U2737,first_transaction,2024-02-19
U2738,app_downloaded,2024-10-26
U2738,registered,2024-10-27
U2738,kyc_completed,2024-10-28
U2739,app_downloaded,2024-01-23
U2740,app_downloaded,2024-02-04
U2740,registered,2024-02-05
U2740,kyc_completed,2024-02-06
U2741,app_downloaded,2024-12-03
U2741,registered,2024-12-04
U2741,kyc_completed,2024-12-05
U2741,card_activated,2024-12-06
U2742,app_downloaded,2024-07-25
U2742,registered,2024-07-26
U2742,kyc_completed,2024-07-27
U2742,card_activated,2024-07-28
U2742,first_transaction,2024-07-29
U2743,app_downloaded,2024-06-27
U2743,registered,2024-06-28
U2743,kyc_completed,2024-06-29
U2743,card_activated,2024-06-30
U2744,app_downloaded,2024-12-27
U2744,registered,2024-12-28
U2745,app_downloaded,2024-03-15
U2745,registered,2024-03-16
U2745,kyc_completed,2024-03-17
U2745,card_activated,2024-03-18
U2746,app_downloaded,2024-05-06
U2746,registered,2024-05-07
U2746,kyc_completed,2024-05-08
U2747,app_downloaded,2024-07-27
U2747,registered,2024-07-28
U2747,kyc_completed,2024-07-29
U2747,card_activated,2024-07-30
U2747,first_transaction,2024-07-31
U2748,app_downloaded,2024-03-28
U2748,registered,2024-03-29
U2748,kyc_completed,2024-03-30
U2748,card_activated,2024-03-31
U2748,first_transaction,2024-04-01
U2749,app_downloaded,2024-08-06
U2749,registered,2024-08-07
U2749,kyc_completed,2024-08-08
U2749,card_activated,2024-08-09
U2749,first_transaction,2024-08-10
U2750,app_downloaded,2024-08-18
U2750,registered,2024-08-19
U2750,kyc_completed,2024-08-20
U2751,app_downloaded,2024-07-16
U2751,registered,2024-07-17
U2751,kyc_completed,2024-07-18
U2751,card_activated,2024-07-19
U2752,app_downloaded,2024-03-25
U2752,registered,2024-03-26
U2752,kyc_completed,2024-03-27
U2752,card_activated,2024-03-28
U2752,first_transaction,2024-03-29
U2753,app_downloaded,2024-12-07
U2753,registered,2024-12-08
U2754,app_downloaded,2024-03-04
U2754,registered,2024-03-05
U2754,kyc_completed,2024-03-06
U2755,app_downloaded,2024-08-18
U2756,app_downloaded,2024-10-04
U2756,registered,2024-10-05
U2756,kyc_completed,2024-10-06
U2757,app_downloaded,2024-11-18
U2757,registered,2024-11-19
U2757,kyc_completed,2024-11-20
U2757,card_activated,2024-11-21
U2757,first_transaction,2024-11-22
U2758,app_downloaded,2024-11-20
U2758,registered,2024-11-21
U2758,kyc_completed,2024-11-22
U2758,card_activated,2024-11-23
U2759,app_downloaded,2024-06-06
U2759,registered,2024-06-07
U2759,kyc_completed,2024-06-08
U2759,card_activated,2024-06-09
U2760,app_downloaded,2024-05-31
U2760,registered,2024-06-01
U2760,kyc_completed,2024-06-02
U2760,card_activated,2024-06-03
U2760,first_transaction,2024-06-04
U2761,app_downloaded,2024-03-10
U2761,registered,2024-03-11
U2761,kyc_completed,2024-03-12
U2761,card_activated,2024-03-13
U2761,first_transaction,2024-03-14
U2762,app_downloaded,2024-07-20
U2763,app_downloaded,2024-03-12
U2763,registered,2024-03-13
U2763,kyc_completed,2024-03-14
U2763,card_activated,2024-03-15
U2763,first_transaction,2024-03-16
U2764,app_downloaded,2024-06-01
U2764,registered,2024-06-02
U2764,kyc_completed,2024-06-03
U2764,card_activated,2024-06-04
U2765,app_downloaded,2024-11-30
U2765,registered,2024-12-01
U2765,kyc_completed,2024-12-02
U2765,card_activated,2024-12-03
U2765,first_transaction,2024-12-04
U2766,app_downloaded,2024-08-10
U2766,registered,2024-08-11
U2766,kyc_completed,2024-08-12
U2766,card_activated,2024-08-13
U2766,first_transaction,2024-08-14
U2767,app_downloaded,2024-11-19
U2767,registered,2024-11-20
U2767,kyc_completed,2024-11-21
U2767,card_activated,2024-11-22
U2768,app_downloaded,2024-07-27
U2768,registered,2024-07-28
U2768,kyc_completed,2024-07-29
U2769,app_downloaded,2024-08-04
U2769,registered,2024-08-05
U2769,kyc_completed,2024-08-06
U2769,card_activated,2024-08-07
U2769,first_transaction,2024-08-08
U2770,app_downloaded,2024-04-29
U2770,registered,2024-04-30
U2770,kyc_completed,2024-05-01
U2770,card_activated,2024-05-02
U2770,first_transaction,2024-05-03
U2771,app_downloaded,2024-09-21
U2771,registered,2024-09-22
U2771,kyc_completed,2024-09-23
U2772,app_downloaded,2024-01-16
U2772,registered,2024-01-17
U2773,app_downloaded,2024-01-20
U2773,registered,2024-01-21
U2773,kyc_completed,2024-01-22
U2774,app_downloaded,2024-05-11
U2774,registered,2024-05-12
U2774,kyc_completed,2024-05-13
U2774,card_activated,2024-05-14
U2774,first_transaction,2024-05-15
U2775,app_downloaded,2024-05-07
U2775,registered,2024-05-08
U2776,app_downloaded,2024-10-13
U2776,registered,2024-10-14
U2776,kyc_completed,2024-10-15
U2776,card_activated,2024-10-16
U2777,app_downloaded,2024-07-03
U2777,registered,2024-07-04
U2777,kyc_completed,2024-07-05
U2777,card_activated,2024-07-06
U2778,app_downloaded,2024-06-13
U2778,registered,2024-06-14
U2778,kyc_completed,2024-06-15
U2778,card_activated,2024-06-16
U2779,app_downloaded,2024-02-07
U2779,registered,2024-02-08
U2779,kyc_completed,2024-02-09
U2780,app_downloaded,2024-10-19
U2780,registered,2024-10-20
U2780,kyc_completed,2024-10-21
U2780,card_activated,2024-10-22
U2780,first_transaction,2024-10-23
U2781,app_downloaded,2024-06-12
U2781,registered,2024-06-13
U2781,kyc_completed,2024-06-14
U2781,card_activated,2024-06-15
U2782,app_downloaded,2024-06-24
U2782,registered,2024-06-25
U2782,kyc_completed,2024-06-26
U2783,app_downloaded,2024-06-25
U2783,registered,2024-06-26
U2783,kyc_completed,2024-06-27
U2783,card_activated,2024-06-28
U2783,first_transaction,2024-06-29
U2784,app_downloaded,2024-01-09
U2784,registered,2024-01-10
U2784,kyc_completed,2024-01-11
U2784,card_activated,2024-01-12
U2784,first_transaction,2024-01-13
U2785,app_downloaded,2024-01-13
U2785,registered,2024-01-14
U2786,app_downloaded,2024-11-20
U2786,registered,2024-11-21
U2786,kyc_completed,2024-11-22
U2787,app_downloaded,2024-03-14
U2787,registered,2024-03-15
U2787,kyc_completed,2024-03-16
U2787,card_activated,2024-03-17
U2787,first_transaction,2024-03-18
U2788,app_downloaded,2024-10-04
U2788,registered,2024-10-05
U2788,kyc_completed,2024-10-06
U2788,card_activated,2024-10-07
U2788,first_transaction,2024-10-08
U2789,app_downloaded,2024-10-16
U2789,registered,2024-10-17
U2789,kyc_completed,2024-10-18
U2789,card_activated,2024-10-19
U2790,app_downloaded,2024-11-09
U2790,registered,2024-11-10
U2790,kyc_completed,2024-11-11
U2790,card_activated,2024-11-12
U2790,first_transaction,2024-11-13
U2791,app_downloaded,2024-01-07
U2791,registered,2024-01-08
U2791,kyc_completed,2024-01-09
U2791,card_activated,2024-01-10
U2791,first_transaction,2024-01-11
U2792,app_downloaded,2024-06-24
U2792,registered,2024-06-25
U2792,kyc_completed,2024-06-26
U2792,card_activated,2024-06-27
U2793,app_downloaded,2024-07-11
U2793,registered,2024-07-12
U2793,kyc_completed,2024-07-13
U2794,app_downloaded,2024-10-26
U2794,registered,2024-10-27
U2794,kyc_completed,2024-10-28
U2794,card_activated,2024-10-29
U2794,first_transaction,2024-10-30
U2795,app_downloaded,2024-10-16
U2795,registered,2024-10-17
U2796,app_downloaded,2024-05-03
U2796,registered,2024-05-04
U2796,kyc_completed,2024-05-05
U2796,card_activated,2024-05-06
U2797,app_downloaded,2024-10-28
U2797,registered,2024-10-29
U2798,app_downloaded,2024-06-21
U2798,registered,2024-06-22
U2799,app_downloaded,2024-09-10
U2799,registered,2024-09-11
U2799,kyc_completed,2024-09-12
U2799,card_activated,2024-09-13
U2799,first_transaction,2024-09-14
U2800,app_downloaded,2024-10-16
U2801,app_downloaded,2024-12-13
U2802,app_downloaded,2024-02-03
U2802,registered,2024-02-04
U2802,kyc_completed,2024-02-05
U2802,card_activated,2024-02-06
U2802,first_transaction,2024-02-07
U2803,app_downloaded,2024-04-16
U2803,registered,2024-04-17
U2803,kyc_completed,2024-04-18
U2803,card_activated,2024-04-19
U2803,first_transaction,2024-04-20
U2804,app_downloaded,2024-01-30
U2804,registered,2024-01-31
U2804,kyc_completed,2024-02-01
U2805,app_downloaded,2024-08-31
U2805,registered,2024-09-01
U2805,kyc_completed,2024-09-02
U2805,card_activated,2024-09-03
U2805,first_transaction,2024-09-04
U2806,app_downloaded,2024-03-06
U2806,registered,2024-03-07
U2806,kyc_completed,2024-03-08
U2806,card_activated,2024-03-09
U2806,first_transaction,2024-03-10
U2807,app_downloaded,2024-07-17
U2807,registered,2024-07-18
U2808,app_downloaded,2024-09-26
U2808,registered,2024-09-27
U2808,kyc_completed,2024-09-28
U2808,card_activated,2024-09-29
U2808,first_transaction,2024-09-30
U2809,app_downloaded,2024-07-02
U2809,registered,2024-07-03
U2810,app_downloaded,2024-06-01
U2810,registered,2024-06-02
U2810,kyc_completed,2024-06-03
U2811,app_downloaded,2024-12-08
U2811,registered,2024-12-09
U2811,kyc_completed,2024-12-10
U2811,card_activated,2024-12-11
U2811,first_transaction,2024-12-12
U2812,app_downloaded,2024-07-14
U2812,registered,2024-07-15
U2812,kyc_completed,2024-07-16
U2812,card_activated,2024-07-17
U2812,first_transaction,2024-07-18
U2813,app_downloaded,2024-03-26
U2813,registered,2024-03-27
U2813,kyc_completed,2024-03-28
U2813,card_activated,2024-03-29
U2813,first_transaction,2024-03-30
U2814,app_downloaded,2024-08-05
U2814,registered,2024-08-06
U2814,kyc_completed,2024-08-07
U2814,card_activated,2024-08-08
U2814,first_transaction,2024-08-09
U2815,app_downloaded,2024-07-12
U2815,registered,2024-07-13
U2815,kyc_completed,2024-07-14
U2815,card_activated,2024-07-15
U2816,app_downloaded,2024-04-25
U2816,registered,2024-04-26
U2816,kyc_completed,2024-04-27
U2816,card_activated,2024-04-28
U2817,app_downloaded,2024-05-21
U2817,registered,2024-05-22
U2817,kyc_completed,2024-05-23
U2818,app_downloaded,2024-01-14
U2818,registered,2024-01-15
U2818,kyc_completed,2024-01-16
U2818,card_activated,2024-01-17
U2818,first_transaction,2024-01-18
U2819,app_downloaded,2024-02-06
U2820,app_downloaded,2024-08-08
U2820,registered,2024-08-09
U2821,app_downloaded,2024-06-09
U2821,registered,2024-06-10
U2821,kyc_completed,2024-06-11
U2821,card_activated,2024-06-12
U2822,app_downloaded,2024-01-06
U2822,registered,2024-01-07
U2822,kyc_completed,2024-01-08
U2822,card_activated,2024-01-09
U2822,first_transaction,2024-01-10
U2823,app_downloaded,2024-12-25
U2823,registered,2024-12-26
U2823,kyc_completed,2024-12-27
U2823,card_activated,2024-12-28
U2823,first_transaction,2024-12-29
U2824,app_downloaded,2024-08-20
U2824,registered,2024-08-21
U2825,app_downloaded,2024-12-08
U2825,registered,2024-12-09
U2825,kyc_completed,2024-12-10
U2825,card_activated,2024-12-11
U2826,app_downloaded,2024-08-07
U2826,registered,2024-08-08
U2826,kyc_completed,2024-08-09
U2827,app_downloaded,2024-07-16
U2827,registered,2024-07-17
U2827,kyc_completed,2024-07-18
U2827,card_activated,2024-07-19
U2828,app_downloaded,2024-04-28
U2828,registered,2024-04-29
U2828,kyc_completed,2024-04-30
U2828,card_activated,2024-05-01
U2829,app_downloaded,2024-02-01
U2829,registered,2024-02-02
U2830,app_downloaded,2024-04-12
U2830,registered,2024-04-13
U2830,kyc_completed,2024-04-14
U2831,app_downloaded,2024-02-15
U2831,registered,2024-02-16
U2831,kyc_completed,2024-02-17
U2831,card_activated,2024-02-18
U2832,app_downloaded,2024-07-31
U2832,registered,2024-08-01
U2832,kyc_completed,2024-08-02
U2832,card_activated,2024-08-03
U2832,first_transaction,2024-08-04
U2833,app_downloaded,2024-03-27
U2833,registered,2024-03-28
U2834,app_downloaded,2024-01-18
U2834,registered,2024-01-19
U2834,kyc_completed,2024-01-20
U2835,app_downloaded,2024-05-29
U2835,registered,2024-05-30
U2836,app_downloaded,2024-05-13
U2836,registered,2024-05-14
U2836,kyc_completed,2024-05-15
U2837,app_downloaded,2024-02-09
U2837,registered,2024-02-10
U2837,kyc_completed,2024-02-11
U2837,card_activated,2024-02-12
U2837,first_transaction,2024-02-13
U2838,app_downloaded,2024-03-19
U2838,registered,2024-03-20
U2838,kyc_completed,2024-03-21
U2839,app_downloaded,2024-10-05
U2839,registered,2024-10-06
U2840,app_downloaded,2024-05-25
U2840,registered,2024-05-26
U2840,kyc_completed,2024-05-27
U2841,app_downloaded,2024-04-10
U2841,registered,2024-04-11
U2841,kyc_completed,2024-04-12
U2841,card_activated,2024-04-13
U2842,app_downloaded,2024-06-02
U2842,registered,2024-06-03
U2842,kyc_completed,2024-06-04
U2842,card_activated,2024-06-05
U2843,app_downloaded,2024-12-11
U2843,registered,2024-12-12
U2843,kyc_completed,2024-12-13
U2843,card_activated,2024-12-14
U2843,first_transaction,2024-12-15
U2844,app_downloaded,2024-05-07
U2844,registered,2024-05-08
U2844,kyc_completed,2024-05-09
U2844,card_activated,2024-05-10
U2844,first_transaction,2024-05-11
U2845,app_downloaded,2024-09-17
U2845,registered,2024-09-18
U2845,kyc_completed,2024-09-19
U2846,app_downloaded,2024-01-07
U2846,registered,2024-01-08
U2846,kyc_completed,2024-01-09
U2846,card_activated,2024-01-10
U2846,first_transaction,2024-01-11
U2847,app_downloaded,2024-11-02
U2847,registered,2024-11-03
U2847,kyc_completed,2024-11-04
U2847,card_activated,2024-11-05
U2848,app_downloaded,2024-03-30
U2848,registered,2024-03-31
U2849,app_downloaded,2024-03-21
U2849,registered,2024-03-22
U2849,kyc_completed,2024-03-23
U2849,card_activated,2024-03-24
U2850,app_downloaded,2024-03-29
U2850,registered,2024-03-30
U2850,kyc_completed,2024-03-31
U2850,card_activated,2024-04-01
U2850,first_transaction,2024-04-02
U2851,app_downloaded,2024-09-29
U2851,registered,2024-09-30
U2851,kyc_completed,2024-10-01
U2852,app_downloaded,2024-04-01
U2852,registered,2024-04-02
U2852,kyc_completed,2024-04-03
U2852,card_activated,2024-04-04
U2852,first_transaction,2024-04-05
U2853,app_downloaded,2024-02-06
U2853,registered,2024-02-07
U2853,kyc_completed,2024-02-08
U2853,card_activated,2024-02-09
U2853,first_transaction,2024-02-10
U2854,app_downloaded,2024-03-14
U2854,registered,2024-03-15
U2855,app_downloaded,2024-07-26
U2855,registered,2024-07-27
U2855,kyc_completed,2024-07-28
U2855,card_activated,2024-07-29
U2855,first_transaction,2024-07-30
U2856,app_downloaded,2024-01-11
U2856,registered,2024-01-12
U2857,app_downloaded,2024-08-09
U2857,registered,2024-08-10
U2857,kyc_completed,2024-08-11
U2857,card_activated,2024-08-12
U2858,app_downloaded,2024-12-25
U2858,registered,2024-12-26
U2858,kyc_completed,2024-12-27
U2859,app_downloaded,2024-04-24
U2859,registered,2024-04-25
U2859,kyc_completed,2024-04-26
U2860,app_downloaded,2024-09-16
U2860,registered,2024-09-17
U2860,kyc_completed,2024-09-18
U2860,card_activated,2024-09-19
U2860,first_transaction,2024-09-20
U2861,app_downloaded,2024-03-23
U2861,registered,2024-03-24
U2861,kyc_completed,2024-03-25
U2861,card_activated,2024-03-26
U2861,first_transaction,2024-03-27
U2862,app_downloaded,2024-03-06
U2862,registered,2024-03-07
U2862,kyc_completed,2024-03-08
U2862,card_activated,2024-03-09
U2862,first_transaction,2024-03-10
U2863,app_downloaded,2024-05-23
U2863,registered,2024-05-24
U2863,kyc_completed,2024-05-25
U2863,card_activated,2024-05-26
U2863,first_transaction,2024-05-27
U2864,app_downloaded,2024-08-09
U2865,app_downloaded,2024-06-14
U2865,registered,2024-06-15
U2865,kyc_completed,2024-06-16
U2866,app_downloaded,2024-10-07
U2866,registered,2024-10-08
U2866,kyc_completed,2024-10-09
U2866,card_activated,2024-10-10
U2867,app_downloaded,2024-07-07
U2867,registered,2024-07-08
U2868,app_downloaded,2024-07-17
U2868,registered,2024-07-18
U2868,kyc_completed,2024-07-19
U2868,card_activated,2024-07-20
U2868,first_transaction,2024-07-21
U2869,app_downloaded,2024-08-04
U2869,registered,2024-08-05
U2869,kyc_completed,2024-08-06
U2869,card_activated,2024-08-07
U2869,first_transaction,2024-08-08
U2870,app_downloaded,2024-02-08
U2870,registered,2024-02-09
U2870,kyc_completed,2024-02-10
U2870,card_activated,2024-02-11
U2871,app_downloaded,2024-09-26
U2871,registered,2024-09-27
U2871,kyc_completed,2024-09-28
U2871,card_activated,2024-09-29
U2871,first_transaction,2024-09-30
U2872,app_downloaded,2024-10-17
U2872,registered,2024-10-18
U2872,kyc_completed,2024-10-19
U2872,card_activated,2024-10-20
U2872,first_transaction,2024-10-21
U2873,app_downloaded,2024-10-04
U2873,registered,2024-10-05
U2874,app_downloaded,2024-05-10
U2874,registered,2024-05-11
U2874,kyc_completed,2024-05-12
U2874,card_activated,2024-05-13
U2874,first_transaction,2024-05-14
U2875,app_downloaded,2024-11-20
U2875,registered,2024-11-21
U2875,kyc_completed,2024-11-22
U2875,card_activated,2024-11-23
U2875,first_transaction,2024-11-24
U2876,app_downloaded,2024-09-04
U2876,registered,2024-09-05
U2876,kyc_completed,2024-09-06
U2876,card_activated,2024-09-07
U2877,app_downloaded,2024-10-27
U2877,registered,2024-10-28
U2877,kyc_completed,2024-10-29
U2878,app_downloaded,2024-08-04
U2878,registered,2024-08-05
U2878,kyc_completed,2024-08-06
U2878,card_activated,2024-08-07
U2879,app_downloaded,2024-10-24
U2879,registered,2024-10-25
U2880,app_downloaded,2024-06-20
U2880,registered,2024-06-21
U2881,app_downloaded,2024-03-18
U2881,registered,2024-03-19
U2881,kyc_completed,2024-03-20
U2881,card_activated,2024-03-21
U2881,first_transaction,2024-03-22
U2882,app_downloaded,2024-01-06
U2882,registered,2024-01-07
U2882,kyc_completed,2024-01-08
U2882,card_activated,2024-01-09
U2882,first_transaction,2024-01-10
U2883,app_downloaded,2024-11-05
U2883,registered,2024-11-06
U2883,kyc_completed,2024-11-07
U2884,app_downloaded,2024-07-26
U2884,registered,2024-07-27
U2884,kyc_completed,2024-07-28
U2884,card_activated,2024-07-29
U2884,first_transaction,2024-07-30
U2885,app_downloaded,2024-12-21
U2885,registered,2024-12-22
U2886,app_downloaded,2024-12-17
U2886,registered,2024-12-18
U2886,kyc_completed,2024-12-19
U2886,card_activated,2024-12-20
U2887,app_downloaded,2024-11-24
U2887,registered,2024-11-25
U2887,kyc_completed,2024-11-26
U2887,card_activated,2024-11-27
U2887,first_transaction,2024-11-28
U2888,app_downloaded,2024-11-22
U2888,registered,2024-11-23
U2888,kyc_completed,2024-11-24
U2888,card_activated,2024-11-25
U2888,first_transaction,2024-11-26
U2889,app_downloaded,2024-05-08
U2889,registered,2024-05-09
U2889,kyc_completed,2024-05-10
U2890,app_downloaded,2024-08-23
U2890,registered,2024-08-24
U2890,kyc_completed,2024-08-25
U2890,card_activated,2024-08-26
U2890,first_transaction,2024-08-27
U2891,app_downloaded,2024-06-17
U2891,registered,2024-06-18
U2891,kyc_completed,2024-06-19
U2891,card_activated,2024-06-20
U2891,first_transaction,2024-06-21
U2892,app_downloaded,2024-06-14
U2892,registered,2024-06-15
U2892,kyc_completed,2024-06-16
U2892,card_activated,2024-06-17
U2893,app_downloaded,2024-02-25
U2893,registered,2024-02-26
U2893,kyc_completed,2024-02-27
U2894,app_downloaded,2024-09-26
U2894,registered,2024-09-27
U2894,kyc_completed,2024-09-28
U2894,card_activated,2024-09-29
U2894,first_transaction,2024-09-30
U2895,app_downloaded,2024-06-25
U2895,registered,2024-06-26
U2895,kyc_completed,2024-06-27
U2895,card_activated,2024-06-28
U2895,first_transaction,2024-06-29
U2896,app_downloaded,2024-01-02
U2896,registered,2024-01-03
U2896,kyc_completed,2024-01-04
U2896,card_activated,2024-01-05
U2897,app_downloaded,2024-07-14
U2897,registered,2024-07-15
U2897,kyc_completed,2024-07-16
U2897,card_activated,2024-07-17
U2898,app_downloaded,2024-10-06
U2898,registered,2024-10-07
U2898,kyc_completed,2024-10-08
U2899,app_downloaded,2024-01-09
U2900,app_downloaded,2024-01-26
U2900,registered,2024-01-27
U2900,kyc_completed,2024-01-28
U2900,card_activated,2024-01-29
U2900,first_transaction,2024-01-30
U2901,app_downloaded,2024-10-18
U2901,registered,2024-10-19
U2901,kyc_completed,2024-10-20
U2901,card_activated,2024-10-21
U2901,first_transaction,2024-10-22
U2902,app_downloaded,2024-12-01
U2902,registered,2024-12-02
U2902,kyc_completed,2024-12-03
U2902,card_activated,2024-12-04
U2902,first_transaction,2024-12-05
U2903,app_downloaded,2024-06-18
U2903,registered,2024-06-19
U2903,kyc_completed,2024-06-20
U2903,card_activated,2024-06-21
U2904,app_downloaded,2024-09-25
U2904,registered,2024-09-26
U2905,app_downloaded,2024-03-30
U2905,registered,2024-03-31
U2905,kyc_completed,2024-04-01
U2905,card_activated,2024-04-02
U2906,app_downloaded,2024-09-17
U2906,registered,2024-09-18
U2907,app_downloaded,2024-03-16
U2907,registered,2024-03-17
U2907,kyc_completed,2024-03-18
U2907,card_activated,2024-03-19
U2907,first_transaction,2024-03-20
U2908,app_downloaded,2024-02-12
U2908,registered,2024-02-13
U2908,kyc_completed,2024-02-14
U2908,card_activated,2024-02-15
U2908,first_transaction,2024-02-16
U2909,app_downloaded,2024-01-03
U2909,registered,2024-01-04
U2909,kyc_completed,2024-01-05
U2909,card_activated,2024-01-06
U2909,first_transaction,2024-01-07
U2910,app_downloaded,2024-02-07
U2910,registered,2024-02-08
U2910,kyc_completed,2024-02-09
U2910,card_activated,2024-02-10
U2910,first_transaction,2024-02-11
U2911,app_downloaded,2024-03-07
U2911,registered,2024-03-08
U2911,kyc_completed,2024-03-09
U2912,app_downloaded,2024-08-10
U2912,registered,2024-08-11
U2912,kyc_completed,2024-08-12
U2912,card_activated,2024-08-13
U2913,app_downloaded,2024-07-29
U2913,registered,2024-07-30
U2913,kyc_completed,2024-07-31
U2914,app_downloaded,2024-03-13
U2914,registered,2024-03-14
U2914,kyc_completed,2024-03-15
U2914,card_activated,2024-03-16
U2915,app_downloaded,2024-03-04
U2915,registered,2024-03-05
U2915,kyc_completed,2024-03-06
U2915,card_activated,2024-03-07
U2915,first_transaction,2024-03-08
U2916,app_downloaded,2024-07-26
U2916,registered,2024-07-27
U2916,kyc_completed,2024-07-28
U2916,card_activated,2024-07-29
U2917,app_downloaded,2024-01-01
U2917,registered,2024-01-02
U2917,kyc_completed,2024-01-03
U2918,app_downloaded,2024-11-11
U2918,registered,2024-11-12
U2918,kyc_completed,2024-11-13
U2918,card_activated,2024-11-14
U2919,app_downloaded,2024-05-28
U2919,registered,2024-05-29
U2919,kyc_completed,2024-05-30
U2919,card_activated,2024-05-31
U2920,app_downloaded,2024-03-31
U2920,registered,2024-04-01
U2920,kyc_completed,2024-04-02
U2920,card_activated,2024-04-03
U2921,app_downloaded,2024-09-11
U2921,registered,2024-09-12
U2921,kyc_completed,2024-09-13
U2921,card_activated,2024-09-14
U2921,first_transaction,2024-09-15
U2922,app_downloaded,2024-08-02
U2922,registered,2024-08-03
U2922,kyc_completed,2024-08-04
U2922,card_activated,2024-08-05
U2922,first_transaction,2024-08-06
U2923,app_downloaded,2024-02-29
U2923,registered,2024-03-01
U2923,kyc_completed,2024-03-02
U2923,card_activated,2024-03-03
U2923,first_transaction,2024-03-04
U2924,app_downloaded,2024-05-26
U2924,registered,2024-05-27
U2924,kyc_completed,2024-05-28
U2924,card_activated,2024-05-29
U2924,first_transaction,2024-05-30
U2925,app_downloaded,2024-03-20
U2925,registered,2024-03-21
U2925,kyc_completed,2024-03-22
U2926,app_downloaded,2024-10-05
U2926,registered,2024-10-06
U2926,kyc_completed,2024-10-07
U2926,card_activated,2024-10-08
U2926,first_transaction,2024-10-09
U2927,app_downloaded,2024-05-23
U2927,registered,2024-05-24
U2927,kyc_completed,2024-05-25
U2927,card_activated,2024-05-26
U2927,first_transaction,2024-05-27
U2928,app_downloaded,2024-04-09
U2928,registered,2024-04-10
U2929,app_downloaded,2024-08-18
U2929,registered,2024-08-19
U2929,kyc_completed,2024-08-20
U2929,card_activated,2024-08-21
U2930,app_downloaded,2024-03-29
U2930,registered,2024-03-30
U2930,kyc_completed,2024-03-31
U2931,app_downloaded,2024-06-24
U2931,registered,2024-06-25
U2931,kyc_completed,2024-06-26
U2931,card_activated,2024-06-27
U2931,first_transaction,2024-06-28
U2932,app_downloaded,2024-10-18
U2933,app_downloaded,2024-10-13
U2933,registered,2024-10-14
U2933,kyc_completed,2024-10-15
U2934,app_downloaded,2024-08-14
U2934,registered,2024-08-15
U2934,kyc_completed,2024-08-16
U2934,card_activated,2024-08-17
U2934,first_transaction,2024-08-18
U2935,app_downloaded,2024-05-20
U2935,registered,2024-05-21
U2935,kyc_completed,2024-05-22
U2936,app_downloaded,2024-07-26
U2936,registered,2024-07-27
U2937,app_downloaded,2024-12-24
U2937,registered,2024-12-25
U2937,kyc_completed,2024-12-26
U2938,app_downloaded,2024-02-29
U2938,registered,2024-03-01
U2938,kyc_completed,2024-03-02
U2939,app_downloaded,2024-06-02
U2939,registered,2024-06-03
U2939,kyc_completed,2024-06-04
U2939,card_activated,2024-06-05
U2939,first_transaction,2024-06-06
U2940,app_downloaded,2024-05-17
U2941,app_downloaded,2024-02-17
U2941,registered,2024-02-18
U2942,app_downloaded,2024-01-27
U2942,registered,2024-01-28
U2942,kyc_completed,2024-01-29
U2942,card_activated,2024-01-30
U2943,app_downloaded,2024-02-11
U2943,registered,2024-02-12
U2943,kyc_completed,2024-02-13
U2944,app_downloaded,2024-04-17
U2944,registered,2024-04-18
U2944,kyc_completed,2024-04-19
U2945,app_downloaded,2024-08-23
U2945,registered,2024-08-24
U2945,kyc_completed,2024-08-25
U2945,card_activated,2024-08-26
U2945,first_transaction,2024-08-27
U2946,app_downloaded,2024-10-13
U2946,registered,2024-10-14
U2946,kyc_completed,2024-10-15
U2946,card_activated,2024-10-16
U2946,first_transaction,2024-10-17
U2947,app_downloaded,2024-03-05
U2947,registered,2024-03-06
U2947,kyc_completed,2024-03-07
U2947,card_activated,2024-03-08
U2947,first_transaction,2024-03-09
U2948,app_downloaded,2024-08-20
U2948,registered,2024-08-21
U2948,kyc_completed,2024-08-22
U2948,card_activated,2024-08-23
U2948,first_transaction,2024-08-24
U2949,app_downloaded,2024-05-06
U2949,registered,2024-05-07
U2950,app_downloaded,2024-06-26
U2950,registered,2024-06-27
U2950,kyc_completed,2024-06-28
U2950,card_activated,2024-06-29
U2950,first_transaction,2024-06-30
U2951,app_downloaded,2024-11-22
U2951,registered,2024-11-23
U2951,kyc_completed,2024-11-24
U2951,card_activated,2024-11-25
U2952,app_downloaded,2024-01-03
U2952,registered,2024-01-04
U2952,kyc_completed,2024-01-05
U2952,card_activated,2024-01-06
U2953,app_downloaded,2024-12-10
U2954,app_downloaded,2024-12-22
U2954,registered,2024-12-23
U2954,kyc_completed,2024-12-24
U2954,card_activated,2024-12-25
U2954,first_transaction,2024-12-26
U2955,app_downloaded,2024-07-07
U2955,registered,2024-07-08
U2955,kyc_completed,2024-07-09
U2955,card_activated,2024-07-10
U2956,app_downloaded,2024-07-01
U2956,registered,2024-07-02
U2956,kyc_completed,2024-07-03
U2956,card_activated,2024-07-04
U2956,first_transaction,2024-07-05
U2957,app_downloaded,2024-07-18
U2957,registered,2024-07-19
U2957,kyc_completed,2024-07-20
U2957,card_activated,2024-07-21
U2958,app_downloaded,2024-07-30
U2958,registered,2024-07-31
U2958,kyc_completed,2024-08-01
U2959,app_downloaded,2024-02-09
U2959,registered,2024-02-10
U2960,app_downloaded,2024-09-03
U2960,registered,2024-09-04
U2960,kyc_completed,2024-09-05
U2960,card_activated,2024-09-06
U2960,first_transaction,2024-09-07
U2961,app_downloaded,2024-05-02
U2961,registered,2024-05-03
U2962,app_downloaded,2024-01-16
U2962,registered,2024-01-17
U2962,kyc_completed,2024-01-18
U2962,card_activated,2024-01-19
U2963,app_downloaded,2024-11-23
U2963,registered,2024-11-24
U2963,kyc_completed,2024-11-25
U2964,app_downloaded,2024-02-13
U2964,registered,2024-02-14
U2964,kyc_completed,2024-02-15
U2965,app_downloaded,2024-03-31
U2965,registered,2024-04-01
U2966,app_downloaded,2024-06-17
U2966,registered,2024-06-18
U2966,kyc_completed,2024-06-19
U2966,card_activated,2024-06-20
U2966,first_transaction,2024-06-21
U2967,app_downloaded,2024-09-03
U2967,registered,2024-09-04
U2967,kyc_completed,2024-09-05
U2968,app_downloaded,2024-11-10
U2968,registered,2024-11-11
U2969,app_downloaded,2024-11-19
U2969,registered,2024-11-20
U2969,kyc_completed,2024-11-21
U2970,app_downloaded,2024-07-01
U2970,registered,2024-07-02
U2970,kyc_completed,2024-07-03
U2971,app_downloaded,2024-10-06
U2972,app_downloaded,2024-08-09
U2972,registered,2024-08-10
U2972,kyc_completed,2024-08-11
U2972,card_activated,2024-08-12
U2972,first_transaction,2024-08-13
U2973,app_downloaded,2024-03-17
U2973,registered,2024-03-18
U2974,app_downloaded,2024-01-10
U2974,registered,2024-01-11
U2974,kyc_completed,2024-01-12
U2974,card_activated,2024-01-13
U2974,first_transaction,2024-01-14
U2975,app_downloaded,2024-09-22
U2975,registered,2024-09-23
U2975,kyc_completed,2024-09-24
U2976,app_downloaded,2024-06-05
U2976,registered,2024-06-06
U2976,kyc_completed,2024-06-07
U2977,app_downloaded,2024-07-09
U2977,registered,2024-07-10
U2978,app_downloaded,2024-10-29
U2978,registered,2024-10-30
U2978,kyc_completed,2024-10-31
U2979,app_downloaded,2024-04-18
U2979,registered,2024-04-19
U2979,kyc_completed,2024-04-20
U2979,card_activated,2024-04-21
U2979,first_transaction,2024-04-22
U2980,app_downloaded,2024-12-31
U2980,registered,2025-01-01
U2981,app_downloaded,2024-11-17
U2981,registered,2024-11-18
U2981,kyc_completed,2024-11-19
U2981,card_activated,2024-11-20
U2982,app_downloaded,2024-08-17
U2982,registered,2024-08-18
U2982,kyc_completed,2024-08-19
U2982,card_activated,2024-08-20
U2983,app_downloaded,2024-07-14
U2983,registered,2024-07-15
U2983,kyc_completed,2024-07-16
U2983,card_activated,2024-07-17
U2983,first_transaction,2024-07-18
U2984,app_downloaded,2024-02-01
U2984,registered,2024-02-02
U2984,kyc_completed,2024-02-03
U2985,app_downloaded,2024-08-31
U2985,registered,2024-09-01
U2985,kyc_completed,2024-09-02
U2986,app_downloaded,2024-09-30
U2986,registered,2024-10-01
U2987,app_downloaded,2024-11-03
U2987,registered,2024-11-04
U2987,kyc_completed,2024-11-05
U2988,app_downloaded,2024-04-11
U2988,registered,2024-04-12
U2988,kyc_completed,2024-04-13
U2988,card_activated,2024-04-14
U2988,first_transaction,2024-04-15
U2989,app_downloaded,2024-12-04
U2989,registered,2024-12-05
U2989,kyc_completed,2024-12-06
U2989,card_activated,2024-12-07
U2989,first_transaction,2024-12-08
U2990,app_downloaded,2024-07-19
U2990,registered,2024-07-20
U2990,kyc_completed,2024-07-21
U2990,card_activated,2024-07-22
U2991,app_downloaded,2024-04-07
U2991,registered,2024-04-08
U2991,kyc_completed,2024-04-09
U2992,app_downloaded,2024-08-23
U2992,registered,2024-08-24
U2992,kyc_completed,2024-08-25
U2993,app_downloaded,2024-07-15
U2993,registered,2024-07-16
U2993,kyc_completed,2024-07-17
U2994,app_downloaded,2024-11-13
U2994,registered,2024-11-14
U2994,kyc_completed,2024-11-15
U2994,card_activated,2024-11-16
U2995,app_downloaded,2024-09-12
U2995,registered,2024-09-13
U2995,kyc_completed,2024-09-14
U2996,app_downloaded,2024-04-16
U2996,registered,2024-04-17
U2996,kyc_completed,2024-04-18
U2996,card_activated,2024-04-19
U2996,first_transaction,2024-04-20
U2997,app_downloaded,2024-01-25
U2997,registered,2024-01-26
U2997,kyc_completed,2024-01-27
U2997,card_activated,2024-01-28
U2997,first_transaction,2024-01-29
U2998,app_downloaded,2024-03-20
U2998,registered,2024-03-21
U2998,kyc_completed,2024-03-22
U2999,app_downloaded,2024-07-03
U2999,registered,2024-07-04
U2999,kyc_completed,2024-07-05
U2999,card_activated,2024-07-06
U2999,first_transaction,2024-07-07
U3000,app_downloaded,2024-09-03
U3000,registered,2024-09-04
U3000,kyc_completed,2024-09-05
U3000,card_activated,2024-09-06
U3001,app_downloaded,2024-04-01
U3001,registered,2024-04-02
U3001,kyc_completed,2024-04-03
U3001,card_activated,2024-04-04
U3002,app_downloaded,2024-02-18
U3002,registered,2024-02-19
U3002,kyc_completed,2024-02-20
U3002,card_activated,2024-02-21
U3003,app_downloaded,2024-01-06
U3003,registered,2024-01-07
U3003,kyc_completed,2024-01-08
U3004,app_downloaded,2024-09-09
U3004,registered,2024-09-10
U3005,app_downloaded,2024-07-21
U3005,registered,2024-07-22
U3005,kyc_completed,2024-07-23
U3005,card_activated,2024-07-24
U3005,first_transaction,2024-07-25
U3006,app_downloaded,2024-04-13
U3006,registered,2024-04-14
U3006,kyc_completed,2024-04-15
U3006,card_activated,2024-04-16
U3006,first_transaction,2024-04-17
U3007,app_downloaded,2024-04-28
U3007,registered,2024-04-29
U3007,kyc_completed,2024-04-30
U3007,card_activated,2024-05-01
U3007,first_transaction,2024-05-02
U3008,app_downloaded,2024-07-18
U3008,registered,2024-07-19
U3008,kyc_completed,2024-07-20
U3008,card_activated,2024-07-21
U3008,first_transaction,2024-07-22
U3009,app_downloaded,2024-05-10
U3009,registered,2024-05-11
U3009,kyc_completed,2024-05-12
U3010,app_downloaded,2024-09-01
U3010,registered,2024-09-02
U3010,kyc_completed,2024-09-03
U3010,card_activated,2024-09-04
U3011,app_downloaded,2024-10-03
U3011,registered,2024-10-04
U3011,kyc_completed,2024-10-05
U3011,card_activated,2024-10-06
U3011,first_transaction,2024-10-07
U3012,app_downloaded,2024-09-04
U3012,registered,2024-09-05
U3012,kyc_completed,2024-09-06
U3012,card_activated,2024-09-07
U3012,first_transaction,2024-09-08
U3013,app_downloaded,2024-03-25
U3013,registered,2024-03-26
U3014,app_downloaded,2024-10-03
U3014,registered,2024-10-04
U3014,kyc_completed,2024-10-05
U3014,card_activated,2024-10-06
U3014,first_transaction,2024-10-07
U3015,app_downloaded,2024-04-29
U3015,registered,2024-04-30
U3015,kyc_completed,2024-05-01
U3015,card_activated,2024-05-02
U3016,app_downloaded,2024-12-31
U3017,app_downloaded,2024-04-02
U3017,registered,2024-04-03
U3017,kyc_completed,2024-04-04
U3017,card_activated,2024-04-05
U3017,first_transaction,2024-04-06
U3018,app_downloaded,2024-01-21
U3018,registered,2024-01-22
U3018,kyc_completed,2024-01-23
U3018,card_activated,2024-01-24
U3018,first_transaction,2024-01-25
U3019,app_downloaded,2024-02-16
U3019,registered,2024-02-17
U3020,app_downloaded,2024-01-12
U3020,registered,2024-01-13
U3020,kyc_completed,2024-01-14
U3020,card_activated,2024-01-15
U3021,app_downloaded,2024-07-04
U3021,registered,2024-07-05
U3022,app_downloaded,2024-03-10
U3022,registered,2024-03-11
U3022,kyc_completed,2024-03-12
U3023,app_downloaded,2024-03-14
U3023,registered,2024-03-15
U3023,kyc_completed,2024-03-16
U3023,card_activated,2024-03-17
U3023,first_transaction,2024-03-18
U3024,app_downloaded,2024-10-01
U3024,registered,2024-10-02
U3024,kyc_completed,2024-10-03
U3024,card_activated,2024-10-04
U3025,app_downloaded,2024-05-09
U3025,registered,2024-05-10
U3025,kyc_completed,2024-05-11
U3026,app_downloaded,2024-06-19
U3026,registered,2024-06-20
U3026,kyc_completed,2024-06-21
U3026,card_activated,2024-06-22
U3026,first_transaction,2024-06-23
U3027,app_downloaded,2024-04-15
U3027,registered,2024-04-16
U3027,kyc_completed,2024-04-17
U3027,card_activated,2024-04-18
U3027,first_transaction,2024-04-19
U3028,app_downloaded,2024-09-13
U3028,registered,2024-09-14
U3028,kyc_completed,2024-09-15
U3028,card_activated,2024-09-16
U3028,first_transaction,2024-09-17
U3029,app_downloaded,2024-06-03
U3029,registered,2024-06-04
U3029,kyc_completed,2024-06-05
U3029,card_activated,2024-06-06
U3029,first_transaction,2024-06-07
U3030,app_downloaded,2024-10-27
U3030,registered,2024-10-28
U3030,kyc_completed,2024-10-29
U3030,card_activated,2024-10-30
U3030,first_transaction,2024-10-31
U3031,app_downloaded,2024-05-15
U3031,registered,2024-05-16
U3031,kyc_completed,2024-05-17
U3031,card_activated,2024-05-18
U3031,first_transaction,2024-05-19
U3032,app_downloaded,2024-02-29
U3032,registered,2024-03-01
U3032,kyc_completed,2024-03-02
U3032,card_activated,2024-03-03
U3032,first_transaction,2024-03-04
U3033,app_downloaded,2024-09-30
U3033,registered,2024-10-01
U3033,kyc_completed,2024-10-02
U3033,card_activated,2024-10-03
U3034,app_downloaded,2024-01-23
U3034,registered,2024-01-24
U3035,app_downloaded,2024-12-19
U3035,registered,2024-12-20
U3035,kyc_completed,2024-12-21
U3035,card_activated,2024-12-22
U3035,first_transaction,2024-12-23
U3036,app_downloaded,2024-06-08
U3036,registered,2024-06-09
U3036,kyc_completed,2024-06-10
U3037,app_downloaded,2024-01-09
U3037,registered,2024-01-10
U3037,kyc_completed,2024-01-11
U3037,card_activated,2024-01-12
U3037,first_transaction,2024-01-13
U3038,app_downloaded,2024-10-06
U3038,registered,2024-10-07
U3038,kyc_completed,2024-10-08
U3038,card_activated,2024-10-09
U3039,app_downloaded,2024-12-30
U3039,registered,2024-12-31
U3039,kyc_completed,2025-01-01
U3039,card_activated,2025-01-02
U3039,first_transaction,2025-01-03
U3040,app_downloaded,2024-01-15
U3040,registered,2024-01-16
U3041,app_downloaded,2024-06-19
U3041,registered,2024-06-20
U3041,kyc_completed,2024-06-21
U3041,card_activated,2024-06-22
U3042,app_downloaded,2024-03-30
U3042,registered,2024-03-31
U3043,app_downloaded,2024-08-29
U3043,registered,2024-08-30
U3044,app_downloaded,2024-05-28
U3044,registered,2024-05-29
U3044,kyc_completed,2024-05-30
U3044,card_activated,2024-05-31
U3044,first_transaction,2024-06-01
U3045,app_downloaded,2024-08-11
U3045,registered,2024-08-12
U3045,kyc_completed,2024-08-13
U3045,card_activated,2024-08-14
U3045,first_transaction,2024-08-15
U3046,app_downloaded,2024-04-19
U3046,registered,2024-04-20
U3046,kyc_completed,2024-04-21
U3046,card_activated,2024-04-22
U3046,first_transaction,2024-04-23
U3047,app_downloaded,2024-04-07
U3047,registered,2024-04-08
U3048,app_downloaded,2024-04-12
U3048,registered,2024-04-13
U3048,kyc_completed,2024-04-14
U3048,card_activated,2024-04-15
U3049,app_downloaded,2024-04-12
U3049,registered,2024-04-13
U3049,kyc_completed,2024-04-14
U3049,card_activated,2024-04-15
U3049,first_transaction,2024-04-16
U3050,app_downloaded,2024-05-12
U3050,registered,2024-05-13
U3050,kyc_completed,2024-05-14
U3050,card_activated,2024-05-15
U3050,first_transaction,2024-05-16
U3051,app_downloaded,2024-03-08
U3051,registered,2024-03-09
U3051,kyc_completed,2024-03-10
U3051,card_activated,2024-03-11
U3051,first_transaction,2024-03-12
U3052,app_downloaded,2024-07-17
U3052,registered,2024-07-18
U3052,kyc_completed,2024-07-19
U3052,card_activated,2024-07-20
U3053,app_downloaded,2024-04-23
U3053,registered,2024-04-24
U3053,kyc_completed,2024-04-25
U3054,app_downloaded,2024-08-06
U3054,registered,2024-08-07
U3054,kyc_completed,2024-08-08
U3055,app_downloaded,2024-06-28
U3055,registered,2024-06-29
U3056,app_downloaded,2024-07-11
U3056,registered,2024-07-12
U3056,kyc_completed,2024-07-13
U3056,card_activated,2024-07-14
U3056,first_transaction,2024-07-15
U3057,app_downloaded,2024-02-17
U3057,registered,2024-02-18
U3057,kyc_completed,2024-02-19
U3058,app_downloaded,2024-02-16
U3058,registered,2024-02-17
U3058,kyc_completed,2024-02-18
U3058,card_activated,2024-02-19
U3058,first_transaction,2024-02-20
U3059,app_downloaded,2024-05-20
U3059,registered,2024-05-21
U3059,kyc_completed,2024-05-22
U3060,app_downloaded,2024-01-06
U3060,registered,2024-01-07
U3060,kyc_completed,2024-01-08
U3061,app_downloaded,2024-09-16
U3061,registered,2024-09-17
U3062,app_downloaded,2024-01-04
U3062,registered,2024-01-05
U3062,kyc_completed,2024-01-06
U3063,app_downloaded,2024-10-03
U3063,registered,2024-10-04
U3063,kyc_completed,2024-10-05
U3063,card_activated,2024-10-06
U3063,first_transaction,2024-10-07
U3064,app_downloaded,2024-02-13
U3064,registered,2024-02-14
U3064,kyc_completed,2024-02-15
U3064,card_activated,2024-02-16
U3064,first_transaction,2024-02-17
U3065,app_downloaded,2024-06-29
U3065,registered,2024-06-30
U3065,kyc_completed,2024-07-01
U3065,card_activated,2024-07-02
U3065,first_transaction,2024-07-03
U3066,app_downloaded,2024-12-29
U3066,registered,2024-12-30
U3066,kyc_completed,2024-12-31
U3066,card_activated,2025-01-01
U3066,first_transaction,2025-01-02
U3067,app_downloaded,2024-05-15
U3067,registered,2024-05-16
U3067,kyc_completed,2024-05-17
U3067,card_activated,2024-05-18
U3067,first_transaction,2024-05-19
U3068,app_downloaded,2024-08-17
U3068,registered,2024-08-18
U3068,kyc_completed,2024-08-19
U3069,app_downloaded,2024-04-19
U3069,registered,2024-04-20
U3069,kyc_completed,2024-04-21
U3069,card_activated,2024-04-22
U3069,first_transaction,2024-04-23
U3070,app_downloaded,2024-10-18
U3070,registered,2024-10-19
U3070,kyc_completed,2024-10-20
U3070,card_activated,2024-10-21
U3071,app_downloaded,2024-08-14
U3071,registered,2024-08-15
U3072,app_downloaded,2024-06-29
U3072,registered,2024-06-30
U3072,kyc_completed,2024-07-01
U3073,app_downloaded,2024-08-06
U3073,registered,2024-08-07
U3074,app_downloaded,2024-04-02
U3074,registered,2024-04-03
U3074,kyc_completed,2024-04-04
U3074,card_activated,2024-04-05
U3074,first_transaction,2024-04-06
U3075,app_downloaded,2024-10-22
U3075,registered,2024-10-23
U3076,app_downloaded,2024-02-25
U3076,registered,2024-02-26
U3077,app_downloaded,2024-11-20
U3077,registered,2024-11-21
U3077,kyc_completed,2024-11-22
U3077,card_activated,2024-11-23
U3077,first_transaction,2024-11-24
U3078,app_downloaded,2024-03-10
U3078,registered,2024-03-11
U3079,app_downloaded,2024-08-12
U3079,registered,2024-08-13
U3079,kyc_completed,2024-08-14
U3079,card_activated,2024-08-15
U3079,first_transaction,2024-08-16
U3080,app_downloaded,2024-08-31
U3080,registered,2024-09-01
U3080,kyc_completed,2024-09-02
U3080,card_activated,2024-09-03
U3080,first_transaction,2024-09-04
U3081,app_downloaded,2024-10-10
U3081,registered,2024-10-11
U3081,kyc_completed,2024-10-12
U3081,card_activated,2024-10-13
U3081,first_transaction,2024-10-14
U3082,app_downloaded,2024-02-16
U3082,registered,2024-02-17
U3082,kyc_completed,2024-02-18
U3083,app_downloaded,2024-04-05
U3083,registered,2024-04-06
U3083,kyc_completed,2024-04-07
U3083,card_activated,2024-04-08
U3083,first_transaction,2024-04-09
U3084,app_downloaded,2024-08-19
U3084,registered,2024-08-20
U3084,kyc_completed,2024-08-21
U3084,card_activated,2024-08-22
U3084,first_transaction,2024-08-23
U3085,app_downloaded,2024-11-14
U3085,registered,2024-11-15
U3085,kyc_completed,2024-11-16
U3085,card_activated,2024-11-17
U3085,first_transaction,2024-11-18
U3086,app_downloaded,2024-02-08
U3086,registered,2024-02-09
U3086,kyc_completed,2024-02-10
U3086,card_activated,2024-02-11
U3086,first_transaction,2024-02-12
U3087,app_downloaded,2024-01-31
U3087,registered,2024-02-01
U3087,kyc_completed,2024-02-02
U3088,app_downloaded,2024-01-27
U3088,registered,2024-01-28
U3088,kyc_completed,2024-01-29
U3088,card_activated,2024-01-30
U3088,first_transaction,2024-01-31
U3089,app_downloaded,2024-11-24
U3089,registered,2024-11-25
U3089,kyc_completed,2024-11-26
U3089,card_activated,2024-11-27
U3089,first_transaction,2024-11-28
U3090,app_downloaded,2024-03-17
U3090,registered,2024-03-18
U3090,kyc_completed,2024-03-19
U3090,card_activated,2024-03-20
U3090,first_transaction,2024-03-21
U3091,app_downloaded,2024-11-03
U3091,registered,2024-11-04
U3091,kyc_completed,2024-11-05
U3091,card_activated,2024-11-06
U3092,app_downloaded,2024-05-12
U3092,registered,2024-05-13
U3092,kyc_completed,2024-05-14
U3092,card_activated,2024-05-15
U3092,first_transaction,2024-05-16
U3093,app_downloaded,2024-05-21
U3093,registered,2024-05-22
U3093,kyc_completed,2024-05-23
U3093,card_activated,2024-05-24
U3094,app_downloaded,2024-11-19
U3094,registered,2024-11-20
U3094,kyc_completed,2024-11-21
U3094,card_activated,2024-11-22
U3094,first_transaction,2024-11-23
U3095,app_downloaded,2024-03-21
U3095,registered,2024-03-22
U3095,kyc_completed,2024-03-23
U3096,app_downloaded,2024-07-14
U3096,registered,2024-07-15
U3096,kyc_completed,2024-07-16
U3096,card_activated,2024-07-17
U3097,app_downloaded,2024-07-16
U3097,registered,2024-07-17
U3097,kyc_completed,2024-07-18
U3098,app_downloaded,2024-11-09
U3098,registered,2024-11-10
U3098,kyc_completed,2024-11-11
U3098,card_activated,2024-11-12
U3099,app_downloaded,2024-06-24
U3099,registered,2024-06-25
U3099,kyc_completed,2024-06-26
U3099,card_activated,2024-06-27
U3099,first_transaction,2024-06-28
U3100,app_downloaded,2024-02-21
U3100,registered,2024-02-22
U3100,kyc_completed,2024-02-23
U3100,card_activated,2024-02-24
U3100,first_transaction,2024-02-25
U3101,app_downloaded,2024-10-22
U3101,registered,2024-10-23
U3101,kyc_completed,2024-10-24
U3102,app_downloaded,2024-03-03
U3102,registered,2024-03-04
U3102,kyc_completed,2024-03-05
U3103,app_downloaded,2024-03-07
U3103,registered,2024-03-08
U3104,app_downloaded,2024-12-31
U3105,app_downloaded,2024-03-11
U3105,registered,2024-03-12
U3105,kyc_completed,2024-03-13
U3106,app_downloaded,2024-09-24
U3106,registered,2024-09-25
U3106,kyc_completed,2024-09-26
U3106,card_activated,2024-09-27
U3106,first_transaction,2024-09-28
U3107,app_downloaded,2024-07-08
U3107,registered,2024-07-09
U3107,kyc_completed,2024-07-10
U3107,card_activated,2024-07-11
U3108,app_downloaded,2024-07-17
U3108,registered,2024-07-18
U3108,kyc_completed,2024-07-19
U3108,card_activated,2024-07-20
U3108,first_transaction,2024-07-21
U3109,app_downloaded,2024-03-14
U3110,app_downloaded,2024-09-29
U3110,registered,2024-09-30
U3110,kyc_completed,2024-10-01
U3110,card_activated,2024-10-02
U3110,first_transaction,2024-10-03
U3111,app_downloaded,2024-02-26
U3111,registered,2024-02-27
U3111,kyc_completed,2024-02-28
U3111,card_activated,2024-02-29
U3111,first_transaction,2024-03-01
U3112,app_downloaded,2024-10-14
U3112,registered,2024-10-15
U3113,app_downloaded,2024-01-08
U3113,registered,2024-01-09
U3113,kyc_completed,2024-01-10
U3113,card_activated,2024-01-11
U3114,app_downloaded,2024-01-01
U3114,registered,2024-01-02
U3114,kyc_completed,2024-01-03
U3114,card_activated,2024-01-04
U3114,first_transaction,2024-01-05
U3115,app_downloaded,2024-09-01
U3115,registered,2024-09-02
U3115,kyc_completed,2024-09-03
U3115,card_activated,2024-09-04
U3116,app_downloaded,2024-09-26
U3116,registered,2024-09-27
U3116,kyc_completed,2024-09-28
U3116,card_activated,2024-09-29
U3116,first_transaction,2024-09-30
U3117,app_downloaded,2024-08-24
U3117,registered,2024-08-25
U3117,kyc_completed,2024-08-26
U3117,card_activated,2024-08-27
U3117,first_transaction,2024-08-28
U3118,app_downloaded,2024-02-27
U3118,registered,2024-02-28
U3118,kyc_completed,2024-02-29
U3118,card_activated,2024-03-01
U3118,first_transaction,2024-03-02
U3119,app_downloaded,2024-09-16
U3119,registered,2024-09-17
U3119,kyc_completed,2024-09-18
U3119,card_activated,2024-09-19
U3119,first_transaction,2024-09-20
U3120,app_downloaded,2024-09-06
U3120,registered,2024-09-07
U3120,kyc_completed,2024-09-08
U3120,card_activated,2024-09-09
U3120,first_transaction,2024-09-10
U3121,app_downloaded,2024-07-25
U3121,registered,2024-07-26
U3121,kyc_completed,2024-07-27
U3121,card_activated,2024-07-28
U3121,first_transaction,2024-07-29
U3122,app_downloaded,2024-05-16
U3122,registered,2024-05-17
U3122,kyc_completed,2024-05-18
U3123,app_downloaded,2024-10-12
U3123,registered,2024-10-13
U3123,kyc_completed,2024-10-14
U3123,card_activated,2024-10-15
U3123,first_transaction,2024-10-16
U3124,app_downloaded,2024-07-23
U3124,registered,2024-07-24
U3124,kyc_completed,2024-07-25
U3125,app_downloaded,2024-08-18
U3125,registered,2024-08-19
U3126,app_downloaded,2024-05-31
U3126,registered,2024-06-01
U3126,kyc_completed,2024-06-02
U3127,app_downloaded,2024-11-02
U3127,registered,2024-11-03
U3127,kyc_completed,2024-11-04
U3127,card_activated,2024-11-05
U3127,first_transaction,2024-11-06
U3128,app_downloaded,2024-04-02
U3128,registered,2024-04-03
U3128,kyc_completed,2024-04-04
U3128,card_activated,2024-04-05
U3128,first_transaction,2024-04-06
U3129,app_downloaded,2024-11-13
U3129,registered,2024-11-14
U3129,kyc_completed,2024-11-15
U3129,card_activated,2024-11-16
U3129,first_transaction,2024-11-17
U3130,app_downloaded,2024-11-23
U3130,registered,2024-11-24
U3130,kyc_completed,2024-11-25
U3130,card_activated,2024-11-26
U3130,first_transaction,2024-11-27
U3131,app_downloaded,2024-06-25
U3131,registered,2024-06-26
U3131,kyc_completed,2024-06-27
U3132,app_downloaded,2024-05-24
U3132,registered,2024-05-25
U3132,kyc_completed,2024-05-26
U3132,card_activated,2024-05-27
U3132,first_transaction,2024-05-28
U3133,app_downloaded,2024-02-19
U3133,registered,2024-02-20
U3133,kyc_completed,2024-02-21
U3133,card_activated,2024-02-22
U3133,first_transaction,2024-02-23
U3134,app_downloaded,2024-10-07
U3134,registered,2024-10-08
U3134,kyc_completed,2024-10-09
U3134,card_activated,2024-10-10
U3134,first_transaction,2024-10-11
U3135,app_downloaded,2024-10-08
U3135,registered,2024-10-09
U3135,kyc_completed,2024-10-10
U3135,card_activated,2024-10-11
U3135,first_transaction,2024-10-12
U3136,app_downloaded,2024-07-30
U3136,registered,2024-07-31
U3136,kyc_completed,2024-08-01
U3136,card_activated,2024-08-02
U3137,app_downloaded,2024-06-17
U3137,registered,2024-06-18
U3137,kyc_completed,2024-06-19
U3137,card_activated,2024-06-20
U3138,app_downloaded,2024-09-30
U3138,registered,2024-10-01
U3138,kyc_completed,2024-10-02
U3138,card_activated,2024-10-03
U3138,first_transaction,2024-10-04
U3139,app_downloaded,2024-05-01
U3139,registered,2024-05-02
U3139,kyc_completed,2024-05-03
U3139,card_activated,2024-05-04
U3139,first_transaction,2024-05-05
U3140,app_downloaded,2024-09-15
U3140,registered,2024-09-16
U3140,kyc_completed,2024-09-17
U3140,card_activated,2024-09-18
U3140,first_transaction,2024-09-19
U3141,app_downloaded,2024-11-09
U3141,registered,2024-11-10
U3141,kyc_completed,2024-11-11
U3141,card_activated,2024-11-12
U3141,first_transaction,2024-11-13
U3142,app_downloaded,2024-02-24
U3142,registered,2024-02-25
U3142,kyc_completed,2024-02-26
U3142,card_activated,2024-02-27
U3142,first_transaction,2024-02-28
U3143,app_downloaded,2024-08-18
U3143,registered,2024-08-19
U3143,kyc_completed,2024-08-20
U3143,card_activated,2024-08-21
U3143,first_transaction,2024-08-22
U3144,app_downloaded,2024-05-30
U3144,registered,2024-05-31
U3144,kyc_completed,2024-06-01
U3145,app_downloaded,2024-02-03
U3145,registered,2024-02-04
U3145,kyc_completed,2024-02-05
U3145,card_activated,2024-02-06
U3146,app_downloaded,2024-02-04
U3146,registered,2024-02-05
U3146,kyc_completed,2024-02-06
U3146,card_activated,2024-02-07
U3147,app_downloaded,2024-11-04
U3147,registered,2024-11-05
U3148,app_downloaded,2024-06-17
U3148,registered,2024-06-18
U3148,kyc_completed,2024-06-19
U3148,card_activated,2024-06-20
U3148,first_transaction,2024-06-21
U3149,app_downloaded,2024-12-25
U3149,registered,2024-12-26
U3149,kyc_completed,2024-12-27
U3149,card_activated,2024-12-28
U3150,app_downloaded,2024-02-06
U3150,registered,2024-02-07
U3150,kyc_completed,2024-02-08
U3150,card_activated,2024-02-09
U3151,app_downloaded,2024-03-19
U3151,registered,2024-03-20
U3152,app_downloaded,2024-12-01
U3152,registered,2024-12-02
U3152,kyc_completed,2024-12-03
U3152,card_activated,2024-12-04
U3152,first_transaction,2024-12-05
U3153,app_downloaded,2024-08-28
U3153,registered,2024-08-29
U3153,kyc_completed,2024-08-30
U3154,app_downloaded,2024-09-13
U3154,registered,2024-09-14
U3154,kyc_completed,2024-09-15
U3155,app_downloaded,2024-02-07
U3155,registered,2024-02-08
U3155,kyc_completed,2024-02-09
U3155,card_activated,2024-02-10
U3156,app_downloaded,2024-07-30
U3156,registered,2024-07-31
U3157,app_downloaded,2024-11-24
U3157,registered,2024-11-25
U3157,kyc_completed,2024-11-26
U3157,card_activated,2024-11-27
U3157,first_transaction,2024-11-28
U3158,app_downloaded,2024-08-29
U3158,registered,2024-08-30
U3158,kyc_completed,2024-08-31
U3159,app_downloaded,2024-03-01
U3159,registered,2024-03-02
U3159,kyc_completed,2024-03-03
U3159,card_activated,2024-03-04
U3159,first_transaction,2024-03-05
U3160,app_downloaded,2024-08-18
U3160,registered,2024-08-19
U3160,kyc_completed,2024-08-20
U3160,card_activated,2024-08-21
U3160,first_transaction,2024-08-22
U3161,app_downloaded,2024-09-18
U3161,registered,2024-09-19
U3161,kyc_completed,2024-09-20
U3161,card_activated,2024-09-21
U3162,app_downloaded,2024-12-15
U3162,registered,2024-12-16
U3162,kyc_completed,2024-12-17
U3163,app_downloaded,2024-09-12
U3163,registered,2024-09-13
U3163,kyc_completed,2024-09-14
U3163,card_activated,2024-09-15
U3164,app_downloaded,2024-08-30
U3164,registered,2024-08-31
U3164,kyc_completed,2024-09-01
U3164,card_activated,2024-09-02
U3165,app_downloaded,2024-11-25
U3165,registered,2024-11-26
U3166,app_downloaded,2024-04-29
U3166,registered,2024-04-30
U3166,kyc_completed,2024-05-01
U3166,card_activated,2024-05-02
U3166,first_transaction,2024-05-03
U3167,app_downloaded,2024-12-04
U3167,registered,2024-12-05
U3167,kyc_completed,2024-12-06
U3167,card_activated,2024-12-07
U3167,first_transaction,2024-12-08
U3168,app_downloaded,2024-09-07
U3168,registered,2024-09-08
U3168,kyc_completed,2024-09-09
U3169,app_downloaded,2024-11-09
U3169,registered,2024-11-10
U3169,kyc_completed,2024-11-11
U3169,card_activated,2024-11-12
U3169,first_transaction,2024-11-13
U3170,app_downloaded,2024-05-31
U3170,registered,2024-06-01
U3171,app_downloaded,2024-02-07
U3171,registered,2024-02-08
U3171,kyc_completed,2024-02-09
U3172,app_downloaded,2024-05-18
U3172,registered,2024-05-19
U3172,kyc_completed,2024-05-20
U3172,card_activated,2024-05-21
U3172,first_transaction,2024-05-22
U3173,app_downloaded,2024-08-17
U3173,registered,2024-08-18
U3173,kyc_completed,2024-08-19
U3173,card_activated,2024-08-20
U3173,first_transaction,2024-08-21
U3174,app_downloaded,2024-12-10
U3174,registered,2024-12-11
U3174,kyc_completed,2024-12-12
U3175,app_downloaded,2024-05-05
U3175,registered,2024-05-06
U3175,kyc_completed,2024-05-07
U3175,card_activated,2024-05-08
U3175,first_transaction,2024-05-09
U3176,app_downloaded,2024-03-02
U3176,registered,2024-03-03
U3176,kyc_completed,2024-03-04
U3176,card_activated,2024-03-05
U3176,first_transaction,2024-03-06
U3177,app_downloaded,2024-10-18
U3177,registered,2024-10-19
U3177,kyc_completed,2024-10-20
U3177,card_activated,2024-10-21
U3178,app_downloaded,2024-12-11
U3178,registered,2024-12-12
U3178,kyc_completed,2024-12-13
U3179,app_downloaded,2024-02-29
U3179,registered,2024-03-01
U3179,kyc_completed,2024-03-02
U3179,card_activated,2024-03-03
U3179,first_transaction,2024-03-04
U3180,app_downloaded,2024-04-25
U3180,registered,2024-04-26
U3180,kyc_completed,2024-04-27
U3180,card_activated,2024-04-28
U3181,app_downloaded,2024-03-18
U3181,registered,2024-03-19
U3181,kyc_completed,2024-03-20
U3181,card_activated,2024-03-21
U3182,app_downloaded,2024-05-24
U3182,registered,2024-05-25
U3183,app_downloaded,2024-06-23
U3183,registered,2024-06-24
U3183,kyc_completed,2024-06-25
U3184,app_downloaded,2024-08-14
U3184,registered,2024-08-15
U3184,kyc_completed,2024-08-16
U3184,card_activated,2024-08-17
U3184,first_transaction,2024-08-18
U3185,app_downloaded,2024-07-21
U3185,registered,2024-07-22
U3185,kyc_completed,2024-07-23
U3185,card_activated,2024-07-24
U3186,app_downloaded,2024-05-13
U3186,registered,2024-05-14
U3186,kyc_completed,2024-05-15
U3186,card_activated,2024-05-16
U3186,first_transaction,2024-05-17
U3187,app_downloaded,2024-06-12
U3187,registered,2024-06-13
U3187,kyc_completed,2024-06-14
U3187,card_activated,2024-06-15
U3187,first_transaction,2024-06-16
U3188,app_downloaded,2024-06-15
U3188,registered,2024-06-16
U3188,kyc_completed,2024-06-17
U3189,app_downloaded,2024-06-02
U3189,registered,2024-06-03
U3189,kyc_completed,2024-06-04
U3189,card_activated,2024-06-05
U3189,first_transaction,2024-06-06
U3190,app_downloaded,2024-03-11
U3190,registered,2024-03-12
U3190,kyc_completed,2024-03-13
U3190,card_activated,2024-03-14
U3191,app_downloaded,2024-07-25
U3191,registered,2024-07-26
U3192,app_downloaded,2024-01-20
U3192,registered,2024-01-21
U3192,kyc_completed,2024-01-22
U3192,card_activated,2024-01-23
U3193,app_downloaded,2024-08-10
U3193,registered,2024-08-11
U3193,kyc_completed,2024-08-12
U3193,card_activated,2024-08-13
U3193,first_transaction,2024-08-14
U3194,app_downloaded,2024-01-08
U3194,registered,2024-01-09
U3194,kyc_completed,2024-01-10
U3194,card_activated,2024-01-11
U3194,first_transaction,2024-01-12
U3195,app_downloaded,2024-11-28
U3195,registered,2024-11-29
U3195,kyc_completed,2024-11-30
U3195,card_activated,2024-12-01
U3196,app_downloaded,2024-09-07
U3196,registered,2024-09-08
U3196,kyc_completed,2024-09-09
U3196,card_activated,2024-09-10
U3196,first_transaction,2024-09-11
U3197,app_downloaded,2024-05-07
U3197,registered,2024-05-08
U3197,kyc_completed,2024-05-09
U3197,card_activated,2024-05-10
U3198,app_downloaded,2024-10-08
U3199,app_downloaded,2024-01-21
U3199,registered,2024-01-22
U3199,kyc_completed,2024-01-23
U3199,card_activated,2024-01-24
U3199,first_transaction,2024-01-25
U3200,app_downloaded,2024-04-13
U3200,registered,2024-04-14
U3200,kyc_completed,2024-04-15
U3200,card_activated,2024-04-16
U3201,app_downloaded,2024-03-31
U3201,registered,2024-04-01
U3202,app_downloaded,2024-08-03
U3202,registered,2024-08-04
U3202,kyc_completed,2024-08-05
U3202,card_activated,2024-08-06
U3203,app_downloaded,2024-06-23
U3203,registered,2024-06-24
U3203,kyc_completed,2024-06-25
U3203,card_activated,2024-06-26
U3203,first_transaction,2024-06-27
U3204,app_downloaded,2024-11-24
U3204,registered,2024-11-25
U3204,kyc_completed,2024-11-26
U3204,card_activated,2024-11-27
U3205,app_downloaded,2024-01-09
U3205,registered,2024-01-10
U3205,kyc_completed,2024-01-11
U3205,card_activated,2024-01-12
U3206,app_downloaded,2024-12-27
U3206,registered,2024-12-28
U3207,app_downloaded,2024-03-13
U3207,registered,2024-03-14
U3207,kyc_completed,2024-03-15
U3207,card_activated,2024-03-16
U3207,first_transaction,2024-03-17
U3208,app_downloaded,2024-02-03
U3208,registered,2024-02-04
U3209,app_downloaded,2024-12-11
U3209,registered,2024-12-12
U3209,kyc_completed,2024-12-13
U3209,card_activated,2024-12-14
U3210,app_downloaded,2024-07-13
U3210,registered,2024-07-14
U3210,kyc_completed,2024-07-15
U3211,app_downloaded,2024-10-12
U3211,registered,2024-10-13
U3211,kyc_completed,2024-10-14
U3211,card_activated,2024-10-15
U3211,first_transaction,2024-10-16
U3212,app_downloaded,2024-08-31
U3212,registered,2024-09-01
U3212,kyc_completed,2024-09-02
U3213,app_downloaded,2024-07-31
U3213,registered,2024-08-01
U3213,kyc_completed,2024-08-02
U3214,app_downloaded,2024-08-31
U3214,registered,2024-09-01
U3214,kyc_completed,2024-09-02
U3215,app_downloaded,2024-01-12
U3215,registered,2024-01-13
U3216,app_downloaded,2024-09-19
U3216,registered,2024-09-20
U3216,kyc_completed,2024-09-21
U3216,card_activated,2024-09-22
U3216,first_transaction,2024-09-23
U3217,app_downloaded,2024-07-20
U3217,registered,2024-07-21
U3217,kyc_completed,2024-07-22
U3217,card_activated,2024-07-23
U3218,app_downloaded,2024-06-02
U3218,registered,2024-06-03
U3218,kyc_completed,2024-06-04
U3218,card_activated,2024-06-05
U3218,first_transaction,2024-06-06
U3219,app_downloaded,2024-10-15
U3219,registered,2024-10-16
U3219,kyc_completed,2024-10-17
U3219,card_activated,2024-10-18
U3219,first_transaction,2024-10-19
U3220,app_downloaded,2024-08-04
U3220,registered,2024-08-05
U3220,kyc_completed,2024-08-06
U3220,card_activated,2024-08-07
U3220,first_transaction,2024-08-08
U3221,app_downloaded,2024-01-29
U3221,registered,2024-01-30
U3221,kyc_completed,2024-01-31
U3222,app_downloaded,2024-10-29
U3222,registered,2024-10-30
U3222,kyc_completed,2024-10-31
U3222,card_activated,2024-11-01
U3222,first_transaction,2024-11-02
U3223,app_downloaded,2024-08-18
U3223,registered,2024-08-19
U3224,app_downloaded,2024-10-28
U3224,registered,2024-10-29
U3224,kyc_completed,2024-10-30
U3225,app_downloaded,2024-02-20
U3225,registered,2024-02-21
U3225,kyc_completed,2024-02-22
U3225,card_activated,2024-02-23
U3226,app_downloaded,2024-05-23
U3226,registered,2024-05-24
U3227,app_downloaded,2024-05-10
U3227,registered,2024-05-11
U3227,kyc_completed,2024-05-12
U3227,card_activated,2024-05-13
U3228,app_downloaded,2024-10-19
U3228,registered,2024-10-20
U3228,kyc_completed,2024-10-21
U3228,card_activated,2024-10-22
U3228,first_transaction,2024-10-23
U3229,app_downloaded,2024-04-10
U3229,registered,2024-04-11
U3229,kyc_completed,2024-04-12
U3229,card_activated,2024-04-13
U3229,first_transaction,2024-04-14
U3230,app_downloaded,2024-02-08
U3230,registered,2024-02-09
U3230,kyc_completed,2024-02-10
U3231,app_downloaded,2024-10-30
U3231,registered,2024-10-31
U3232,app_downloaded,2024-11-12
U3232,registered,2024-11-13
U3232,kyc_completed,2024-11-14
U3232,card_activated,2024-11-15
U3232,first_transaction,2024-11-16
U3233,app_downloaded,2024-08-16
U3233,registered,2024-08-17
U3233,kyc_completed,2024-08-18
U3233,card_activated,2024-08-19
U3234,app_downloaded,2024-02-24
U3234,registered,2024-02-25
U3234,kyc_completed,2024-02-26
U3235,app_downloaded,2024-10-25
U3235,registered,2024-10-26
U3235,kyc_completed,2024-10-27
U3236,app_downloaded,2024-10-19
U3236,registered,2024-10-20
U3237,app_downloaded,2024-03-12
U3237,registered,2024-03-13
U3237,kyc_completed,2024-03-14
U3237,card_activated,2024-03-15
U3237,first_transaction,2024-03-16
U3238,app_downloaded,2024-05-21
U3238,registered,2024-05-22
U3238,kyc_completed,2024-05-23
U3238,card_activated,2024-05-24
U3239,app_downloaded,2024-09-05
U3239,registered,2024-09-06
U3240,app_downloaded,2024-11-13
U3240,registered,2024-11-14
U3240,kyc_completed,2024-11-15
U3241,app_downloaded,2024-07-15
U3241,registered,2024-07-16
U3241,kyc_completed,2024-07-17
U3241,card_activated,2024-07-18
U3242,app_downloaded,2024-03-16
U3242,registered,2024-03-17
U3242,kyc_completed,2024-03-18
U3242,card_activated,2024-03-19
U3242,first_transaction,2024-03-20
U3243,app_downloaded,2024-06-29
U3243,registered,2024-06-30
U3243,kyc_completed,2024-07-01
U3243,card_activated,2024-07-02
U3244,app_downloaded,2024-12-09
U3244,registered,2024-12-10
U3244,kyc_completed,2024-12-11
U3244,card_activated,2024-12-12
U3244,first_transaction,2024-12-13
U3245,app_downloaded,2024-07-12
U3245,registered,2024-07-13
U3245,kyc_completed,2024-07-14
U3245,card_activated,2024-07-15
U3245,first_transaction,2024-07-16
U3246,app_downloaded,2024-02-06
U3247,app_downloaded,2024-01-29
U3247,registered,2024-01-30
U3247,kyc_completed,2024-01-31
U3247,card_activated,2024-02-01
U3247,first_transaction,2024-02-02
U3248,app_downloaded,2024-02-01
U3248,registered,2024-02-02
U3248,kyc_completed,2024-02-03
U3249,app_downloaded,2024-03-02
U3249,registered,2024-03-03
U3249,kyc_completed,2024-03-04
U3250,app_downloaded,2024-03-27
U3250,registered,2024-03-28
U3250,kyc_completed,2024-03-29
U3250,card_activated,2024-03-30
U3250,first_transaction,2024-03-31
U3251,app_downloaded,2024-12-23
U3251,registered,2024-12-24
U3251,kyc_completed,2024-12-25
U3251,card_activated,2024-12-26
U3252,app_downloaded,2024-09-19
U3252,registered,2024-09-20
U3253,app_downloaded,2024-05-13
U3253,registered,2024-05-14
U3253,kyc_completed,2024-05-15
U3254,app_downloaded,2024-08-02
U3255,app_downloaded,2024-06-26
U3255,registered,2024-06-27
U3255,kyc_completed,2024-06-28
U3256,app_downloaded,2024-03-13
U3256,registered,2024-03-14
U3256,kyc_completed,2024-03-15
U3257,app_downloaded,2024-08-08
U3257,registered,2024-08-09
U3258,app_downloaded,2024-05-26
U3258,registered,2024-05-27
U3258,kyc_completed,2024-05-28
U3259,app_downloaded,2024-07-09
U3259,registered,2024-07-10
U3260,app_downloaded,2024-06-03
U3260,registered,2024-06-04
U3261,app_downloaded,2024-10-25
U3261,registered,2024-10-26
U3262,app_downloaded,2024-10-15
U3262,registered,2024-10-16
U3262,kyc_completed,2024-10-17
U3262,card_activated,2024-10-18
U3263,app_downloaded,2024-07-18
U3263,registered,2024-07-19
U3263,kyc_completed,2024-07-20
U3263,card_activated,2024-07-21
U3263,first_transaction,2024-07-22
U3264,app_downloaded,2024-01-03
U3264,registered,2024-01-04
U3265,app_downloaded,2024-05-07
U3265,registered,2024-05-08
U3265,kyc_completed,2024-05-09
U3266,app_downloaded,2024-08-12
U3266,registered,2024-08-13
U3266,kyc_completed,2024-08-14
U3266,card_activated,2024-08-15
U3266,first_transaction,2024-08-16
U3267,app_downloaded,2024-10-27
U3267,registered,2024-10-28
U3267,kyc_completed,2024-10-29
U3267,card_activated,2024-10-30
U3267,first_transaction,2024-10-31
U3268,app_downloaded,2024-12-21
U3268,registered,2024-12-22
U3268,kyc_completed,2024-12-23
U3268,card_activated,2024-12-24
U3269,app_downloaded,2024-04-14
U3269,registered,2024-04-15
U3269,kyc_completed,2024-04-16
U3270,app_downloaded,2024-05-25
U3270,registered,2024-05-26
U3270,kyc_completed,2024-05-27
U3270,card_activated,2024-05-28
U3270,first_transaction,2024-05-29
U3271,app_downloaded,2024-12-05
U3271,registered,2024-12-06
U3271,kyc_completed,2024-12-07
U3271,card_activated,2024-12-08
U3271,first_transaction,2024-12-09
U3272,app_downloaded,2024-03-27
U3272,registered,2024-03-28
U3272,kyc_completed,2024-03-29
U3273,app_downloaded,2024-05-09
U3273,registered,2024-05-10
U3273,kyc_completed,2024-05-11
U3273,card_activated,2024-05-12
U3273,first_transaction,2024-05-13
U3274,app_downloaded,2024-06-19
U3274,registered,2024-06-20
U3274,kyc_completed,2024-06-21
U3274,card_activated,2024-06-22
U3274,first_transaction,2024-06-23
U3275,app_downloaded,2024-11-12
U3275,registered,2024-11-13
U3275,kyc_completed,2024-11-14
U3275,card_activated,2024-11-15
U3275,first_transaction,2024-11-16
U3276,app_downloaded,2024-10-04
U3276,registered,2024-10-05
U3277,app_downloaded,2024-03-24
U3277,registered,2024-03-25
U3277,kyc_completed,2024-03-26
U3278,app_downloaded,2024-05-24
U3278,registered,2024-05-25
U3278,kyc_completed,2024-05-26
U3278,card_activated,2024-05-27
U3278,first_transaction,2024-05-28
U3279,app_downloaded,2024-10-23
U3279,registered,2024-10-24
U3279,kyc_completed,2024-10-25
U3279,card_activated,2024-10-26
U3279,first_transaction,2024-10-27
U3280,app_downloaded,2024-07-25
U3280,registered,2024-07-26
U3280,kyc_completed,2024-07-27
U3281,app_downloaded,2024-03-28
U3281,registered,2024-03-29
U3281,kyc_completed,2024-03-30
U3281,card_activated,2024-03-31
U3281,first_transaction,2024-04-01
U3282,app_downloaded,2024-05-08
U3282,registered,2024-05-09
U3282,kyc_completed,2024-05-10
U3282,card_activated,2024-05-11
U3283,app_downloaded,2024-01-17
U3283,registered,2024-01-18
U3283,kyc_completed,2024-01-19
U3284,app_downloaded,2024-03-09
U3284,registered,2024-03-10
U3284,kyc_completed,2024-03-11
U3284,card_activated,2024-03-12
U3284,first_transaction,2024-03-13
U3285,app_downloaded,2024-08-09
U3285,registered,2024-08-10
U3285,kyc_completed,2024-08-11
U3285,card_activated,2024-08-12
U3285,first_transaction,2024-08-13
U3286,app_downloaded,2024-07-17
U3286,registered,2024-07-18
U3286,kyc_completed,2024-07-19
U3286,card_activated,2024-07-20
U3287,app_downloaded,2024-05-09
U3287,registered,2024-05-10
U3287,kyc_completed,2024-05-11
U3288,app_downloaded,2024-12-22
U3288,registered,2024-12-23
U3288,kyc_completed,2024-12-24
U3288,card_activated,2024-12-25
U3288,first_transaction,2024-12-26
U3289,app_downloaded,2024-08-09
U3289,registered,2024-08-10
U3289,kyc_completed,2024-08-11
U3289,card_activated,2024-08-12
U3290,app_downloaded,2024-05-23
U3290,registered,2024-05-24
U3290,kyc_completed,2024-05-25
U3290,card_activated,2024-05-26
U3291,app_downloaded,2024-08-10
U3291,registered,2024-08-11
U3291,kyc_completed,2024-08-12
U3291,card_activated,2024-08-13
U3291,first_transaction,2024-08-14
U3292,app_downloaded,2024-01-23
U3292,registered,2024-01-24
U3292,kyc_completed,2024-01-25
U3292,card_activated,2024-01-26
U3292,first_transaction,2024-01-27
U3293,app_downloaded,2024-04-16
U3293,registered,2024-04-17
U3293,kyc_completed,2024-04-18
U3293,card_activated,2024-04-19
U3293,first_transaction,2024-04-20
U3294,app_downloaded,2024-07-12
U3294,registered,2024-07-13
U3294,kyc_completed,2024-07-14
U3295,app_downloaded,2024-11-18
U3295,registered,2024-11-19
U3295,kyc_completed,2024-11-20
U3295,card_activated,2024-11-21
U3296,app_downloaded,2024-03-22
U3296,registered,2024-03-23
U3296,kyc_completed,2024-03-24
U3296,card_activated,2024-03-25
U3296,first_transaction,2024-03-26
U3297,app_downloaded,2024-03-20
U3297,registered,2024-03-21
U3297,kyc_completed,2024-03-22
U3297,card_activated,2024-03-23
U3297,first_transaction,2024-03-24
U3298,app_downloaded,2024-02-14
U3298,registered,2024-02-15
U3298,kyc_completed,2024-02-16
U3298,card_activated,2024-02-17
U3298,first_transaction,2024-02-18
U3299,app_downloaded,2024-08-27
U3299,registered,2024-08-28
U3299,kyc_completed,2024-08-29
U3299,card_activated,2024-08-30
U3299,first_transaction,2024-08-31
U3300,app_downloaded,2024-08-13
U3300,registered,2024-08-14
U3300,kyc_completed,2024-08-15
U3300,card_activated,2024-08-16
U3301,app_downloaded,2024-01-16
U3301,registered,2024-01-17
U3301,kyc_completed,2024-01-18
U3302,app_downloaded,2024-05-05
U3302,registered,2024-05-06
U3302,kyc_completed,2024-05-07
U3303,app_downloaded,2024-10-24
U3303,registered,2024-10-25
U3303,kyc_completed,2024-10-26
U3304,app_downloaded,2024-10-06
U3304,registered,2024-10-07
U3304,kyc_completed,2024-10-08
U3305,app_downloaded,2024-08-17
U3305,registered,2024-08-18
U3305,kyc_completed,2024-08-19
U3305,card_activated,2024-08-20
U3305,first_transaction,2024-08-21
U3306,app_downloaded,2024-04-13
U3306,registered,2024-04-14
U3306,kyc_completed,2024-04-15
U3306,card_activated,2024-04-16
U3306,first_transaction,2024-04-17
U3307,app_downloaded,2024-06-21
U3307,registered,2024-06-22
U3307,kyc_completed,2024-06-23
U3307,card_activated,2024-06-24
U3308,app_downloaded,2024-10-07
U3308,registered,2024-10-08
U3308,kyc_completed,2024-10-09
U3309,app_downloaded,2024-12-11
U3309,registered,2024-12-12
U3309,kyc_completed,2024-12-13
U3309,card_activated,2024-12-14
U3310,app_downloaded,2024-07-27
U3310,registered,2024-07-28
U3310,kyc_completed,2024-07-29
U3311,app_downloaded,2024-03-20
U3311,registered,2024-03-21
U3311,kyc_completed,2024-03-22
U3311,card_activated,2024-03-23
U3312,app_downloaded,2024-10-24
U3312,registered,2024-10-25
U3312,kyc_completed,2024-10-26
U3312,card_activated,2024-10-27
U3313,app_downloaded,2024-07-31
U3313,registered,2024-08-01
U3313,kyc_completed,2024-08-02
U3313,card_activated,2024-08-03
U3313,first_transaction,2024-08-04
U3314,app_downloaded,2024-12-12
U3314,registered,2024-12-13
U3314,kyc_completed,2024-12-14
U3314,card_activated,2024-12-15
U3314,first_transaction,2024-12-16
U3315,app_downloaded,2024-10-23
U3315,registered,2024-10-24
U3315,kyc_completed,2024-10-25
U3316,app_downloaded,2024-11-09
U3316,registered,2024-11-10
U3316,kyc_completed,2024-11-11
U3317,app_downloaded,2024-01-20
U3317,registered,2024-01-21
U3317,kyc_completed,2024-01-22
U3317,card_activated,2024-01-23
U3318,app_downloaded,2024-05-19
U3318,registered,2024-05-20
U3318,kyc_completed,2024-05-21
U3318,card_activated,2024-05-22
U3319,app_downloaded,2024-03-18
U3319,registered,2024-03-19
U3319,kyc_completed,2024-03-20
U3319,card_activated,2024-03-21
U3320,app_downloaded,2024-08-26
U3320,registered,2024-08-27
U3320,kyc_completed,2024-08-28
U3320,card_activated,2024-08-29
U3320,first_transaction,2024-08-30
U3321,app_downloaded,2024-01-13
U3321,registered,2024-01-14
U3321,kyc_completed,2024-01-15
U3321,card_activated,2024-01-16
U3321,first_transaction,2024-01-17
U3322,app_downloaded,2024-08-23
U3322,registered,2024-08-24
U3322,kyc_completed,2024-08-25
U3322,card_activated,2024-08-26
U3323,app_downloaded,2024-01-27
U3323,registered,2024-01-28
U3323,kyc_completed,2024-01-29
U3323,card_activated,2024-01-30
U3323,first_transaction,2024-01-31
U3324,app_downloaded,2024-02-17
U3324,registered,2024-02-18
U3324,kyc_completed,2024-02-19
U3324,card_activated,2024-02-20
U3324,first_transaction,2024-02-21
U3325,app_downloaded,2024-07-01
U3325,registered,2024-07-02
U3325,kyc_completed,2024-07-03
U3325,card_activated,2024-07-04
U3325,first_transaction,2024-07-05
U3326,app_downloaded,2024-08-11
U3326,registered,2024-08-12
U3326,kyc_completed,2024-08-13
U3327,app_downloaded,2024-07-30
U3327,registered,2024-07-31
U3327,kyc_completed,2024-08-01
U3327,card_activated,2024-08-02
U3327,first_transaction,2024-08-03
U3328,app_downloaded,2024-01-29
U3328,registered,2024-01-30
U3328,kyc_completed,2024-01-31
U3329,app_downloaded,2024-06-19
U3329,registered,2024-06-20
U3329,kyc_completed,2024-06-21
U3330,app_downloaded,2024-03-11
U3330,registered,2024-03-12
U3330,kyc_completed,2024-03-13
U3330,card_activated,2024-03-14
U3331,app_downloaded,2024-08-30
U3331,registered,2024-08-31
U3331,kyc_completed,2024-09-01
U3332,app_downloaded,2024-04-04
U3333,app_downloaded,2024-03-19
U3333,registered,2024-03-20
U3334,app_downloaded,2024-02-24
U3334,registered,2024-02-25
U3335,app_downloaded,2024-09-16
U3336,app_downloaded,2024-10-15
U3336,registered,2024-10-16
U3336,kyc_completed,2024-10-17
U3336,card_activated,2024-10-18
U3337,app_downloaded,2024-05-15
U3337,registered,2024-05-16
U3337,kyc_completed,2024-05-17
U3337,card_activated,2024-05-18
U3337,first_transaction,2024-05-19
U3338,app_downloaded,2024-07-05
U3338,registered,2024-07-06
U3338,kyc_completed,2024-07-07
U3338,card_activated,2024-07-08
U3338,first_transaction,2024-07-09
U3339,app_downloaded,2024-04-18
U3339,registered,2024-04-19
U3339,kyc_completed,2024-04-20
U3339,card_activated,2024-04-21
U3339,first_transaction,2024-04-22
U3340,app_downloaded,2024-11-04
U3340,registered,2024-11-05
U3340,kyc_completed,2024-11-06
U3340,card_activated,2024-11-07
U3341,app_downloaded,2024-06-16
U3341,registered,2024-06-17
U3341,kyc_completed,2024-06-18
U3342,app_downloaded,2024-05-19
U3342,registered,2024-05-20
U3342,kyc_completed,2024-05-21
U3343,app_downloaded,2024-11-28
U3343,registered,2024-11-29
U3343,kyc_completed,2024-11-30
U3344,app_downloaded,2024-01-17
U3344,registered,2024-01-18
U3344,kyc_completed,2024-01-19
U3344,card_activated,2024-01-20
U3345,app_downloaded,2024-11-12
U3345,registered,2024-11-13
U3345,kyc_completed,2024-11-14
U3345,card_activated,2024-11-15
U3345,first_transaction,2024-11-16
U3346,app_downloaded,2024-04-05
U3346,registered,2024-04-06
U3346,kyc_completed,2024-04-07
U3346,card_activated,2024-04-08
U3346,first_transaction,2024-04-09
U3347,app_downloaded,2024-12-16
U3347,registered,2024-12-17
U3348,app_downloaded,2024-11-20
U3348,registered,2024-11-21
U3348,kyc_completed,2024-11-22
U3348,card_activated,2024-11-23
U3349,app_downloaded,2024-08-08
U3349,registered,2024-08-09
U3349,kyc_completed,2024-08-10
U3349,card_activated,2024-08-11
U3349,first_transaction,2024-08-12
U3350,app_downloaded,2024-05-12
U3350,registered,2024-05-13
U3350,kyc_completed,2024-05-14
U3350,card_activated,2024-05-15
U3351,app_downloaded,2024-06-29
U3351,registered,2024-06-30
U3351,kyc_completed,2024-07-01
U3351,card_activated,2024-07-02
U3351,first_transaction,2024-07-03
U3352,app_downloaded,2024-07-20
U3352,registered,2024-07-21
U3353,app_downloaded,2024-09-23
U3353,registered,2024-09-24
U3353,kyc_completed,2024-09-25
U3353,card_activated,2024-09-26
U3354,app_downloaded,2024-03-28
U3354,registered,2024-03-29
U3354,kyc_completed,2024-03-30
U3354,card_activated,2024-03-31
U3355,app_downloaded,2024-11-25
U3355,registered,2024-11-26
U3355,kyc_completed,2024-11-27
U3356,app_downloaded,2024-10-28
U3356,registered,2024-10-29
U3357,app_downloaded,2024-04-07
U3357,registered,2024-04-08
U3357,kyc_completed,2024-04-09
U3357,card_activated,2024-04-10
U3358,app_downloaded,2024-02-05
U3358,registered,2024-02-06
U3358,kyc_completed,2024-02-07
U3358,card_activated,2024-02-08
U3359,app_downloaded,2024-06-25
U3359,registered,2024-06-26
U3359,kyc_completed,2024-06-27
U3359,card_activated,2024-06-28
U3359,first_transaction,2024-06-29
U3360,app_downloaded,2024-07-18
U3360,registered,2024-07-19
U3360,kyc_completed,2024-07-20
U3361,app_downloaded,2024-04-30
U3361,registered,2024-05-01
U3361,kyc_completed,2024-05-02
U3361,card_activated,2024-05-03
U3361,first_transaction,2024-05-04
U3362,app_downloaded,2024-03-28
U3362,registered,2024-03-29
U3362,kyc_completed,2024-03-30
U3362,card_activated,2024-03-31
U3362,first_transaction,2024-04-01
U3363,app_downloaded,2024-03-12
U3363,registered,2024-03-13
U3363,kyc_completed,2024-03-14
U3363,card_activated,2024-03-15
U3363,first_transaction,2024-03-16
U3364,app_downloaded,2024-09-12
U3364,registered,2024-09-13
U3364,kyc_completed,2024-09-14
U3364,card_activated,2024-09-15
U3364,first_transaction,2024-09-16
U3365,app_downloaded,2024-02-02
U3365,registered,2024-02-03
U3365,kyc_completed,2024-02-04
U3365,card_activated,2024-02-05
U3365,first_transaction,2024-02-06
U3366,app_downloaded,2024-08-17
U3366,registered,2024-08-18
U3366,kyc_completed,2024-08-19
U3367,app_downloaded,2024-10-07
U3367,registered,2024-10-08
U3367,kyc_completed,2024-10-09
U3367,card_activated,2024-10-10
U3367,first_transaction,2024-10-11
U3368,app_downloaded,2024-01-03
U3368,registered,2024-01-04
U3368,kyc_completed,2024-01-05
U3368,card_activated,2024-01-06
U3368,first_transaction,2024-01-07
U3369,app_downloaded,2024-05-15
U3369,registered,2024-05-16
U3369,kyc_completed,2024-05-17
U3369,card_activated,2024-05-18
U3369,first_transaction,2024-05-19
U3370,app_downloaded,2024-10-16
U3370,registered,2024-10-17
U3371,app_downloaded,2024-01-02
U3371,registered,2024-01-03
U3372,app_downloaded,2024-07-13
U3372,registered,2024-07-14
U3372,kyc_completed,2024-07-15
U3373,app_downloaded,2024-02-23
U3373,registered,2024-02-24
U3373,kyc_completed,2024-02-25
U3373,card_activated,2024-02-26
U3373,first_transaction,2024-02-27
U3374,app_downloaded,2024-09-22
U3374,registered,2024-09-23
U3374,kyc_completed,2024-09-24
U3375,app_downloaded,2024-03-21
U3375,registered,2024-03-22
U3375,kyc_completed,2024-03-23
U3375,card_activated,2024-03-24
U3376,app_downloaded,2024-06-19
U3376,registered,2024-06-20
U3376,kyc_completed,2024-06-21
U3376,card_activated,2024-06-22
U3376,first_transaction,2024-06-23
U3377,app_downloaded,2024-11-03
U3377,registered,2024-11-04
U3377,kyc_completed,2024-11-05
U3377,card_activated,2024-11-06
U3378,app_downloaded,2024-05-01
U3378,registered,2024-05-02
U3379,app_downloaded,2024-05-05
U3379,registered,2024-05-06
U3379,kyc_completed,2024-05-07
U3379,card_activated,2024-05-08
U3380,app_downloaded,2024-08-07
U3380,registered,2024-08-08
U3381,app_downloaded,2024-10-13
U3381,registered,2024-10-14
U3381,kyc_completed,2024-10-15
U3381,card_activated,2024-10-16
U3381,first_transaction,2024-10-17
U3382,app_downloaded,2024-02-05
U3382,registered,2024-02-06
U3382,kyc_completed,2024-02-07
U3382,card_activated,2024-02-08
U3383,app_downloaded,2024-04-07
U3384,app_downloaded,2024-06-14
U3384,registered,2024-06-15
U3384,kyc_completed,2024-06-16
U3385,app_downloaded,2024-04-28
U3385,registered,2024-04-29
U3385,kyc_completed,2024-04-30
U3386,app_downloaded,2024-09-29
U3386,registered,2024-09-30
U3386,kyc_completed,2024-10-01
U3386,card_activated,2024-10-02
U3386,first_transaction,2024-10-03
U3387,app_downloaded,2024-06-23
U3387,registered,2024-06-24
U3388,app_downloaded,2024-10-05
U3388,registered,2024-10-06
U3388,kyc_completed,2024-10-07
U3388,card_activated,2024-10-08
U3389,app_downloaded,2024-01-14
U3389,registered,2024-01-15
U3389,kyc_completed,2024-01-16
U3389,card_activated,2024-01-17
U3389,first_transaction,2024-01-18
U3390,app_downloaded,2024-12-02
U3390,registered,2024-12-03
U3391,app_downloaded,2024-01-13
U3391,registered,2024-01-14
U3391,kyc_completed,2024-01-15
U3391,card_activated,2024-01-16
U3391,first_transaction,2024-01-17
U3392,app_downloaded,2024-02-25
U3392,registered,2024-02-26
U3392,kyc_completed,2024-02-27
U3392,card_activated,2024-02-28
U3393,app_downloaded,2024-04-21
U3393,registered,2024-04-22
U3393,kyc_completed,2024-04-23
U3393,card_activated,2024-04-24
U3393,first_transaction,2024-04-25
U3394,app_downloaded,2024-12-12
U3394,registered,2024-12-13
U3394,kyc_completed,2024-12-14
U3395,app_downloaded,2024-09-17
U3395,registered,2024-09-18
U3395,kyc_completed,2024-09-19
U3395,card_activated,2024-09-20
U3396,app_downloaded,2024-08-13
U3396,registered,2024-08-14
U3396,kyc_completed,2024-08-15
U3397,app_downloaded,2024-05-31
U3397,registered,2024-06-01
U3397,kyc_completed,2024-06-02
U3397,card_activated,2024-06-03
U3398,app_downloaded,2024-01-20
U3398,registered,2024-01-21
U3398,kyc_completed,2024-01-22
U3399,app_downloaded,2024-05-28
U3399,registered,2024-05-29
U3399,kyc_completed,2024-05-30
U3400,app_downloaded,2024-12-17
U3400,registered,2024-12-18
U3401,app_downloaded,2024-06-01
U3401,registered,2024-06-02
U3402,app_downloaded,2024-02-02
U3402,registered,2024-02-03
U3402,kyc_completed,2024-02-04
U3402,card_activated,2024-02-05
U3403,app_downloaded,2024-10-05
U3403,registered,2024-10-06
U3404,app_downloaded,2024-06-01
U3404,registered,2024-06-02
U3404,kyc_completed,2024-06-03
U3405,app_downloaded,2024-10-16
U3405,registered,2024-10-17
U3405,kyc_completed,2024-10-18
U3406,app_downloaded,2024-12-28
U3406,registered,2024-12-29
U3406,kyc_completed,2024-12-30
U3407,app_downloaded,2024-08-24
U3407,registered,2024-08-25
U3407,kyc_completed,2024-08-26
U3408,app_downloaded,2024-09-10
U3408,registered,2024-09-11
U3408,kyc_completed,2024-09-12
U3408,card_activated,2024-09-13
U3408,first_transaction,2024-09-14
U3409,app_downloaded,2024-12-15
U3409,registered,2024-12-16
U3409,kyc_completed,2024-12-17
U3409,card_activated,2024-12-18
U3409,first_transaction,2024-12-19
U3410,app_downloaded,2024-03-01
U3410,registered,2024-03-02
U3410,kyc_completed,2024-03-03
U3410,card_activated,2024-03-04
U3410,first_transaction,2024-03-05
U3411,app_downloaded,2024-04-30
U3411,registered,2024-05-01
U3411,kyc_completed,2024-05-02
U3411,card_activated,2024-05-03
U3411,first_transaction,2024-05-04
U3412,app_downloaded,2024-10-18
U3412,registered,2024-10-19
U3412,kyc_completed,2024-10-20
U3412,card_activated,2024-10-21
U3413,app_downloaded,2024-12-02
U3413,registered,2024-12-03
U3413,kyc_completed,2024-12-04
U3413,card_activated,2024-12-05
U3413,first_transaction,2024-12-06
U3414,app_downloaded,2024-03-01
U3414,registered,2024-03-02
U3415,app_downloaded,2024-07-25
U3416,app_downloaded,2024-05-07
U3416,registered,2024-05-08
U3416,kyc_completed,2024-05-09
U3416,card_activated,2024-05-10
U3416,first_transaction,2024-05-11
U3417,app_downloaded,2024-09-02
U3418,app_downloaded,2024-03-08
U3418,registered,2024-03-09
U3418,kyc_completed,2024-03-10
U3419,app_downloaded,2024-06-27
U3419,registered,2024-06-28
U3419,kyc_completed,2024-06-29
U3419,card_activated,2024-06-30
U3419,first_transaction,2024-07-01
U3420,app_downloaded,2024-06-19
U3420,registered,2024-06-20
U3420,kyc_completed,2024-06-21
U3420,card_activated,2024-06-22
U3420,first_transaction,2024-06-23
U3421,app_downloaded,2024-01-14
U3421,registered,2024-01-15
U3421,kyc_completed,2024-01-16
U3421,card_activated,2024-01-17
U3421,first_transaction,2024-01-18
U3422,app_downloaded,2024-01-27
U3422,registered,2024-01-28
U3422,kyc_completed,2024-01-29
U3422,card_activated,2024-01-30
U3422,first_transaction,2024-01-31
U3423,app_downloaded,2024-02-29
U3423,registered,2024-03-01
U3423,kyc_completed,2024-03-02
U3423,card_activated,2024-03-03
U3423,first_transaction,2024-03-04
U3424,app_downloaded,2024-09-08
U3424,registered,2024-09-09
U3424,kyc_completed,2024-09-10
U3424,card_activated,2024-09-11
U3424,first_transaction,2024-09-12
U3425,app_downloaded,2024-06-18
U3425,registered,2024-06-19
U3425,kyc_completed,2024-06-20
U3425,card_activated,2024-06-21
U3426,app_downloaded,2024-12-04
U3426,registered,2024-12-05
U3426,kyc_completed,2024-12-06
U3426,card_activated,2024-12-07
U3427,app_downloaded,2024-11-17
U3427,registered,2024-11-18
U3427,kyc_completed,2024-11-19
U3427,card_activated,2024-11-20
U3427,first_transaction,2024-11-21
U3428,app_downloaded,2024-08-04
U3428,registered,2024-08-05
U3428,kyc_completed,2024-08-06
U3428,card_activated,2024-08-07
U3428,first_transaction,2024-08-08
U3429,app_downloaded,2024-05-24
U3429,registered,2024-05-25
U3429,kyc_completed,2024-05-26
U3429,card_activated,2024-05-27
U3429,first_transaction,2024-05-28
U3430,app_downloaded,2024-01-21
U3430,registered,2024-01-22
U3430,kyc_completed,2024-01-23
U3431,app_downloaded,2024-08-21
U3431,registered,2024-08-22
U3431,kyc_completed,2024-08-23
U3432,app_downloaded,2024-12-04
U3432,registered,2024-12-05
U3432,kyc_completed,2024-12-06
U3432,card_activated,2024-12-07
U3433,app_downloaded,2024-05-12
U3433,registered,2024-05-13
U3433,kyc_completed,2024-05-14
U3434,app_downloaded,2024-01-03
U3435,app_downloaded,2024-06-11
U3435,registered,2024-06-12
U3436,app_downloaded,2024-12-12
U3436,registered,2024-12-13
U3436,kyc_completed,2024-12-14
U3436,card_activated,2024-12-15
U3436,first_transaction,2024-12-16
U3437,app_downloaded,2024-08-12
U3437,registered,2024-08-13
U3437,kyc_completed,2024-08-14
U3437,card_activated,2024-08-15
U3438,app_downloaded,2024-07-16
U3438,registered,2024-07-17
U3439,app_downloaded,2024-07-22
U3439,registered,2024-07-23
U3439,kyc_completed,2024-07-24
U3439,card_activated,2024-07-25
U3439,first_transaction,2024-07-26
U3440,app_downloaded,2024-01-18
U3441,app_downloaded,2024-09-28
U3441,registered,2024-09-29
U3441,kyc_completed,2024-09-30
U3442,app_downloaded,2024-09-19
U3442,registered,2024-09-20
U3442,kyc_completed,2024-09-21
U3442,card_activated,2024-09-22
U3442,first_transaction,2024-09-23
U3443,app_downloaded,2024-04-30
U3444,app_downloaded,2024-11-13
U3444,registered,2024-11-14
U3445,app_downloaded,2024-02-27
U3445,registered,2024-02-28
U3445,kyc_completed,2024-02-29
U3445,card_activated,2024-03-01
U3445,first_transaction,2024-03-02
U3446,app_downloaded,2024-09-30
U3446,registered,2024-10-01
U3447,app_downloaded,2024-02-06
U3447,registered,2024-02-07
U3447,kyc_completed,2024-02-08
U3447,card_activated,2024-02-09
U3448,app_downloaded,2024-03-06
U3448,registered,2024-03-07
U3448,kyc_completed,2024-03-08
U3448,card_activated,2024-03-09
U3449,app_downloaded,2024-06-30
U3449,registered,2024-07-01
U3449,kyc_completed,2024-07-02
U3449,card_activated,2024-07-03
U3449,first_transaction,2024-07-04
U3450,app_downloaded,2024-04-11
U3450,registered,2024-04-12
U3450,kyc_completed,2024-04-13
U3450,card_activated,2024-04-14
U3450,first_transaction,2024-04-15
U3451,app_downloaded,2024-04-03
U3451,registered,2024-04-04
U3451,kyc_completed,2024-04-05
U3452,app_downloaded,2024-01-16
U3452,registered,2024-01-17
U3452,kyc_completed,2024-01-18
U3453,app_downloaded,2024-12-01
U3453,registered,2024-12-02
U3453,kyc_completed,2024-12-03
U3453,card_activated,2024-12-04
U3454,app_downloaded,2024-01-04
U3454,registered,2024-01-05
U3455,app_downloaded,2024-01-22
U3455,registered,2024-01-23
U3455,kyc_completed,2024-01-24
U3455,card_activated,2024-01-25
U3456,app_downloaded,2024-10-16
U3456,registered,2024-10-17
U3456,kyc_completed,2024-10-18
U3456,card_activated,2024-10-19
U3456,first_transaction,2024-10-20
U3457,app_downloaded,2024-09-12
U3457,registered,2024-09-13
U3457,kyc_completed,2024-09-14
U3457,card_activated,2024-09-15
U3457,first_transaction,2024-09-16
U3458,app_downloaded,2024-04-01
U3458,registered,2024-04-02
U3458,kyc_completed,2024-04-03
U3458,card_activated,2024-04-04
U3459,app_downloaded,2024-04-09
U3459,registered,2024-04-10
U3459,kyc_completed,2024-04-11
U3459,card_activated,2024-04-12
U3459,first_transaction,2024-04-13
U3460,app_downloaded,2024-07-25
U3460,registered,2024-07-26
U3460,kyc_completed,2024-07-27
U3460,card_activated,2024-07-28
U3461,app_downloaded,2024-10-13
U3461,registered,2024-10-14
U3461,kyc_completed,2024-10-15
U3462,app_downloaded,2024-04-12
U3462,registered,2024-04-13
U3462,kyc_completed,2024-04-14
U3462,card_activated,2024-04-15
U3463,app_downloaded,2024-06-22
U3463,registered,2024-06-23
U3463,kyc_completed,2024-06-24
U3463,card_activated,2024-06-25
U3463,first_transaction,2024-06-26
U3464,app_downloaded,2024-01-10
U3464,registered,2024-01-11
U3464,kyc_completed,2024-01-12
U3464,card_activated,2024-01-13
U3464,first_transaction,2024-01-14
U3465,app_downloaded,2024-02-22
U3465,registered,2024-02-23
U3465,kyc_completed,2024-02-24
U3465,card_activated,2024-02-25
U3465,first_transaction,2024-02-26
U3466,app_downloaded,2024-07-27
U3466,registered,2024-07-28
U3466,kyc_completed,2024-07-29
U3466,card_activated,2024-07-30
U3467,app_downloaded,2024-03-22
U3467,registered,2024-03-23
U3467,kyc_completed,2024-03-24
U3467,card_activated,2024-03-25
U3467,first_transaction,2024-03-26
U3468,app_downloaded,2024-11-03
U3468,registered,2024-11-04
U3468,kyc_completed,2024-11-05
U3468,card_activated,2024-11-06
U3469,app_downloaded,2024-12-05
U3469,registered,2024-12-06
U3469,kyc_completed,2024-12-07
U3470,app_downloaded,2024-05-03
U3470,registered,2024-05-04
U3470,kyc_completed,2024-05-05
U3470,card_activated,2024-05-06
U3470,first_transaction,2024-05-07
U3471,app_downloaded,2024-05-18
U3471,registered,2024-05-19
U3471,kyc_completed,2024-05-20
U3472,app_downloaded,2024-12-12
U3472,registered,2024-12-13
U3472,kyc_completed,2024-12-14
U3472,card_activated,2024-12-15
U3472,first_transaction,2024-12-16
U3473,app_downloaded,2024-12-16
U3473,registered,2024-12-17
U3474,app_downloaded,2024-05-30
U3474,registered,2024-05-31
U3474,kyc_completed,2024-06-01
U3474,card_activated,2024-06-02
U3474,first_transaction,2024-06-03
U3475,app_downloaded,2024-12-27
U3475,registered,2024-12-28
U3475,kyc_completed,2024-12-29
U3476,app_downloaded,2024-06-08
U3476,registered,2024-06-09
U3476,kyc_completed,2024-06-10
U3476,card_activated,2024-06-11
U3476,first_transaction,2024-06-12
U3477,app_downloaded,2024-10-20
U3478,app_downloaded,2024-06-01
U3479,app_downloaded,2024-09-11
U3479,registered,2024-09-12
U3480,app_downloaded,2024-05-20
U3480,registered,2024-05-21
U3480,kyc_completed,2024-05-22
U3480,card_activated,2024-05-23
U3480,first_transaction,2024-05-24
U3481,app_downloaded,2024-10-31
U3481,registered,2024-11-01
U3481,kyc_completed,2024-11-02
U3482,app_downloaded,2024-04-19
U3482,registered,2024-04-20
U3482,kyc_completed,2024-04-21
U3482,card_activated,2024-04-22
U3482,first_transaction,2024-04-23
U3483,app_downloaded,2024-03-03
U3483,registered,2024-03-04
U3483,kyc_completed,2024-03-05
U3483,card_activated,2024-03-06
U3483,first_transaction,2024-03-07
U3484,app_downloaded,2024-05-01
U3484,registered,2024-05-02
U3484,kyc_completed,2024-05-03
U3484,card_activated,2024-05-04
U3485,app_downloaded,2024-11-11
U3485,registered,2024-11-12
U3485,kyc_completed,2024-11-13
U3485,card_activated,2024-11-14
U3485,first_transaction,2024-11-15
U3486,app_downloaded,2024-09-25
U3486,registered,2024-09-26
U3486,kyc_completed,2024-09-27
U3487,app_downloaded,2024-07-15
U3487,registered,2024-07-16
U3487,kyc_completed,2024-07-17
U3487,card_activated,2024-07-18
U3487,first_transaction,2024-07-19
U3488,app_downloaded,2024-02-27
U3488,registered,2024-02-28
U3488,kyc_completed,2024-02-29
U3489,app_downloaded,2024-06-07
U3489,registered,2024-06-08
U3489,kyc_completed,2024-06-09
U3489,card_activated,2024-06-10
U3489,first_transaction,2024-06-11
U3490,app_downloaded,2024-09-08
U3490,registered,2024-09-09
U3491,app_downloaded,2024-10-10
U3491,registered,2024-10-11
U3491,kyc_completed,2024-10-12
U3491,card_activated,2024-10-13
U3491,first_transaction,2024-10-14
U3492,app_downloaded,2024-04-28
U3492,registered,2024-04-29
U3492,kyc_completed,2024-04-30
U3493,app_downloaded,2024-12-18
U3493,registered,2024-12-19
U3493,kyc_completed,2024-12-20
U3494,app_downloaded,2024-10-09
U3494,registered,2024-10-10
U3494,kyc_completed,2024-10-11
U3494,card_activated,2024-10-12
U3494,first_transaction,2024-10-13
U3495,app_downloaded,2024-02-11
U3495,registered,2024-02-12
U3495,kyc_completed,2024-02-13
U3495,card_activated,2024-02-14
U3495,first_transaction,2024-02-15
U3496,app_downloaded,2024-11-15
U3496,registered,2024-11-16
U3496,kyc_completed,2024-11-17
U3496,card_activated,2024-11-18
U3496,first_transaction,2024-11-19
U3497,app_downloaded,2024-12-04
U3497,registered,2024-12-05
U3497,kyc_completed,2024-12-06
U3498,app_downloaded,2024-05-09
U3498,registered,2024-05-10
U3499,app_downloaded,2024-04-19
U3499,registered,2024-04-20
U3499,kyc_completed,2024-04-21
U3499,card_activated,2024-04-22
U3499,first_transaction,2024-04-23
U3500,app_downloaded,2024-10-23
U3500,registered,2024-10-24
U3501,app_downloaded,2024-12-20
U3501,registered,2024-12-21
U3501,kyc_completed,2024-12-22
U3501,card_activated,2024-12-23
U3501,first_transaction,2024-12-24
U3502,app_downloaded,2024-07-28
U3502,registered,2024-07-29
U3502,kyc_completed,2024-07-30
U3502,card_activated,2024-07-31
U3503,app_downloaded,2024-03-03
U3503,registered,2024-03-04
U3503,kyc_completed,2024-03-05
U3503,card_activated,2024-03-06
U3503,first_transaction,2024-03-07
U3504,app_downloaded,2024-10-12
U3504,registered,2024-10-13
U3504,kyc_completed,2024-10-14
U3504,card_activated,2024-10-15
U3504,first_transaction,2024-10-16
U3505,app_downloaded,2024-07-07
U3505,registered,2024-07-08
U3506,app_downloaded,2024-12-26
U3506,registered,2024-12-27
U3507,app_downloaded,2024-06-22
U3507,registered,2024-06-23
U3507,kyc_completed,2024-06-24
U3507,card_activated,2024-06-25
U3508,app_downloaded,2024-02-28
U3508,registered,2024-02-29
U3508,kyc_completed,2024-03-01
U3508,card_activated,2024-03-02
U3509,app_downloaded,2024-06-10
U3509,registered,2024-06-11
U3509,kyc_completed,2024-06-12
U3509,card_activated,2024-06-13
U3509,first_transaction,2024-06-14
U3510,app_downloaded,2024-07-11
U3510,registered,2024-07-12
U3510,kyc_completed,2024-07-13
U3511,app_downloaded,2024-10-22
U3511,registered,2024-10-23
U3511,kyc_completed,2024-10-24
U3511,card_activated,2024-10-25
U3511,first_transaction,2024-10-26
U3512,app_downloaded,2024-01-03
U3512,registered,2024-01-04
U3512,kyc_completed,2024-01-05
U3512,card_activated,2024-01-06
U3512,first_transaction,2024-01-07
U3513,app_downloaded,2024-04-24
U3513,registered,2024-04-25
U3513,kyc_completed,2024-04-26
U3514,app_downloaded,2024-01-18
U3514,registered,2024-01-19
U3515,app_downloaded,2024-11-09
U3515,registered,2024-11-10
U3516,app_downloaded,2024-10-27
U3516,registered,2024-10-28
U3516,kyc_completed,2024-10-29
U3517,app_downloaded,2024-11-23
U3517,registered,2024-11-24
U3517,kyc_completed,2024-11-25
U3518,app_downloaded,2024-10-06
U3518,registered,2024-10-07
U3519,app_downloaded,2024-01-22
U3519,registered,2024-01-23
U3519,kyc_completed,2024-01-24
U3519,card_activated,2024-01-25
U3520,app_downloaded,2024-01-08
U3520,registered,2024-01-09
U3521,app_downloaded,2024-10-04
U3521,registered,2024-10-05
U3521,kyc_completed,2024-10-06
U3521,card_activated,2024-10-07
U3522,app_downloaded,2024-08-05
U3522,registered,2024-08-06
U3522,kyc_completed,2024-08-07
U3522,card_activated,2024-08-08
U3523,app_downloaded,2024-12-11
U3523,registered,2024-12-12
U3523,kyc_completed,2024-12-13
U3523,card_activated,2024-12-14
U3524,app_downloaded,2024-05-22
U3524,registered,2024-05-23
U3524,kyc_completed,2024-05-24
U3524,card_activated,2024-05-25
U3525,app_downloaded,2024-10-29
U3525,registered,2024-10-30
U3525,kyc_completed,2024-10-31
U3525,card_activated,2024-11-01
U3525,first_transaction,2024-11-02
U3526,app_downloaded,2024-08-30
U3526,registered,2024-08-31
U3526,kyc_completed,2024-09-01
U3526,card_activated,2024-09-02
U3526,first_transaction,2024-09-03
U3527,app_downloaded,2024-10-05
U3527,registered,2024-10-06
U3528,app_downloaded,2024-12-03
U3528,registered,2024-12-04
U3528,kyc_completed,2024-12-05
U3528,card_activated,2024-12-06
U3528,first_transaction,2024-12-07
U3529,app_downloaded,2024-03-11
U3530,app_downloaded,2024-10-01
U3530,registered,2024-10-02
U3530,kyc_completed,2024-10-03
U3530,card_activated,2024-10-04
U3530,first_transaction,2024-10-05
U3531,app_downloaded,2024-10-05
U3531,registered,2024-10-06
U3531,kyc_completed,2024-10-07
U3531,card_activated,2024-10-08
U3531,first_transaction,2024-10-09
U3532,app_downloaded,2024-08-24
U3532,registered,2024-08-25
U3532,kyc_completed,2024-08-26
U3533,app_downloaded,2024-11-23
U3533,registered,2024-11-24
U3534,app_downloaded,2024-03-31
U3534,registered,2024-04-01
U3534,kyc_completed,2024-04-02
U3534,card_activated,2024-04-03
U3535,app_downloaded,2024-07-04
U3535,registered,2024-07-05
U3536,app_downloaded,2024-07-25
U3537,app_downloaded,2024-09-03
U3537,registered,2024-09-04
U3537,kyc_completed,2024-09-05
U3537,card_activated,2024-09-06
U3537,first_transaction,2024-09-07
U3538,app_downloaded,2024-02-29
U3539,app_downloaded,2024-08-14
U3539,registered,2024-08-15
U3539,kyc_completed,2024-08-16
U3539,card_activated,2024-08-17
U3540,app_downloaded,2024-02-11
U3540,registered,2024-02-12
U3540,kyc_completed,2024-02-13
U3540,card_activated,2024-02-14
U3540,first_transaction,2024-02-15
U3541,app_downloaded,2024-03-03
U3541,registered,2024-03-04
U3541,kyc_completed,2024-03-05
U3541,card_activated,2024-03-06
U3542,app_downloaded,2024-11-27
U3542,registered,2024-11-28
U3542,kyc_completed,2024-11-29
U3543,app_downloaded,2024-02-20
U3543,registered,2024-02-21
U3543,kyc_completed,2024-02-22
U3544,app_downloaded,2024-06-12
U3544,registered,2024-06-13
U3544,kyc_completed,2024-06-14
U3544,card_activated,2024-06-15
U3544,first_transaction,2024-06-16
U3545,app_downloaded,2024-01-19
U3545,registered,2024-01-20
U3545,kyc_completed,2024-01-21
U3545,card_activated,2024-01-22
U3546,app_downloaded,2024-02-16
U3547,app_downloaded,2024-04-17
U3547,registered,2024-04-18
U3547,kyc_completed,2024-04-19
U3547,card_activated,2024-04-20
U3547,first_transaction,2024-04-21
U3548,app_downloaded,2024-06-25
U3548,registered,2024-06-26
U3548,kyc_completed,2024-06-27
U3548,card_activated,2024-06-28
U3549,app_downloaded,2024-04-28
U3549,registered,2024-04-29
U3549,kyc_completed,2024-04-30
U3549,card_activated,2024-05-01
U3550,app_downloaded,2024-12-19
U3550,registered,2024-12-20
U3550,kyc_completed,2024-12-21
U3550,card_activated,2024-12-22
U3550,first_transaction,2024-12-23
U3551,app_downloaded,2024-09-24
U3551,registered,2024-09-25
U3552,app_downloaded,2024-02-08
U3552,registered,2024-02-09
U3552,kyc_completed,2024-02-10
U3552,card_activated,2024-02-11
U3552,first_transaction,2024-02-12
U3553,app_downloaded,2024-04-07
U3554,app_downloaded,2024-01-14
U3554,registered,2024-01-15
U3555,app_downloaded,2024-01-15
U3555,registered,2024-01-16
U3555,kyc_completed,2024-01-17
U3555,card_activated,2024-01-18
U3555,first_transaction,2024-01-19
U3556,app_downloaded,2024-06-04
U3556,registered,2024-06-05
U3556,kyc_completed,2024-06-06
U3556,card_activated,2024-06-07
U3556,first_transaction,2024-06-08
U3557,app_downloaded,2024-07-26
U3557,registered,2024-07-27
U3557,kyc_completed,2024-07-28
U3557,card_activated,2024-07-29
U3558,app_downloaded,2024-02-15
U3558,registered,2024-02-16
U3558,kyc_completed,2024-02-17
U3558,card_activated,2024-02-18
U3558,first_transaction,2024-02-19
U3559,app_downloaded,2024-04-13
U3559,registered,2024-04-14
U3559,kyc_completed,2024-04-15
U3559,card_activated,2024-04-16
U3559,first_transaction,2024-04-17
U3560,app_downloaded,2024-01-17
U3560,registered,2024-01-18
U3560,kyc_completed,2024-01-19
U3560,card_activated,2024-01-20
U3561,app_downloaded,2024-09-11
U3561,registered,2024-09-12
U3561,kyc_completed,2024-09-13
U3561,card_activated,2024-09-14
U3561,first_transaction,2024-09-15
U3562,app_downloaded,2024-11-29
U3562,registered,2024-11-30
U3562,kyc_completed,2024-12-01
U3562,card_activated,2024-12-02
U3562,first_transaction,2024-12-03
U3563,app_downloaded,2024-10-15
U3563,registered,2024-10-16
U3563,kyc_completed,2024-10-17
U3563,card_activated,2024-10-18
U3563,first_transaction,2024-10-19
U3564,app_downloaded,2024-12-11
U3564,registered,2024-12-12
U3564,kyc_completed,2024-12-13
U3565,app_downloaded,2024-01-01
U3565,registered,2024-01-02
U3565,kyc_completed,2024-01-03
U3566,app_downloaded,2024-03-27
U3566,registered,2024-03-28
U3566,kyc_completed,2024-03-29
U3566,card_activated,2024-03-30
U3566,first_transaction,2024-03-31
U3567,app_downloaded,2024-09-14
U3567,registered,2024-09-15
U3567,kyc_completed,2024-09-16
U3567,card_activated,2024-09-17
U3567,first_transaction,2024-09-18
U3568,app_downloaded,2024-07-13
U3568,registered,2024-07-14
U3568,kyc_completed,2024-07-15
U3568,card_activated,2024-07-16
U3568,first_transaction,2024-07-17
U3569,app_downloaded,2024-06-18
U3569,registered,2024-06-19
U3569,kyc_completed,2024-06-20
U3570,app_downloaded,2024-12-12
U3570,registered,2024-12-13
U3570,kyc_completed,2024-12-14
U3570,card_activated,2024-12-15
U3570,first_transaction,2024-12-16
U3571,app_downloaded,2024-10-18
U3571,registered,2024-10-19
U3571,kyc_completed,2024-10-20
U3571,card_activated,2024-10-21
U3572,app_downloaded,2024-07-11
U3572,registered,2024-07-12
U3572,kyc_completed,2024-07-13
U3572,card_activated,2024-07-14
U3572,first_transaction,2024-07-15
U3573,app_downloaded,2024-09-12
U3573,registered,2024-09-13
U3574,app_downloaded,2024-12-18
U3574,registered,2024-12-19
U3574,kyc_completed,2024-12-20
U3575,app_downloaded,2024-03-12
U3575,registered,2024-03-13
U3575,kyc_completed,2024-03-14
U3575,card_activated,2024-03-15
U3576,app_downloaded,2024-01-18
U3576,registered,2024-01-19
U3576,kyc_completed,2024-01-20
U3576,card_activated,2024-01-21
U3577,app_downloaded,2024-01-29
U3577,registered,2024-01-30
U3577,kyc_completed,2024-01-31
U3577,card_activated,2024-02-01
U3577,first_transaction,2024-02-02
U3578,app_downloaded,2024-02-16
U3578,registered,2024-02-17
U3578,kyc_completed,2024-02-18
U3578,card_activated,2024-02-19
U3578,first_transaction,2024-02-20
U3579,app_downloaded,2024-03-14
U3579,registered,2024-03-15
U3579,kyc_completed,2024-03-16
U3579,card_activated,2024-03-17
U3579,first_transaction,2024-03-18
U3580,app_downloaded,2024-10-15
U3580,registered,2024-10-16
U3580,kyc_completed,2024-10-17
U3580,card_activated,2024-10-18
U3580,first_transaction,2024-10-19
U3581,app_downloaded,2024-01-09
U3581,registered,2024-01-10
U3581,kyc_completed,2024-01-11
U3581,card_activated,2024-01-12
U3581,first_transaction,2024-01-13
U3582,app_downloaded,2024-01-10
U3582,registered,2024-01-11
U3582,kyc_completed,2024-01-12
U3582,card_activated,2024-01-13
U3582,first_transaction,2024-01-14
U3583,app_downloaded,2024-09-29
U3583,registered,2024-09-30
U3584,app_downloaded,2024-09-14
U3584,registered,2024-09-15
U3584,kyc_completed,2024-09-16
U3585,app_downloaded,2024-07-03
U3585,registered,2024-07-04
U3585,kyc_completed,2024-07-05
U3585,card_activated,2024-07-06
U3585,first_transaction,2024-07-07
U3586,app_downloaded,2024-01-21
U3586,registered,2024-01-22
U3586,kyc_completed,2024-01-23
U3587,app_downloaded,2024-06-09
U3588,app_downloaded,2024-02-23
U3588,registered,2024-02-24
U3588,kyc_completed,2024-02-25
U3588,card_activated,2024-02-26
U3589,app_downloaded,2024-06-23
U3589,registered,2024-06-24
U3589,kyc_completed,2024-06-25
U3589,card_activated,2024-06-26
U3589,first_transaction,2024-06-27
U3590,app_downloaded,2024-08-24
U3590,registered,2024-08-25
U3590,kyc_completed,2024-08-26
U3590,card_activated,2024-08-27
U3591,app_downloaded,2024-02-22
U3591,registered,2024-02-23
U3591,kyc_completed,2024-02-24
U3591,card_activated,2024-02-25
U3591,first_transaction,2024-02-26
U3592,app_downloaded,2024-11-18
U3592,registered,2024-11-19
U3593,app_downloaded,2024-10-21
U3593,registered,2024-10-22
U3594,app_downloaded,2024-09-05
U3594,registered,2024-09-06
U3594,kyc_completed,2024-09-07
U3594,card_activated,2024-09-08
U3594,first_transaction,2024-09-09
U3595,app_downloaded,2024-09-10
U3595,registered,2024-09-11
U3595,kyc_completed,2024-09-12
U3595,card_activated,2024-09-13
U3595,first_transaction,2024-09-14
U3596,app_downloaded,2024-08-23
U3596,registered,2024-08-24
U3596,kyc_completed,2024-08-25
U3596,card_activated,2024-08-26
U3596,first_transaction,2024-08-27
U3597,app_downloaded,2024-11-05
U3597,registered,2024-11-06
U3598,app_downloaded,2024-06-05
U3599,app_downloaded,2024-05-22
U3599,registered,2024-05-23
U3600,app_downloaded,2024-04-20
U3600,registered,2024-04-21
U3601,app_downloaded,2024-06-17
U3601,registered,2024-06-18
U3601,kyc_completed,2024-06-19
U3601,card_activated,2024-06-20
U3602,app_downloaded,2024-06-14
U3602,registered,2024-06-15
U3602,kyc_completed,2024-06-16
U3602,card_activated,2024-06-17
U3603,app_downloaded,2024-02-11
U3603,registered,2024-02-12
U3603,kyc_completed,2024-02-13
U3604,app_downloaded,2024-12-25
U3604,registered,2024-12-26
U3604,kyc_completed,2024-12-27
U3604,card_activated,2024-12-28
U3605,app_downloaded,2024-09-13
U3605,registered,2024-09-14
U3605,kyc_completed,2024-09-15
U3605,card_activated,2024-09-16
U3605,first_transaction,2024-09-17
U3606,app_downloaded,2024-12-30
U3606,registered,2024-12-31
U3606,kyc_completed,2025-01-01
U3606,card_activated,2025-01-02
U3606,first_transaction,2025-01-03
U3607,app_downloaded,2024-01-02
U3607,registered,2024-01-03
U3607,kyc_completed,2024-01-04
U3607,card_activated,2024-01-05
U3608,app_downloaded,2024-01-01
U3608,registered,2024-01-02
U3608,kyc_completed,2024-01-03
U3609,app_downloaded,2024-02-19
U3609,registered,2024-02-20
U3609,kyc_completed,2024-02-21
U3609,card_activated,2024-02-22
U3609,first_transaction,2024-02-23
U3610,app_downloaded,2024-03-22
U3610,registered,2024-03-23
U3610,kyc_completed,2024-03-24
U3611,app_downloaded,2024-02-23
U3611,registered,2024-02-24
U3611,kyc_completed,2024-02-25
U3612,app_downloaded,2024-10-14
U3612,registered,2024-10-15
U3612,kyc_completed,2024-10-16
U3612,card_activated,2024-10-17
U3612,first_transaction,2024-10-18
U3613,app_downloaded,2024-04-29
U3613,registered,2024-04-30
U3614,app_downloaded,2024-12-24
U3614,registered,2024-12-25
U3614,kyc_completed,2024-12-26
U3614,card_activated,2024-12-27
U3615,app_downloaded,2024-08-04
U3615,registered,2024-08-05
U3615,kyc_completed,2024-08-06
U3615,card_activated,2024-08-07
U3615,first_transaction,2024-08-08
U3616,app_downloaded,2024-01-26
U3616,registered,2024-01-27
U3616,kyc_completed,2024-01-28
U3616,card_activated,2024-01-29
U3616,first_transaction,2024-01-30
U3617,app_downloaded,2024-06-12
U3617,registered,2024-06-13
U3617,kyc_completed,2024-06-14
U3617,card_activated,2024-06-15
U3617,first_transaction,2024-06-16
U3618,app_downloaded,2024-02-11
U3618,registered,2024-02-12
U3618,kyc_completed,2024-02-13
U3619,app_downloaded,2024-07-09
U3619,registered,2024-07-10
U3619,kyc_completed,2024-07-11
U3619,card_activated,2024-07-12
U3620,app_downloaded,2024-05-08
U3620,registered,2024-05-09
U3620,kyc_completed,2024-05-10
U3620,card_activated,2024-05-11
U3621,app_downloaded,2024-10-31
U3621,registered,2024-11-01
U3621,kyc_completed,2024-11-02
U3621,card_activated,2024-11-03
U3622,app_downloaded,2024-01-21
U3622,registered,2024-01-22
U3622,kyc_completed,2024-01-23
U3622,card_activated,2024-01-24
U3622,first_transaction,2024-01-25
U3623,app_downloaded,2024-09-15
U3623,registered,2024-09-16
U3623,kyc_completed,2024-09-17
U3624,app_downloaded,2024-02-19
U3624,registered,2024-02-20
U3624,kyc_completed,2024-02-21
U3625,app_downloaded,2024-07-27
U3625,registered,2024-07-28
U3625,kyc_completed,2024-07-29
U3626,app_downloaded,2024-08-19
U3626,registered,2024-08-20
U3626,kyc_completed,2024-08-21
U3626,card_activated,2024-08-22
U3626,first_transaction,2024-08-23
U3627,app_downloaded,2024-07-10
U3627,registered,2024-07-11
U3627,kyc_completed,2024-07-12
U3628,app_downloaded,2024-12-09
U3628,registered,2024-12-10
U3628,kyc_completed,2024-12-11
U3628,card_activated,2024-12-12
U3628,first_transaction,2024-12-13
U3629,app_downloaded,2024-07-12
U3629,registered,2024-07-13
U3629,kyc_completed,2024-07-14
U3629,card_activated,2024-07-15
U3629,first_transaction,2024-07-16
U3630,app_downloaded,2024-05-28
U3630,registered,2024-05-29
U3630,kyc_completed,2024-05-30
U3630,card_activated,2024-05-31
U3630,first_transaction,2024-06-01
U3631,app_downloaded,2024-08-27
U3631,registered,2024-08-28
U3632,app_downloaded,2024-10-07
U3632,registered,2024-10-08
U3632,kyc_completed,2024-10-09
U3632,card_activated,2024-10-10
U3633,app_downloaded,2024-04-13
U3633,registered,2024-04-14
U3633,kyc_completed,2024-04-15
U3633,card_activated,2024-04-16
U3633,first_transaction,2024-04-17
U3634,app_downloaded,2024-09-18
U3634,registered,2024-09-19
U3634,kyc_completed,2024-09-20
U3634,card_activated,2024-09-21
U3635,app_downloaded,2024-07-10
U3635,registered,2024-07-11
U3635,kyc_completed,2024-07-12
U3635,card_activated,2024-07-13
U3635,first_transaction,2024-07-14
U3636,app_downloaded,2024-10-09
U3636,registered,2024-10-10
U3636,kyc_completed,2024-10-11
U3636,card_activated,2024-10-12
U3636,first_transaction,2024-10-13
U3637,app_downloaded,2024-05-26
U3637,registered,2024-05-27
U3637,kyc_completed,2024-05-28
U3637,card_activated,2024-05-29
U3637,first_transaction,2024-05-30
U3638,app_downloaded,2024-09-13
U3638,registered,2024-09-14
U3638,kyc_completed,2024-09-15
U3638,card_activated,2024-09-16
U3638,first_transaction,2024-09-17
U3639,app_downloaded,2024-11-29
U3639,registered,2024-11-30
U3639,kyc_completed,2024-12-01
U3640,app_downloaded,2024-01-28
U3640,registered,2024-01-29
U3640,kyc_completed,2024-01-30
U3640,card_activated,2024-01-31
U3640,first_transaction,2024-02-01
U3641,app_downloaded,2024-12-11
U3641,registered,2024-12-12
U3641,kyc_completed,2024-12-13
U3641,card_activated,2024-12-14
U3642,app_downloaded,2024-07-16
U3642,registered,2024-07-17
U3643,app_downloaded,2024-06-26
U3643,registered,2024-06-27
U3643,kyc_completed,2024-06-28
U3644,app_downloaded,2024-12-10
U3644,registered,2024-12-11
U3645,app_downloaded,2024-06-04
U3645,registered,2024-06-05
U3645,kyc_completed,2024-06-06
U3645,card_activated,2024-06-07
U3646,app_downloaded,2024-04-13
U3646,registered,2024-04-14
U3646,kyc_completed,2024-04-15
U3646,card_activated,2024-04-16
U3646,first_transaction,2024-04-17
U3647,app_downloaded,2024-05-14
U3647,registered,2024-05-15
U3647,kyc_completed,2024-05-16
U3647,card_activated,2024-05-17
U3648,app_downloaded,2024-07-17
U3648,registered,2024-07-18
U3649,app_downloaded,2024-02-18
U3650,app_downloaded,2024-10-09
U3650,registered,2024-10-10
U3650,kyc_completed,2024-10-11
U3650,card_activated,2024-10-12
U3651,app_downloaded,2024-09-26
U3651,registered,2024-09-27
U3651,kyc_completed,2024-09-28
U3651,card_activated,2024-09-29
U3652,app_downloaded,2024-08-09
U3652,registered,2024-08-10
U3652,kyc_completed,2024-08-11
U3653,app_downloaded,2024-03-17
U3653,registered,2024-03-18
U3653,kyc_completed,2024-03-19
U3653,card_activated,2024-03-20
U3654,app_downloaded,2024-07-25
U3654,registered,2024-07-26
U3654,kyc_completed,2024-07-27
U3654,card_activated,2024-07-28
U3654,first_transaction,2024-07-29
U3655,app_downloaded,2024-02-25
U3655,registered,2024-02-26
U3655,kyc_completed,2024-02-27
U3656,app_downloaded,2024-03-01
U3656,registered,2024-03-02
U3656,kyc_completed,2024-03-03
U3656,card_activated,2024-03-04
U3656,first_transaction,2024-03-05
U3657,app_downloaded,2024-07-03
U3657,registered,2024-07-04
U3657,kyc_completed,2024-07-05
U3658,app_downloaded,2024-12-16
U3658,registered,2024-12-17
U3658,kyc_completed,2024-12-18
U3658,card_activated,2024-12-19
U3658,first_transaction,2024-12-20
U3659,app_downloaded,2024-09-08
U3659,registered,2024-09-09
U3659,kyc_completed,2024-09-10
U3659,card_activated,2024-09-11
U3660,app_downloaded,2024-03-19
U3661,app_downloaded,2024-01-24
U3661,registered,2024-01-25
U3661,kyc_completed,2024-01-26
U3661,card_activated,2024-01-27
U3662,app_downloaded,2024-10-15
U3662,registered,2024-10-16
U3662,kyc_completed,2024-10-17
U3662,card_activated,2024-10-18
U3662,first_transaction,2024-10-19
U3663,app_downloaded,2024-09-06
U3663,registered,2024-09-07
U3663,kyc_completed,2024-09-08
U3663,card_activated,2024-09-09
U3663,first_transaction,2024-09-10
U3664,app_downloaded,2024-02-09
U3664,registered,2024-02-10
U3664,kyc_completed,2024-02-11
U3664,card_activated,2024-02-12
U3664,first_transaction,2024-02-13
U3665,app_downloaded,2024-05-26
U3665,registered,2024-05-27
U3665,kyc_completed,2024-05-28
U3665,card_activated,2024-05-29
U3666,app_downloaded,2024-06-15
U3666,registered,2024-06-16
U3666,kyc_completed,2024-06-17
U3666,card_activated,2024-06-18
U3666,first_transaction,2024-06-19
U3667,app_downloaded,2024-02-17
U3667,registered,2024-02-18
U3667,kyc_completed,2024-02-19
U3667,card_activated,2024-02-20
U3667,first_transaction,2024-02-21
U3668,app_downloaded,2024-03-25
U3668,registered,2024-03-26
U3668,kyc_completed,2024-03-27
U3669,app_downloaded,2024-09-24
U3669,registered,2024-09-25
U3669,kyc_completed,2024-09-26
U3669,card_activated,2024-09-27
U3669,first_transaction,2024-09-28
U3670,app_downloaded,2024-05-04
U3670,registered,2024-05-05
U3670,kyc_completed,2024-05-06
U3670,card_activated,2024-05-07
U3670,first_transaction,2024-05-08
U3671,app_downloaded,2024-07-21
U3672,app_downloaded,2024-09-06
U3672,registered,2024-09-07
U3672,kyc_completed,2024-09-08
U3673,app_downloaded,2024-09-19
U3673,registered,2024-09-20
U3673,kyc_completed,2024-09-21
U3673,card_activated,2024-09-22
U3673,first_transaction,2024-09-23
U3674,app_downloaded,2024-07-22
U3674,registered,2024-07-23
U3674,kyc_completed,2024-07-24
U3674,card_activated,2024-07-25
U3675,app_downloaded,2024-04-23
U3675,registered,2024-04-24
U3675,kyc_completed,2024-04-25
U3676,app_downloaded,2024-07-02
U3676,registered,2024-07-03
U3676,kyc_completed,2024-07-04
U3677,app_downloaded,2024-07-29
U3677,registered,2024-07-30
U3678,app_downloaded,2024-12-11
U3678,registered,2024-12-12
U3679,app_downloaded,2024-08-04
U3679,registered,2024-08-05
U3679,kyc_completed,2024-08-06
U3680,app_downloaded,2024-11-29
U3680,registered,2024-11-30
U3680,kyc_completed,2024-12-01
U3680,card_activated,2024-12-02
U3680,first_transaction,2024-12-03
U3681,app_downloaded,2024-12-03
U3681,registered,2024-12-04
U3681,kyc_completed,2024-12-05
U3681,card_activated,2024-12-06
U3682,app_downloaded,2024-12-15
U3682,registered,2024-12-16
U3682,kyc_completed,2024-12-17
U3682,card_activated,2024-12-18
U3682,first_transaction,2024-12-19
U3683,app_downloaded,2024-08-21
U3683,registered,2024-08-22
U3684,app_downloaded,2024-08-03
U3684,registered,2024-08-04
U3685,app_downloaded,2024-12-13
U3685,registered,2024-12-14
U3686,app_downloaded,2024-10-04
U3686,registered,2024-10-05
U3686,kyc_completed,2024-10-06
U3686,card_activated,2024-10-07
U3687,app_downloaded,2024-07-26
U3687,registered,2024-07-27
U3687,kyc_completed,2024-07-28
U3687,card_activated,2024-07-29
U3687,first_transaction,2024-07-30
U3688,app_downloaded,2024-06-13
U3688,registered,2024-06-14
U3688,kyc_completed,2024-06-15
U3688,card_activated,2024-06-16
U3688,first_transaction,2024-06-17
U3689,app_downloaded,2024-06-16
U3689,registered,2024-06-17
U3689,kyc_completed,2024-06-18
U3689,card_activated,2024-06-19
U3690,app_downloaded,2024-11-06
U3691,app_downloaded,2024-06-20
U3691,registered,2024-06-21
U3691,kyc_completed,2024-06-22
U3691,card_activated,2024-06-23
U3691,first_transaction,2024-06-24
U3692,app_downloaded,2024-11-20
U3692,registered,2024-11-21
U3692,kyc_completed,2024-11-22
U3692,card_activated,2024-11-23
U3692,first_transaction,2024-11-24
U3693,app_downloaded,2024-01-03
U3693,registered,2024-01-04
U3693,kyc_completed,2024-01-05
U3693,card_activated,2024-01-06
U3693,first_transaction,2024-01-07
U3694,app_downloaded,2024-05-27
U3694,registered,2024-05-28
U3694,kyc_completed,2024-05-29
U3694,card_activated,2024-05-30
U3695,app_downloaded,2024-11-08
U3695,registered,2024-11-09
U3695,kyc_completed,2024-11-10
U3696,app_downloaded,2024-04-25
U3696,registered,2024-04-26
U3697,app_downloaded,2024-02-03
U3697,registered,2024-02-04
U3697,kyc_completed,2024-02-05
U3698,app_downloaded,2024-02-15
U3698,registered,2024-02-16
U3698,kyc_completed,2024-02-17
U3698,card_activated,2024-02-18
U3698,first_transaction,2024-02-19
U3699,app_downloaded,2024-03-13
U3699,registered,2024-03-14
U3699,kyc_completed,2024-03-15
U3699,card_activated,2024-03-16
U3700,app_downloaded,2024-04-11
U3700,registered,2024-04-12
U3700,kyc_completed,2024-04-13
U3701,app_downloaded,2024-08-18
U3701,registered,2024-08-19
U3702,app_downloaded,2024-07-11
U3702,registered,2024-07-12
U3702,kyc_completed,2024-07-13
U3702,card_activated,2024-07-14
U3702,first_transaction,2024-07-15
U3703,app_downloaded,2024-06-18
U3703,registered,2024-06-19
U3703,kyc_completed,2024-06-20
U3703,card_activated,2024-06-21
U3704,app_downloaded,2024-11-28
U3704,registered,2024-11-29
U3704,kyc_completed,2024-11-30
U3704,card_activated,2024-12-01
U3704,first_transaction,2024-12-02
U3705,app_downloaded,2024-02-03
U3706,app_downloaded,2024-04-22
U3706,registered,2024-04-23
U3706,kyc_completed,2024-04-24
U3706,card_activated,2024-04-25
U3707,app_downloaded,2024-07-31
U3707,registered,2024-08-01
U3707,kyc_completed,2024-08-02
U3707,card_activated,2024-08-03
U3708,app_downloaded,2024-10-20
U3708,registered,2024-10-21
U3708,kyc_completed,2024-10-22
U3708,card_activated,2024-10-23
U3708,first_transaction,2024-10-24
U3709,app_downloaded,2024-03-01
U3710,app_downloaded,2024-03-20
U3710,registered,2024-03-21
U3710,kyc_completed,2024-03-22
U3711,app_downloaded,2024-03-08
U3711,registered,2024-03-09
U3711,kyc_completed,2024-03-10
U3711,card_activated,2024-03-11
U3712,app_downloaded,2024-12-24
U3712,registered,2024-12-25
U3712,kyc_completed,2024-12-26
U3712,card_activated,2024-12-27
U3712,first_transaction,2024-12-28
U3713,app_downloaded,2024-07-19
U3713,registered,2024-07-20
U3713,kyc_completed,2024-07-21
U3714,app_downloaded,2024-09-06
U3714,registered,2024-09-07
U3714,kyc_completed,2024-09-08
U3714,card_activated,2024-09-09
U3715,app_downloaded,2024-07-29
U3715,registered,2024-07-30
U3716,app_downloaded,2024-06-24
U3716,registered,2024-06-25
U3716,kyc_completed,2024-06-26
U3716,card_activated,2024-06-27
U3716,first_transaction,2024-06-28
U3717,app_downloaded,2024-07-14
U3717,registered,2024-07-15
U3717,kyc_completed,2024-07-16
U3717,card_activated,2024-07-17
U3718,app_downloaded,2024-03-26
U3718,registered,2024-03-27
U3718,kyc_completed,2024-03-28
U3718,card_activated,2024-03-29
U3718,first_transaction,2024-03-30
U3719,app_downloaded,2024-05-20
U3719,registered,2024-05-21
U3719,kyc_completed,2024-05-22
U3719,card_activated,2024-05-23
U3719,first_transaction,2024-05-24
U3720,app_downloaded,2024-03-02
U3720,registered,2024-03-03
U3720,kyc_completed,2024-03-04
U3721,app_downloaded,2024-10-18
U3721,registered,2024-10-19
U3721,kyc_completed,2024-10-20
U3721,card_activated,2024-10-21
U3721,first_transaction,2024-10-22
U3722,app_downloaded,2024-05-08
U3722,registered,2024-05-09
U3723,app_downloaded,2024-05-04
U3723,registered,2024-05-05
U3723,kyc_completed,2024-05-06
U3723,card_activated,2024-05-07
U3724,app_downloaded,2024-06-27
U3724,registered,2024-06-28
U3724,kyc_completed,2024-06-29
U3724,card_activated,2024-06-30
U3724,first_transaction,2024-07-01
U3725,app_downloaded,2024-11-26
U3725,registered,2024-11-27
U3725,kyc_completed,2024-11-28
U3725,card_activated,2024-11-29
U3725,first_transaction,2024-11-30
U3726,app_downloaded,2024-06-21
U3726,registered,2024-06-22
U3726,kyc_completed,2024-06-23
U3726,card_activated,2024-06-24
U3727,app_downloaded,2024-06-13
U3727,registered,2024-06-14
U3727,kyc_completed,2024-06-15
U3728,app_downloaded,2024-10-01
U3728,registered,2024-10-02
U3728,kyc_completed,2024-10-03
U3728,card_activated,2024-10-04
U3729,app_downloaded,2024-03-28
U3729,registered,2024-03-29
U3729,kyc_completed,2024-03-30
U3729,card_activated,2024-03-31
U3730,app_downloaded,2024-03-26
U3730,registered,2024-03-27
U3730,kyc_completed,2024-03-28
U3730,card_activated,2024-03-29
U3730,first_transaction,2024-03-30
U3731,app_downloaded,2024-08-25
U3731,registered,2024-08-26
U3731,kyc_completed,2024-08-27
U3732,app_downloaded,2024-06-06
U3732,registered,2024-06-07
U3732,kyc_completed,2024-06-08
U3733,app_downloaded,2024-06-22
U3733,registered,2024-06-23
U3733,kyc_completed,2024-06-24
U3733,card_activated,2024-06-25
U3734,app_downloaded,2024-11-30
U3734,registered,2024-12-01
U3734,kyc_completed,2024-12-02
U3734,card_activated,2024-12-03
U3735,app_downloaded,2024-12-27
U3735,registered,2024-12-28
U3735,kyc_completed,2024-12-29
U3735,card_activated,2024-12-30
U3736,app_downloaded,2024-04-04
U3736,registered,2024-04-05
U3736,kyc_completed,2024-04-06
U3736,card_activated,2024-04-07
U3736,first_transaction,2024-04-08
U3737,app_downloaded,2024-08-05
U3737,registered,2024-08-06
U3737,kyc_completed,2024-08-07
U3737,card_activated,2024-08-08
U3738,app_downloaded,2024-09-05
U3738,registered,2024-09-06
U3738,kyc_completed,2024-09-07
U3738,card_activated,2024-09-08
U3739,app_downloaded,2024-04-04
U3739,registered,2024-04-05
U3739,kyc_completed,2024-04-06
U3739,card_activated,2024-04-07
U3739,first_transaction,2024-04-08
U3740,app_downloaded,2024-05-13
U3740,registered,2024-05-14
U3740,kyc_completed,2024-05-15
U3740,card_activated,2024-05-16
U3740,first_transaction,2024-05-17
U3741,app_downloaded,2024-02-19
U3741,registered,2024-02-20
U3741,kyc_completed,2024-02-21
U3741,card_activated,2024-02-22
U3741,first_transaction,2024-02-23
U3742,app_downloaded,2024-02-06
U3743,app_downloaded,2024-12-13
U3743,registered,2024-12-14
U3743,kyc_completed,2024-12-15
U3744,app_downloaded,2024-10-09
U3744,registered,2024-10-10
U3745,app_downloaded,2024-06-09
U3745,registered,2024-06-10
U3746,app_downloaded,2024-10-14
U3746,registered,2024-10-15
U3747,app_downloaded,2024-10-29
U3747,registered,2024-10-30
U3748,app_downloaded,2024-07-02
U3748,registered,2024-07-03
U3748,kyc_completed,2024-07-04
U3748,card_activated,2024-07-05
U3748,first_transaction,2024-07-06
U3749,app_downloaded,2024-04-20
U3749,registered,2024-04-21
U3749,kyc_completed,2024-04-22
U3750,app_downloaded,2024-05-27
U3750,registered,2024-05-28
U3750,kyc_completed,2024-05-29
U3750,card_activated,2024-05-30
U3750,first_transaction,2024-05-31
U3751,app_downloaded,2024-05-12
U3751,registered,2024-05-13
U3752,app_downloaded,2024-03-08
U3753,app_downloaded,2024-01-08
U3753,registered,2024-01-09
U3753,kyc_completed,2024-01-10
U3753,card_activated,2024-01-11
U3753,first_transaction,2024-01-12
U3754,app_downloaded,2024-05-06
U3754,registered,2024-05-07
U3754,kyc_completed,2024-05-08
U3754,card_activated,2024-05-09
U3755,app_downloaded,2024-02-07
U3755,registered,2024-02-08
U3755,kyc_completed,2024-02-09
U3755,card_activated,2024-02-10
U3755,first_transaction,2024-02-11
U3756,app_downloaded,2024-10-09
U3756,registered,2024-10-10
U3756,kyc_completed,2024-10-11
U3757,app_downloaded,2024-01-20
U3757,registered,2024-01-21
U3757,kyc_completed,2024-01-22
U3757,card_activated,2024-01-23
U3758,app_downloaded,2024-01-15
U3758,registered,2024-01-16
U3758,kyc_completed,2024-01-17
U3759,app_downloaded,2024-10-04
U3759,registered,2024-10-05
U3759,kyc_completed,2024-10-06
U3759,card_activated,2024-10-07
U3759,first_transaction,2024-10-08
U3760,app_downloaded,2024-01-31
U3760,registered,2024-02-01
U3760,kyc_completed,2024-02-02
U3760,card_activated,2024-02-03
U3760,first_transaction,2024-02-04
U3761,app_downloaded,2024-08-02
U3761,registered,2024-08-03
U3761,kyc_completed,2024-08-04
U3761,card_activated,2024-08-05
U3761,first_transaction,2024-08-06
U3762,app_downloaded,2024-05-04
U3762,registered,2024-05-05
U3762,kyc_completed,2024-05-06
U3763,app_downloaded,2024-01-30
U3763,registered,2024-01-31
U3763,kyc_completed,2024-02-01
U3763,card_activated,2024-02-02
U3763,first_transaction,2024-02-03
U3764,app_downloaded,2024-06-22
U3764,registered,2024-06-23
U3764,kyc_completed,2024-06-24
U3764,card_activated,2024-06-25
U3764,first_transaction,2024-06-26
U3765,app_downloaded,2024-07-22
U3765,registered,2024-07-23
U3765,kyc_completed,2024-07-24
U3766,app_downloaded,2024-03-14
U3766,registered,2024-03-15
U3766,kyc_completed,2024-03-16
U3767,app_downloaded,2024-04-15
U3767,registered,2024-04-16
U3767,kyc_completed,2024-04-17
U3767,card_activated,2024-04-18
U3767,first_transaction,2024-04-19
U3768,app_downloaded,2024-11-18
U3768,registered,2024-11-19
U3768,kyc_completed,2024-11-20
U3769,app_downloaded,2024-03-08
U3769,registered,2024-03-09
U3769,kyc_completed,2024-03-10
U3769,card_activated,2024-03-11
U3770,app_downloaded,2024-08-25
U3770,registered,2024-08-26
U3771,app_downloaded,2024-03-20
U3771,registered,2024-03-21
U3771,kyc_completed,2024-03-22
U3772,app_downloaded,2024-06-21
U3772,registered,2024-06-22
U3772,kyc_completed,2024-06-23
U3773,app_downloaded,2024-12-24
U3773,registered,2024-12-25
U3773,kyc_completed,2024-12-26
U3773,card_activated,2024-12-27
U3773,first_transaction,2024-12-28
U3774,app_downloaded,2024-06-21
U3774,registered,2024-06-22
U3774,kyc_completed,2024-06-23
U3774,card_activated,2024-06-24
U3774,first_transaction,2024-06-25
U3775,app_downloaded,2024-09-09
U3775,registered,2024-09-10
U3775,kyc_completed,2024-09-11
U3775,card_activated,2024-09-12
U3775,first_transaction,2024-09-13
U3776,app_downloaded,2024-03-29
U3776,registered,2024-03-30
U3776,kyc_completed,2024-03-31
U3776,card_activated,2024-04-01
U3777,app_downloaded,2024-10-06
U3777,registered,2024-10-07
U3777,kyc_completed,2024-10-08
U3777,card_activated,2024-10-09
U3777,first_transaction,2024-10-10
U3778,app_downloaded,2024-09-12
U3779,app_downloaded,2024-02-12
U3779,registered,2024-02-13
U3779,kyc_completed,2024-02-14
U3779,card_activated,2024-02-15
U3780,app_downloaded,2024-08-25
U3780,registered,2024-08-26
U3780,kyc_completed,2024-08-27
U3781,app_downloaded,2024-03-23
U3781,registered,2024-03-24
U3781,kyc_completed,2024-03-25
U3781,card_activated,2024-03-26
U3782,app_downloaded,2024-05-31
U3782,registered,2024-06-01
U3782,kyc_completed,2024-06-02
U3782,card_activated,2024-06-03
U3782,first_transaction,2024-06-04
U3783,app_downloaded,2024-10-15
U3783,registered,2024-10-16
U3783,kyc_completed,2024-10-17
U3783,card_activated,2024-10-18
U3783,first_transaction,2024-10-19
U3784,app_downloaded,2024-05-01
U3784,registered,2024-05-02
U3784,kyc_completed,2024-05-03
U3784,card_activated,2024-05-04
U3784,first_transaction,2024-05-05
U3785,app_downloaded,2024-05-17
U3785,registered,2024-05-18
U3785,kyc_completed,2024-05-19
U3785,card_activated,2024-05-20
U3785,first_transaction,2024-05-21
U3786,app_downloaded,2024-01-16
U3786,registered,2024-01-17
U3786,kyc_completed,2024-01-18
U3786,card_activated,2024-01-19
U3786,first_transaction,2024-01-20
U3787,app_downloaded,2024-12-30
U3787,registered,2024-12-31
U3787,kyc_completed,2025-01-01
U3787,card_activated,2025-01-02
U3787,first_transaction,2025-01-03
U3788,app_downloaded,2024-10-28
U3788,registered,2024-10-29
U3788,kyc_completed,2024-10-30
U3788,card_activated,2024-10-31
U3788,first_transaction,2024-11-01
U3789,app_downloaded,2024-01-14
U3789,registered,2024-01-15
U3789,kyc_completed,2024-01-16
U3790,app_downloaded,2024-06-18
U3790,registered,2024-06-19
U3790,kyc_completed,2024-06-20
U3791,app_downloaded,2024-08-22
U3791,registered,2024-08-23
U3791,kyc_completed,2024-08-24
U3791,card_activated,2024-08-25
U3792,app_downloaded,2024-12-05
U3792,registered,2024-12-06
U3792,kyc_completed,2024-12-07
U3792,card_activated,2024-12-08
U3792,first_transaction,2024-12-09
U3793,app_downloaded,2024-08-21
U3793,registered,2024-08-22
U3793,kyc_completed,2024-08-23
U3793,card_activated,2024-08-24
U3793,first_transaction,2024-08-25
U3794,app_downloaded,2024-02-25
U3795,app_downloaded,2024-05-09
U3795,registered,2024-05-10
U3795,kyc_completed,2024-05-11
U3795,card_activated,2024-05-12
U3795,first_transaction,2024-05-13
U3796,app_downloaded,2024-02-21
U3796,registered,2024-02-22
U3796,kyc_completed,2024-02-23
U3796,card_activated,2024-02-24
U3796,first_transaction,2024-02-25
U3797,app_downloaded,2024-05-15
U3797,registered,2024-05-16
U3797,kyc_completed,2024-05-17
U3797,card_activated,2024-05-18
U3797,first_transaction,2024-05-19
U3798,app_downloaded,2024-02-07
U3798,registered,2024-02-08
U3798,kyc_completed,2024-02-09
U3798,card_activated,2024-02-10
U3799,app_downloaded,2024-01-04
U3799,registered,2024-01-05
U3799,kyc_completed,2024-01-06
U3799,card_activated,2024-01-07
U3799,first_transaction,2024-01-08
U3800,app_downloaded,2024-08-27
U3800,registered,2024-08-28
U3800,kyc_completed,2024-08-29
U3800,card_activated,2024-08-30
U3800,first_transaction,2024-08-31
U3801,app_downloaded,2024-03-28
U3801,registered,2024-03-29
U3801,kyc_completed,2024-03-30
U3801,card_activated,2024-03-31
U3801,first_transaction,2024-04-01
U3802,app_downloaded,2024-06-15
U3802,registered,2024-06-16
U3802,kyc_completed,2024-06-17
U3802,card_activated,2024-06-18
U3802,first_transaction,2024-06-19
U3803,app_downloaded,2024-12-10
U3803,registered,2024-12-11
U3803,kyc_completed,2024-12-12
U3803,card_activated,2024-12-13
U3803,first_transaction,2024-12-14
U3804,app_downloaded,2024-11-04
U3804,registered,2024-11-05
U3804,kyc_completed,2024-11-06
U3804,card_activated,2024-11-07
U3804,first_transaction,2024-11-08
U3805,app_downloaded,2024-10-12
U3805,registered,2024-10-13
U3805,kyc_completed,2024-10-14
U3805,card_activated,2024-10-15
U3806,app_downloaded,2024-08-20
U3807,app_downloaded,2024-10-22
U3807,registered,2024-10-23
U3807,kyc_completed,2024-10-24
U3807,card_activated,2024-10-25
U3807,first_transaction,2024-10-26
U3808,app_downloaded,2024-03-19
U3808,registered,2024-03-20
U3808,kyc_completed,2024-03-21
U3808,card_activated,2024-03-22
U3809,app_downloaded,2024-08-05
U3809,registered,2024-08-06
U3809,kyc_completed,2024-08-07
U3810,app_downloaded,2024-11-13
U3810,registered,2024-11-14
U3810,kyc_completed,2024-11-15
U3810,card_activated,2024-11-16
U3811,app_downloaded,2024-06-29
U3811,registered,2024-06-30
U3811,kyc_completed,2024-07-01
U3811,card_activated,2024-07-02
U3812,app_downloaded,2024-09-19
U3812,registered,2024-09-20
U3812,kyc_completed,2024-09-21
U3812,card_activated,2024-09-22
U3813,app_downloaded,2024-09-21
U3813,registered,2024-09-22
U3813,kyc_completed,2024-09-23
U3814,app_downloaded,2024-11-07
U3814,registered,2024-11-08
U3814,kyc_completed,2024-11-09
U3814,card_activated,2024-11-10
U3814,first_transaction,2024-11-11
U3815,app_downloaded,2024-07-22
U3815,registered,2024-07-23
U3815,kyc_completed,2024-07-24
U3815,card_activated,2024-07-25
U3815,first_transaction,2024-07-26
U3816,app_downloaded,2024-02-07
U3816,registered,2024-02-08
U3817,app_downloaded,2024-04-27
U3817,registered,2024-04-28
U3817,kyc_completed,2024-04-29
U3817,card_activated,2024-04-30
U3817,first_transaction,2024-05-01
U3818,app_downloaded,2024-06-14
U3818,registered,2024-06-15
U3818,kyc_completed,2024-06-16
U3818,card_activated,2024-06-17
U3819,app_downloaded,2024-02-02
U3819,registered,2024-02-03
U3819,kyc_completed,2024-02-04
U3820,app_downloaded,2024-08-09
U3820,registered,2024-08-10
U3820,kyc_completed,2024-08-11
U3821,app_downloaded,2024-11-19
U3821,registered,2024-11-20
U3821,kyc_completed,2024-11-21
U3821,card_activated,2024-11-22
U3821,first_transaction,2024-11-23
U3822,app_downloaded,2024-10-14
U3822,registered,2024-10-15
U3822,kyc_completed,2024-10-16
U3822,card_activated,2024-10-17
U3823,app_downloaded,2024-03-10
U3823,registered,2024-03-11
U3823,kyc_completed,2024-03-12
U3823,card_activated,2024-03-13
U3824,app_downloaded,2024-03-17
U3824,registered,2024-03-18
U3824,kyc_completed,2024-03-19
U3824,card_activated,2024-03-20
U3825,app_downloaded,2024-08-26
U3825,registered,2024-08-27
U3825,kyc_completed,2024-08-28
U3825,card_activated,2024-08-29
U3825,first_transaction,2024-08-30
U3826,app_downloaded,2024-01-24
U3826,registered,2024-01-25
U3827,app_downloaded,2024-08-29
U3827,registered,2024-08-30
U3828,app_downloaded,2024-07-02
U3828,registered,2024-07-03
U3828,kyc_completed,2024-07-04
U3828,card_activated,2024-07-05
U3829,app_downloaded,2024-08-31
U3830,app_downloaded,2024-09-18
U3830,registered,2024-09-19
U3830,kyc_completed,2024-09-20
U3830,card_activated,2024-09-21
U3830,first_transaction,2024-09-22
U3831,app_downloaded,2024-09-12
U3831,registered,2024-09-13
U3831,kyc_completed,2024-09-14
U3831,card_activated,2024-09-15
U3831,first_transaction,2024-09-16
U3832,app_downloaded,2024-10-13
U3832,registered,2024-10-14
U3832,kyc_completed,2024-10-15
U3832,card_activated,2024-10-16
U3832,first_transaction,2024-10-17
U3833,app_downloaded,2024-06-27
U3833,registered,2024-06-28
U3833,kyc_completed,2024-06-29
U3833,card_activated,2024-06-30
U3833,first_transaction,2024-07-01
U3834,app_downloaded,2024-12-14
U3834,registered,2024-12-15
U3834,kyc_completed,2024-12-16
U3834,card_activated,2024-12-17
U3834,first_transaction,2024-12-18
U3835,app_downloaded,2024-09-15
U3835,registered,2024-09-16
U3836,app_downloaded,2024-01-04
U3836,registered,2024-01-05
U3836,kyc_completed,2024-01-06
U3836,card_activated,2024-01-07
U3836,first_transaction,2024-01-08
U3837,app_downloaded,2024-10-25
U3838,app_downloaded,2024-02-17
U3838,registered,2024-02-18
U3839,app_downloaded,2024-04-15
U3839,registered,2024-04-16
U3839,kyc_completed,2024-04-17
U3839,card_activated,2024-04-18
U3839,first_transaction,2024-04-19
U3840,app_downloaded,2024-11-23
U3840,registered,2024-11-24
U3840,kyc_completed,2024-11-25
U3841,app_downloaded,2024-04-27
U3841,registered,2024-04-28
U3841,kyc_completed,2024-04-29
U3842,app_downloaded,2024-08-15
U3842,registered,2024-08-16
U3842,kyc_completed,2024-08-17
U3842,card_activated,2024-08-18
U3843,app_downloaded,2024-02-05
U3843,registered,2024-02-06
U3843,kyc_completed,2024-02-07
U3843,card_activated,2024-02-08
U3844,app_downloaded,2024-12-23
U3844,registered,2024-12-24
U3844,kyc_completed,2024-12-25
U3844,card_activated,2024-12-26
U3845,app_downloaded,2024-10-20
U3845,registered,2024-10-21
U3845,kyc_completed,2024-10-22
U3845,card_activated,2024-10-23
U3845,first_transaction,2024-10-24
U3846,app_downloaded,2024-04-16
U3846,registered,2024-04-17
U3846,kyc_completed,2024-04-18
U3846,card_activated,2024-04-19
U3846,first_transaction,2024-04-20
U3847,app_downloaded,2024-01-02
U3847,registered,2024-01-03
U3847,kyc_completed,2024-01-04
U3847,card_activated,2024-01-05
U3848,app_downloaded,2024-11-04
U3848,registered,2024-11-05
U3848,kyc_completed,2024-11-06
U3848,card_activated,2024-11-07
U3848,first_transaction,2024-11-08
U3849,app_downloaded,2024-04-11
U3850,app_downloaded,2024-07-09
U3850,registered,2024-07-10
U3850,kyc_completed,2024-07-11
U3851,app_downloaded,2024-05-18
U3851,registered,2024-05-19
U3852,app_downloaded,2024-01-20
U3852,registered,2024-01-21
U3852,kyc_completed,2024-01-22
U3852,card_activated,2024-01-23
U3852,first_transaction,2024-01-24
U3853,app_downloaded,2024-06-13
U3853,registered,2024-06-14
U3853,kyc_completed,2024-06-15
U3854,app_downloaded,2024-11-13
U3854,registered,2024-11-14
U3854,kyc_completed,2024-11-15
U3854,card_activated,2024-11-16
U3854,first_transaction,2024-11-17
U3855,app_downloaded,2024-04-19
U3855,registered,2024-04-20
U3855,kyc_completed,2024-04-21
U3856,app_downloaded,2024-07-27
U3856,registered,2024-07-28
U3856,kyc_completed,2024-07-29
U3856,card_activated,2024-07-30
U3856,first_transaction,2024-07-31
U3857,app_downloaded,2024-10-09
U3857,registered,2024-10-10
U3857,kyc_completed,2024-10-11
U3857,card_activated,2024-10-12
U3858,app_downloaded,2024-10-05
U3858,registered,2024-10-06
U3859,app_downloaded,2024-05-25
U3859,registered,2024-05-26
U3859,kyc_completed,2024-05-27
U3859,card_activated,2024-05-28
U3860,app_downloaded,2024-09-16
U3860,registered,2024-09-17
U3860,kyc_completed,2024-09-18
U3860,card_activated,2024-09-19
U3861,app_downloaded,2024-07-16
U3861,registered,2024-07-17
U3861,kyc_completed,2024-07-18
U3861,card_activated,2024-07-19
U3861,first_transaction,2024-07-20
U3862,app_downloaded,2024-09-04
U3862,registered,2024-09-05
U3862,kyc_completed,2024-09-06
U3862,card_activated,2024-09-07
U3863,app_downloaded,2024-08-16
U3863,registered,2024-08-17
U3864,app_downloaded,2024-04-11
U3864,registered,2024-04-12
U3864,kyc_completed,2024-04-13
U3864,card_activated,2024-04-14
U3865,app_downloaded,2024-11-09
U3865,registered,2024-11-10
U3865,kyc_completed,2024-11-11
U3865,card_activated,2024-11-12
U3866,app_downloaded,2024-05-22
U3866,registered,2024-05-23
U3867,app_downloaded,2024-08-28
U3867,registered,2024-08-29
U3867,kyc_completed,2024-08-30
U3867,card_activated,2024-08-31
U3867,first_transaction,2024-09-01
U3868,app_downloaded,2024-04-27
U3868,registered,2024-04-28
U3868,kyc_completed,2024-04-29
U3869,app_downloaded,2024-12-25
U3869,registered,2024-12-26
U3869,kyc_completed,2024-12-27
U3869,card_activated,2024-12-28
U3869,first_transaction,2024-12-29
U3870,app_downloaded,2024-10-15
U3870,registered,2024-10-16
U3870,kyc_completed,2024-10-17
U3871,app_downloaded,2024-05-27
U3871,registered,2024-05-28
U3871,kyc_completed,2024-05-29
U3871,card_activated,2024-05-30
U3872,app_downloaded,2024-07-03
U3872,registered,2024-07-04
U3873,app_downloaded,2024-02-19
U3873,registered,2024-02-20
U3873,kyc_completed,2024-02-21
U3873,card_activated,2024-02-22
U3873,first_transaction,2024-02-23
U3874,app_downloaded,2024-11-26
U3874,registered,2024-11-27
U3874,kyc_completed,2024-11-28
U3875,app_downloaded,2024-08-31
U3875,registered,2024-09-01
U3875,kyc_completed,2024-09-02
U3875,card_activated,2024-09-03
U3876,app_downloaded,2024-11-22
U3876,registered,2024-11-23
U3876,kyc_completed,2024-11-24
U3876,card_activated,2024-11-25
U3876,first_transaction,2024-11-26
U3877,app_downloaded,2024-10-26
U3877,registered,2024-10-27
U3877,kyc_completed,2024-10-28
U3877,card_activated,2024-10-29
U3877,first_transaction,2024-10-30
U3878,app_downloaded,2024-07-23
U3878,registered,2024-07-24
U3878,kyc_completed,2024-07-25
U3879,app_downloaded,2024-01-26
U3879,registered,2024-01-27
U3880,app_downloaded,2024-07-05
U3880,registered,2024-07-06
U3880,kyc_completed,2024-07-07
U3880,card_activated,2024-07-08
U3880,first_transaction,2024-07-09
U3881,app_downloaded,2024-03-04
U3881,registered,2024-03-05
U3881,kyc_completed,2024-03-06
U3881,card_activated,2024-03-07
U3882,app_downloaded,2024-03-26
U3882,registered,2024-03-27
U3882,kyc_completed,2024-03-28
U3882,card_activated,2024-03-29
U3882,first_transaction,2024-03-30
U3883,app_downloaded,2024-07-20
U3883,registered,2024-07-21
U3883,kyc_completed,2024-07-22
U3884,app_downloaded,2024-01-01
U3884,registered,2024-01-02
U3884,kyc_completed,2024-01-03
U3885,app_downloaded,2024-03-20
U3885,registered,2024-03-21
U3886,app_downloaded,2024-01-02
U3886,registered,2024-01-03
U3886,kyc_completed,2024-01-04
U3886,card_activated,2024-01-05
U3886,first_transaction,2024-01-06
U3887,app_downloaded,2024-11-01
U3887,registered,2024-11-02
U3888,app_downloaded,2024-06-02
U3888,registered,2024-06-03
U3888,kyc_completed,2024-06-04
U3889,app_downloaded,2024-01-06
U3889,registered,2024-01-07
U3889,kyc_completed,2024-01-08
U3889,card_activated,2024-01-09
U3889,first_transaction,2024-01-10
U3890,app_downloaded,2024-11-14
U3891,app_downloaded,2024-11-25
U3891,registered,2024-11-26
U3892,app_downloaded,2024-02-07
U3892,registered,2024-02-08
U3892,kyc_completed,2024-02-09
U3892,card_activated,2024-02-10
U3892,first_transaction,2024-02-11
U3893,app_downloaded,2024-11-01
U3894,app_downloaded,2024-01-09
U3894,registered,2024-01-10
U3894,kyc_completed,2024-01-11
U3895,app_downloaded,2024-01-31
U3895,registered,2024-02-01
U3895,kyc_completed,2024-02-02
U3895,card_activated,2024-02-03
U3895,first_transaction,2024-02-04
U3896,app_downloaded,2024-06-23
U3896,registered,2024-06-24
U3896,kyc_completed,2024-06-25
U3897,app_downloaded,2024-02-12
U3897,registered,2024-02-13
U3897,kyc_completed,2024-02-14
U3897,card_activated,2024-02-15
U3897,first_transaction,2024-02-16
U3898,app_downloaded,2024-12-07
U3898,registered,2024-12-08
U3899,app_downloaded,2024-08-31
U3899,registered,2024-09-01
U3900,app_downloaded,2024-10-24
U3900,registered,2024-10-25
U3900,kyc_completed,2024-10-26
U3900,card_activated,2024-10-27
U3900,first_transaction,2024-10-28
U3901,app_downloaded,2024-03-13
U3901,registered,2024-03-14
U3901,kyc_completed,2024-03-15
U3901,card_activated,2024-03-16
U3901,first_transaction,2024-03-17
U3902,app_downloaded,2024-11-15
U3902,registered,2024-11-16
U3902,kyc_completed,2024-11-17
U3903,app_downloaded,2024-12-13
U3903,registered,2024-12-14
U3903,kyc_completed,2024-12-15
U3903,card_activated,2024-12-16
U3903,first_transaction,2024-12-17
U3904,app_downloaded,2024-04-04
U3904,registered,2024-04-05
U3904,kyc_completed,2024-04-06
U3904,card_activated,2024-04-07
U3904,first_transaction,2024-04-08
U3905,app_downloaded,2024-03-28
U3905,registered,2024-03-29
U3906,app_downloaded,2024-12-01
U3906,registered,2024-12-02
U3907,app_downloaded,2024-12-01
U3907,registered,2024-12-02
U3907,kyc_completed,2024-12-03
U3907,card_activated,2024-12-04
U3908,app_downloaded,2024-05-26
U3908,registered,2024-05-27
U3908,kyc_completed,2024-05-28
U3908,card_activated,2024-05-29
U3908,first_transaction,2024-05-30
U3909,app_downloaded,2024-03-21
U3909,registered,2024-03-22
U3909,kyc_completed,2024-03-23
U3909,card_activated,2024-03-24
U3909,first_transaction,2024-03-25
U3910,app_downloaded,2024-01-15
U3910,registered,2024-01-16
U3910,kyc_completed,2024-01-17
U3910,card_activated,2024-01-18
U3911,app_downloaded,2024-07-20
U3911,registered,2024-07-21
U3912,app_downloaded,2024-02-25
U3912,registered,2024-02-26
U3912,kyc_completed,2024-02-27
U3912,card_activated,2024-02-28
U3913,app_downloaded,2024-01-05
U3913,registered,2024-01-06
U3913,kyc_completed,2024-01-07
U3913,card_activated,2024-01-08
U3913,first_transaction,2024-01-09
U3914,app_downloaded,2024-04-21
U3914,registered,2024-04-22
U3914,kyc_completed,2024-04-23
U3915,app_downloaded,2024-08-31
U3915,registered,2024-09-01
U3915,kyc_completed,2024-09-02
U3915,card_activated,2024-09-03
U3915,first_transaction,2024-09-04
U3916,app_downloaded,2024-07-11
U3916,registered,2024-07-12
U3916,kyc_completed,2024-07-13
U3917,app_downloaded,2024-10-17
U3917,registered,2024-10-18
U3917,kyc_completed,2024-10-19
U3918,app_downloaded,2024-06-13
U3918,registered,2024-06-14
U3918,kyc_completed,2024-06-15
U3918,card_activated,2024-06-16
U3918,first_transaction,2024-06-17
U3919,app_downloaded,2024-10-13
U3919,registered,2024-10-14
U3920,app_downloaded,2024-04-15
U3920,registered,2024-04-16
U3920,kyc_completed,2024-04-17
U3920,card_activated,2024-04-18
U3920,first_transaction,2024-04-19
U3921,app_downloaded,2024-06-27
U3921,registered,2024-06-28
U3921,kyc_completed,2024-06-29
U3922,app_downloaded,2024-03-24
U3922,registered,2024-03-25
U3922,kyc_completed,2024-03-26
U3922,card_activated,2024-03-27
U3923,app_downloaded,2024-08-27
U3923,registered,2024-08-28
U3923,kyc_completed,2024-08-29
U3923,card_activated,2024-08-30
U3924,app_downloaded,2024-11-22
U3924,registered,2024-11-23
U3924,kyc_completed,2024-11-24
U3924,card_activated,2024-11-25
U3924,first_transaction,2024-11-26
U3925,app_downloaded,2024-11-23
U3925,registered,2024-11-24
U3925,kyc_completed,2024-11-25
U3925,card_activated,2024-11-26
U3925,first_transaction,2024-11-27
U3926,app_downloaded,2024-09-25
U3926,registered,2024-09-26
U3926,kyc_completed,2024-09-27
U3926,card_activated,2024-09-28
U3927,app_downloaded,2024-10-11
U3927,registered,2024-10-12
U3927,kyc_completed,2024-10-13
U3927,card_activated,2024-10-14
U3927,first_transaction,2024-10-15
U3928,app_downloaded,2024-02-15
U3928,registered,2024-02-16
U3928,kyc_completed,2024-02-17
U3928,card_activated,2024-02-18
U3929,app_downloaded,2024-09-30
U3929,registered,2024-10-01
U3929,kyc_completed,2024-10-02
U3930,app_downloaded,2024-07-06
U3930,registered,2024-07-07
U3930,kyc_completed,2024-07-08
U3931,app_downloaded,2024-09-21
U3931,registered,2024-09-22
U3931,kyc_completed,2024-09-23
U3931,card_activated,2024-09-24
U3932,app_downloaded,2024-08-15
U3932,registered,2024-08-16
U3932,kyc_completed,2024-08-17
U3932,card_activated,2024-08-18
U3932,first_transaction,2024-08-19
U3933,app_downloaded,2024-01-02
U3933,registered,2024-01-03
U3933,kyc_completed,2024-01-04
U3933,card_activated,2024-01-05
U3934,app_downloaded,2024-11-15
U3934,registered,2024-11-16
U3934,kyc_completed,2024-11-17
U3934,card_activated,2024-11-18
U3935,app_downloaded,2024-01-08
U3935,registered,2024-01-09
U3935,kyc_completed,2024-01-10
U3935,card_activated,2024-01-11
U3935,first_transaction,2024-01-12
U3936,app_downloaded,2024-05-10
U3936,registered,2024-05-11
U3936,kyc_completed,2024-05-12
U3937,app_downloaded,2024-08-01
U3937,registered,2024-08-02
U3937,kyc_completed,2024-08-03
U3938,app_downloaded,2024-11-21
U3938,registered,2024-11-22
U3938,kyc_completed,2024-11-23
U3939,app_downloaded,2024-10-28
U3939,registered,2024-10-29
U3939,kyc_completed,2024-10-30
U3939,card_activated,2024-10-31
U3939,first_transaction,2024-11-01
U3940,app_downloaded,2024-10-29
U3941,app_downloaded,2024-02-04
U3941,registered,2024-02-05
U3941,kyc_completed,2024-02-06
U3941,card_activated,2024-02-07
U3942,app_downloaded,2024-03-26
U3942,registered,2024-03-27
U3942,kyc_completed,2024-03-28
U3942,card_activated,2024-03-29
U3943,app_downloaded,2024-11-07
U3943,registered,2024-11-08
U3944,app_downloaded,2024-12-27
U3944,registered,2024-12-28
U3944,kyc_completed,2024-12-29
U3944,card_activated,2024-12-30
U3944,first_transaction,2024-12-31
U3945,app_downloaded,2024-03-09
U3945,registered,2024-03-10
U3945,kyc_completed,2024-03-11
U3945,card_activated,2024-03-12
U3945,first_transaction,2024-03-13
U3946,app_downloaded,2024-08-06
U3946,registered,2024-08-07
U3946,kyc_completed,2024-08-08
U3946,card_activated,2024-08-09
U3946,first_transaction,2024-08-10
U3947,app_downloaded,2024-09-14
U3947,registered,2024-09-15
U3947,kyc_completed,2024-09-16
U3948,app_downloaded,2024-02-01
U3948,registered,2024-02-02
U3948,kyc_completed,2024-02-03
U3948,card_activated,2024-02-04
U3949,app_downloaded,2024-06-26
U3949,registered,2024-06-27
U3949,kyc_completed,2024-06-28
U3949,card_activated,2024-06-29
U3949,first_transaction,2024-06-30
U3950,app_downloaded,2024-05-11
U3950,registered,2024-05-12
U3950,kyc_completed,2024-05-13
U3950,card_activated,2024-05-14
U3950,first_transaction,2024-05-15
U3951,app_downloaded,2024-10-29
U3951,registered,2024-10-30
U3951,kyc_completed,2024-10-31
U3952,app_downloaded,2024-11-21
U3952,registered,2024-11-22
U3953,app_downloaded,2024-08-20
U3953,registered,2024-08-21
U3954,app_downloaded,2024-09-18
U3954,registered,2024-09-19
U3954,kyc_completed,2024-09-20
U3954,card_activated,2024-09-21
U3955,app_downloaded,2024-10-26
U3955,registered,2024-10-27
U3955,kyc_completed,2024-10-28
U3955,card_activated,2024-10-29
U3955,first_transaction,2024-10-30
U3956,app_downloaded,2024-01-07
U3956,registered,2024-01-08
U3956,kyc_completed,2024-01-09
U3956,card_activated,2024-01-10
U3956,first_transaction,2024-01-11
U3957,app_downloaded,2024-12-02
U3957,registered,2024-12-03
U3957,kyc_completed,2024-12-04
U3957,card_activated,2024-12-05
U3957,first_transaction,2024-12-06
U3958,app_downloaded,2024-07-01
U3959,app_downloaded,2024-09-03
U3959,registered,2024-09-04
U3959,kyc_completed,2024-09-05
U3960,app_downloaded,2024-01-30
U3960,registered,2024-01-31
U3960,kyc_completed,2024-02-01
U3960,card_activated,2024-02-02
U3961,app_downloaded,2024-06-26
U3961,registered,2024-06-27
U3961,kyc_completed,2024-06-28
U3961,card_activated,2024-06-29
U3962,app_downloaded,2024-02-10
U3962,registered,2024-02-11
U3962,kyc_completed,2024-02-12
U3962,card_activated,2024-02-13
U3963,app_downloaded,2024-06-27
U3963,registered,2024-06-28
U3963,kyc_completed,2024-06-29
U3963,card_activated,2024-06-30
U3964,app_downloaded,2024-02-20
U3964,registered,2024-02-21
U3964,kyc_completed,2024-02-22
U3964,card_activated,2024-02-23
U3964,first_transaction,2024-02-24
U3965,app_downloaded,2024-08-04
U3965,registered,2024-08-05
U3965,kyc_completed,2024-08-06
U3965,card_activated,2024-08-07
U3966,app_downloaded,2024-11-26
U3966,registered,2024-11-27
U3966,kyc_completed,2024-11-28
U3967,app_downloaded,2024-01-08
U3967,registered,2024-01-09
U3967,kyc_completed,2024-01-10
U3967,card_activated,2024-01-11
U3967,first_transaction,2024-01-12
U3968,app_downloaded,2024-01-16
U3968,registered,2024-01-17
U3968,kyc_completed,2024-01-18
U3968,card_activated,2024-01-19
U3969,app_downloaded,2024-10-25
U3969,registered,2024-10-26
U3969,kyc_completed,2024-10-27
U3970,app_downloaded,2024-12-26
U3970,registered,2024-12-27
U3970,kyc_completed,2024-12-28
U3970,card_activated,2024-12-29
U3971,app_downloaded,2024-05-01
U3971,registered,2024-05-02
U3971,kyc_completed,2024-05-03
U3971,card_activated,2024-05-04
U3971,first_transaction,2024-05-05
U3972,app_downloaded,2024-11-24
U3972,registered,2024-11-25
U3972,kyc_completed,2024-11-26
U3973,app_downloaded,2024-01-14
U3973,registered,2024-01-15
U3973,kyc_completed,2024-01-16
U3973,card_activated,2024-01-17
U3973,first_transaction,2024-01-18
U3974,app_downloaded,2024-06-01
U3974,registered,2024-06-02
U3974,kyc_completed,2024-06-03
U3975,app_downloaded,2024-12-24
U3975,registered,2024-12-25
U3975,kyc_completed,2024-12-26
U3975,card_activated,2024-12-27
U3976,app_downloaded,2024-01-19
U3976,registered,2024-01-20
U3976,kyc_completed,2024-01-21
U3977,app_downloaded,2024-05-31
U3977,registered,2024-06-01
U3977,kyc_completed,2024-06-02
U3977,card_activated,2024-06-03
U3978,app_downloaded,2024-11-07
U3978,registered,2024-11-08
U3978,kyc_completed,2024-11-09
U3978,card_activated,2024-11-10
U3978,first_transaction,2024-11-11
U3979,app_downloaded,2024-07-23
U3979,registered,2024-07-24
U3979,kyc_completed,2024-07-25
U3979,card_activated,2024-07-26
U3979,first_transaction,2024-07-27
U3980,app_downloaded,2024-12-20
U3980,registered,2024-12-21
U3980,kyc_completed,2024-12-22
U3981,app_downloaded,2024-10-03
U3981,registered,2024-10-04
U3981,kyc_completed,2024-10-05
U3981,card_activated,2024-10-06
U3981,first_transaction,2024-10-07
U3982,app_downloaded,2024-11-02
U3982,registered,2024-11-03
U3982,kyc_completed,2024-11-04
U3983,app_downloaded,2024-01-30
U3983,registered,2024-01-31
U3983,kyc_completed,2024-02-01
U3983,card_activated,2024-02-02
U3983,first_transaction,2024-02-03
U3984,app_downloaded,2024-11-18
U3984,registered,2024-11-19
U3984,kyc_completed,2024-11-20
U3984,card_activated,2024-11-21
U3985,app_downloaded,2024-08-26
U3985,registered,2024-08-27
U3985,kyc_completed,2024-08-28
U3985,card_activated,2024-08-29
U3985,first_transaction,2024-08-30
U3986,app_downloaded,2024-04-07
U3986,registered,2024-04-08
U3986,kyc_completed,2024-04-09
U3986,card_activated,2024-04-10
U3986,first_transaction,2024-04-11
U3987,app_downloaded,2024-11-22
U3987,registered,2024-11-23
U3987,kyc_completed,2024-11-24
U3987,card_activated,2024-11-25
U3987,first_transaction,2024-11-26
U3988,app_downloaded,2024-05-13
U3988,registered,2024-05-14
U3988,kyc_completed,2024-05-15
U3988,card_activated,2024-05-16
U3988,first_transaction,2024-05-17
U3989,app_downloaded,2024-06-22
U3989,registered,2024-06-23
U3989,kyc_completed,2024-06-24
U3989,card_activated,2024-06-25
U3989,first_transaction,2024-06-26
U3990,app_downloaded,2024-10-06
U3990,registered,2024-10-07
U3990,kyc_completed,2024-10-08
U3990,card_activated,2024-10-09
U3990,first_transaction,2024-10-10
U3991,app_downloaded,2024-09-07
U3991,registered,2024-09-08
U3991,kyc_completed,2024-09-09
U3991,card_activated,2024-09-10
U3991,first_transaction,2024-09-11
U3992,app_downloaded,2024-12-11
U3992,registered,2024-12-12
U3993,app_downloaded,2024-06-30
U3993,registered,2024-07-01
U3993,kyc_completed,2024-07-02
U3993,card_activated,2024-07-03
U3994,app_downloaded,2024-10-09
U3994,registered,2024-10-10
U3994,kyc_completed,2024-10-11
U3994,card_activated,2024-10-12
U3995,app_downloaded,2024-09-03
U3995,registered,2024-09-04
U3995,kyc_completed,2024-09-05
U3996,app_downloaded,2024-05-12
U3996,registered,2024-05-13
U3996,kyc_completed,2024-05-14
U3997,app_downloaded,2024-07-24
U3997,registered,2024-07-25
U3997,kyc_completed,2024-07-26
U3998,app_downloaded,2024-10-27
U3998,registered,2024-10-28
U3998,kyc_completed,2024-10-29
U3998,card_activated,2024-10-30
U3998,first_transaction,2024-10-31
U3999,app_downloaded,2024-12-01
U3999,registered,2024-12-02
U3999,kyc_completed,2024-12-03
U4000,app_downloaded,2024-12-02
U4001,app_downloaded,2024-12-13
U4001,registered,2024-12-14
U4001,kyc_completed,2024-12-15
U4001,card_activated,2024-12-16
U4002,app_downloaded,2024-12-11
U4002,registered,2024-12-12
U4002,kyc_completed,2024-12-13
U4002,card_activated,2024-12-14
U4003,app_downloaded,2024-02-13
U4003,registered,2024-02-14
U4003,kyc_completed,2024-02-15
U4003,card_activated,2024-02-16
U4003,first_transaction,2024-02-17
U4004,app_downloaded,2024-12-25
U4004,registered,2024-12-26
U4004,kyc_completed,2024-12-27
U4004,card_activated,2024-12-28
U4004,first_transaction,2024-12-29
U4005,app_downloaded,2024-01-31
U4005,registered,2024-02-01
U4005,kyc_completed,2024-02-02
U4005,card_activated,2024-02-03
U4005,first_transaction,2024-02-04
U4006,app_downloaded,2024-11-15
U4006,registered,2024-11-16
U4006,kyc_completed,2024-11-17
U4007,app_downloaded,2024-12-18
U4007,registered,2024-12-19
U4007,kyc_completed,2024-12-20
U4007,card_activated,2024-12-21
U4008,app_downloaded,2024-04-03
U4008,registered,2024-04-04
U4008,kyc_completed,2024-04-05
U4008,card_activated,2024-04-06
U4008,first_transaction,2024-04-07
U4009,app_downloaded,2024-07-25
U4009,registered,2024-07-26
U4009,kyc_completed,2024-07-27
U4010,app_downloaded,2024-05-19
U4010,registered,2024-05-20
U4010,kyc_completed,2024-05-21
U4010,card_activated,2024-05-22
U4010,first_transaction,2024-05-23
U4011,app_downloaded,2024-06-28
U4011,registered,2024-06-29
U4011,kyc_completed,2024-06-30
U4012,app_downloaded,2024-09-16
U4012,registered,2024-09-17
U4012,kyc_completed,2024-09-18
U4012,card_activated,2024-09-19
U4013,app_downloaded,2024-08-10
U4013,registered,2024-08-11
U4013,kyc_completed,2024-08-12
U4013,card_activated,2024-08-13
U4014,app_downloaded,2024-10-18
U4014,registered,2024-10-19
U4014,kyc_completed,2024-10-20
U4014,card_activated,2024-10-21
U4014,first_transaction,2024-10-22
U4015,app_downloaded,2024-03-20
U4015,registered,2024-03-21
U4016,app_downloaded,2024-04-28
U4016,registered,2024-04-29
U4016,kyc_completed,2024-04-30
U4016,card_activated,2024-05-01
U4017,app_downloaded,2024-03-22
U4017,registered,2024-03-23
U4018,app_downloaded,2024-04-05
U4018,registered,2024-04-06
U4018,kyc_completed,2024-04-07
U4019,app_downloaded,2024-03-17
U4019,registered,2024-03-18
U4019,kyc_completed,2024-03-19
U4020,app_downloaded,2024-07-04
U4020,registered,2024-07-05
U4020,kyc_completed,2024-07-06
U4020,card_activated,2024-07-07
U4020,first_transaction,2024-07-08
U4021,app_downloaded,2024-10-20
U4021,registered,2024-10-21
U4021,kyc_completed,2024-10-22
U4021,card_activated,2024-10-23
U4021,first_transaction,2024-10-24
U4022,app_downloaded,2024-06-04
U4022,registered,2024-06-05
U4022,kyc_completed,2024-06-06
U4022,card_activated,2024-06-07
U4022,first_transaction,2024-06-08
U4023,app_downloaded,2024-12-08
U4023,registered,2024-12-09
U4023,kyc_completed,2024-12-10
U4023,card_activated,2024-12-11
U4023,first_transaction,2024-12-12
U4024,app_downloaded,2024-07-02
U4024,registered,2024-07-03
U4024,kyc_completed,2024-07-04
U4024,card_activated,2024-07-05
U4024,first_transaction,2024-07-06
U4025,app_downloaded,2024-12-20
U4025,registered,2024-12-21
U4025,kyc_completed,2024-12-22
U4025,card_activated,2024-12-23
U4026,app_downloaded,2024-09-04
U4026,registered,2024-09-05
U4026,kyc_completed,2024-09-06
U4026,card_activated,2024-09-07
U4026,first_transaction,2024-09-08
U4027,app_downloaded,2024-10-20
U4027,registered,2024-10-21
U4027,kyc_completed,2024-10-22
U4027,card_activated,2024-10-23
U4028,app_downloaded,2024-02-14
U4028,registered,2024-02-15
U4029,app_downloaded,2024-06-11
U4029,registered,2024-06-12
U4029,kyc_completed,2024-06-13
U4029,card_activated,2024-06-14
U4030,app_downloaded,2024-04-11
U4030,registered,2024-04-12
U4030,kyc_completed,2024-04-13
U4030,card_activated,2024-04-14
U4031,app_downloaded,2024-10-25
U4031,registered,2024-10-26
U4031,kyc_completed,2024-10-27
U4031,card_activated,2024-10-28
U4032,app_downloaded,2024-05-14
U4032,registered,2024-05-15
U4032,kyc_completed,2024-05-16
U4032,card_activated,2024-05-17
U4033,app_downloaded,2024-04-05
U4033,registered,2024-04-06
U4033,kyc_completed,2024-04-07
U4033,card_activated,2024-04-08
U4033,first_transaction,2024-04-09
U4034,app_downloaded,2024-04-27
U4034,registered,2024-04-28
U4034,kyc_completed,2024-04-29
U4034,card_activated,2024-04-30
U4035,app_downloaded,2024-02-14
U4035,registered,2024-02-15
U4035,kyc_completed,2024-02-16
U4035,card_activated,2024-02-17
U4036,app_downloaded,2024-06-16
U4036,registered,2024-06-17
U4036,kyc_completed,2024-06-18
U4037,app_downloaded,2024-04-04
U4037,registered,2024-04-05
U4038,app_downloaded,2024-03-30
U4039,app_downloaded,2024-06-09
U4039,registered,2024-06-10
U4039,kyc_completed,2024-06-11
U4039,card_activated,2024-06-12
U4040,app_downloaded,2024-04-08
U4040,registered,2024-04-09
U4041,app_downloaded,2024-03-18
U4041,registered,2024-03-19
U4041,kyc_completed,2024-03-20
U4041,card_activated,2024-03-21
U4041,first_transaction,2024-03-22
U4042,app_downloaded,2024-11-24
U4043,app_downloaded,2024-08-23
U4043,registered,2024-08-24
U4043,kyc_completed,2024-08-25
U4043,card_activated,2024-08-26
U4043,first_transaction,2024-08-27
U4044,app_downloaded,2024-04-16
U4045,app_downloaded,2024-08-14
U4045,registered,2024-08-15
U4045,kyc_completed,2024-08-16
U4045,card_activated,2024-08-17
U4045,first_transaction,2024-08-18
U4046,app_downloaded,2024-11-29
U4046,registered,2024-11-30
U4046,kyc_completed,2024-12-01
U4046,card_activated,2024-12-02
U4046,first_transaction,2024-12-03
U4047,app_downloaded,2024-09-22
U4047,registered,2024-09-23
U4048,app_downloaded,2024-02-07
U4048,registered,2024-02-08
U4049,app_downloaded,2024-02-24
U4049,registered,2024-02-25
U4049,kyc_completed,2024-02-26
U4050,app_downloaded,2024-01-02
U4050,registered,2024-01-03
U4050,kyc_completed,2024-01-04
U4051,app_downloaded,2024-04-30
U4051,registered,2024-05-01
U4052,app_downloaded,2024-04-12
U4052,registered,2024-04-13
U4052,kyc_completed,2024-04-14
U4052,card_activated,2024-04-15
U4052,first_transaction,2024-04-16
U4053,app_downloaded,2024-03-07
U4053,registered,2024-03-08
U4053,kyc_completed,2024-03-09
U4053,card_activated,2024-03-10
U4053,first_transaction,2024-03-11
U4054,app_downloaded,2024-08-03
U4054,registered,2024-08-04
U4054,kyc_completed,2024-08-05
U4054,card_activated,2024-08-06
U4054,first_transaction,2024-08-07
U4055,app_downloaded,2024-07-22
U4055,registered,2024-07-23
U4056,app_downloaded,2024-07-04
U4056,registered,2024-07-05
U4056,kyc_completed,2024-07-06
U4057,app_downloaded,2024-01-13
U4057,registered,2024-01-14
U4058,app_downloaded,2024-05-17
U4058,registered,2024-05-18
U4058,kyc_completed,2024-05-19
U4058,card_activated,2024-05-20
U4059,app_downloaded,2024-04-06
U4059,registered,2024-04-07
U4059,kyc_completed,2024-04-08
U4059,card_activated,2024-04-09
U4059,first_transaction,2024-04-10
U4060,app_downloaded,2024-10-05
U4060,registered,2024-10-06
U4060,kyc_completed,2024-10-07
U4060,card_activated,2024-10-08
U4061,app_downloaded,2024-05-18
U4062,app_downloaded,2024-05-12
U4062,registered,2024-05-13
U4062,kyc_completed,2024-05-14
U4062,card_activated,2024-05-15
U4063,app_downloaded,2024-08-06
U4063,registered,2024-08-07
U4063,kyc_completed,2024-08-08
U4063,card_activated,2024-08-09
U4063,first_transaction,2024-08-10
U4064,app_downloaded,2024-02-09
U4064,registered,2024-02-10
U4064,kyc_completed,2024-02-11
U4064,card_activated,2024-02-12
U4064,first_transaction,2024-02-13
U4065,app_downloaded,2024-01-22
U4065,registered,2024-01-23
U4065,kyc_completed,2024-01-24
U4066,app_downloaded,2024-09-10
U4066,registered,2024-09-11
U4066,kyc_completed,2024-09-12
U4066,card_activated,2024-09-13
U4066,first_transaction,2024-09-14
U4067,app_downloaded,2024-04-23
U4068,app_downloaded,2024-08-09
U4068,registered,2024-08-10
U4068,kyc_completed,2024-08-11
U4068,card_activated,2024-08-12
U4069,app_downloaded,2024-01-23
U4069,registered,2024-01-24
U4069,kyc_completed,2024-01-25
U4069,card_activated,2024-01-26
U4069,first_transaction,2024-01-27
U4070,app_downloaded,2024-05-31
U4070,registered,2024-06-01
U4071,app_downloaded,2024-01-09
U4071,registered,2024-01-10
U4071,kyc_completed,2024-01-11
U4071,card_activated,2024-01-12
U4071,first_transaction,2024-01-13
U4072,app_downloaded,2024-02-03
U4072,registered,2024-02-04
U4072,kyc_completed,2024-02-05
U4072,card_activated,2024-02-06
U4072,first_transaction,2024-02-07
U4073,app_downloaded,2024-05-22
U4073,registered,2024-05-23
U4074,app_downloaded,2024-02-11
U4074,registered,2024-02-12
U4074,kyc_completed,2024-02-13
U4074,card_activated,2024-02-14
U4074,first_transaction,2024-02-15
U4075,app_downloaded,2024-05-02
U4075,registered,2024-05-03
U4075,kyc_completed,2024-05-04
U4076,app_downloaded,2024-08-31
U4076,registered,2024-09-01
U4076,kyc_completed,2024-09-02
U4076,card_activated,2024-09-03
U4077,app_downloaded,2024-09-29
U4077,registered,2024-09-30
U4078,app_downloaded,2024-10-31
U4079,app_downloaded,2024-07-22
U4079,registered,2024-07-23
U4079,kyc_completed,2024-07-24
U4080,app_downloaded,2024-07-25
U4080,registered,2024-07-26
U4080,kyc_completed,2024-07-27
U4081,app_downloaded,2024-04-21
U4081,registered,2024-04-22
U4081,kyc_completed,2024-04-23
U4081,card_activated,2024-04-24
U4082,app_downloaded,2024-02-19
U4082,registered,2024-02-20
U4082,kyc_completed,2024-02-21
U4082,card_activated,2024-02-22
U4082,first_transaction,2024-02-23
U4083,app_downloaded,2024-04-30
U4083,registered,2024-05-01
U4083,kyc_completed,2024-05-02
U4084,app_downloaded,2024-09-11
U4084,registered,2024-09-12
U4084,kyc_completed,2024-09-13
U4084,card_activated,2024-09-14
U4084,first_transaction,2024-09-15
U4085,app_downloaded,2024-08-31
U4085,registered,2024-09-01
U4086,app_downloaded,2024-07-25
U4086,registered,2024-07-26
U4086,kyc_completed,2024-07-27
U4086,card_activated,2024-07-28
U4087,app_downloaded,2024-06-25
U4087,registered,2024-06-26
U4088,app_downloaded,2024-01-26
U4088,registered,2024-01-27
U4088,kyc_completed,2024-01-28
U4089,app_downloaded,2024-01-11
U4089,registered,2024-01-12
U4089,kyc_completed,2024-01-13
U4089,card_activated,2024-01-14
U4089,first_transaction,2024-01-15
U4090,app_downloaded,2024-02-21
U4090,registered,2024-02-22
U4090,kyc_completed,2024-02-23
U4091,app_downloaded,2024-11-19
U4091,registered,2024-11-20
U4091,kyc_completed,2024-11-21
U4091,card_activated,2024-11-22
U4091,first_transaction,2024-11-23
U4092,app_downloaded,2024-02-13
U4092,registered,2024-02-14
U4093,app_downloaded,2024-12-14
U4093,registered,2024-12-15
U4093,kyc_completed,2024-12-16
U4094,app_downloaded,2024-08-04
U4094,registered,2024-08-05
U4094,kyc_completed,2024-08-06
U4095,app_downloaded,2024-04-20
U4095,registered,2024-04-21
U4096,app_downloaded,2024-11-12
U4096,registered,2024-11-13
U4096,kyc_completed,2024-11-14
U4097,app_downloaded,2024-06-20
U4097,registered,2024-06-21
U4097,kyc_completed,2024-06-22
U4097,card_activated,2024-06-23
U4097,first_transaction,2024-06-24
U4098,app_downloaded,2024-08-27
U4098,registered,2024-08-28
U4099,app_downloaded,2024-04-10
U4099,registered,2024-04-11
U4099,kyc_completed,2024-04-12
U4100,app_downloaded,2024-10-14
U4100,registered,2024-10-15
U4100,kyc_completed,2024-10-16
U4101,app_downloaded,2024-01-26
U4101,registered,2024-01-27
U4101,kyc_completed,2024-01-28
U4102,app_downloaded,2024-01-12
U4102,registered,2024-01-13
U4102,kyc_completed,2024-01-14
U4102,card_activated,2024-01-15
U4103,app_downloaded,2024-11-07
U4103,registered,2024-11-08
U4103,kyc_completed,2024-11-09
U4103,card_activated,2024-11-10
U4103,first_transaction,2024-11-11
U4104,app_downloaded,2024-03-16
U4104,registered,2024-03-17
U4104,kyc_completed,2024-03-18
U4104,card_activated,2024-03-19
U4105,app_downloaded,2024-12-10
U4105,registered,2024-12-11
U4105,kyc_completed,2024-12-12
U4105,card_activated,2024-12-13
U4105,first_transaction,2024-12-14
U4106,app_downloaded,2024-03-13
U4106,registered,2024-03-14
U4106,kyc_completed,2024-03-15
U4106,card_activated,2024-03-16
U4106,first_transaction,2024-03-17
U4107,app_downloaded,2024-04-02
U4107,registered,2024-04-03
U4107,kyc_completed,2024-04-04
U4107,card_activated,2024-04-05
U4107,first_transaction,2024-04-06
U4108,app_downloaded,2024-03-23
U4108,registered,2024-03-24
U4108,kyc_completed,2024-03-25
U4109,app_downloaded,2024-09-16
U4109,registered,2024-09-17
U4110,app_downloaded,2024-03-21
U4110,registered,2024-03-22
U4110,kyc_completed,2024-03-23
U4111,app_downloaded,2024-06-09
U4111,registered,2024-06-10
U4111,kyc_completed,2024-06-11
U4111,card_activated,2024-06-12
U4111,first_transaction,2024-06-13
U4112,app_downloaded,2024-07-19
U4112,registered,2024-07-20
U4112,kyc_completed,2024-07-21
U4112,card_activated,2024-07-22
U4112,first_transaction,2024-07-23
U4113,app_downloaded,2024-05-31
U4113,registered,2024-06-01
U4113,kyc_completed,2024-06-02
U4113,card_activated,2024-06-03
U4114,app_downloaded,2024-05-15
U4114,registered,2024-05-16
U4114,kyc_completed,2024-05-17
U4114,card_activated,2024-05-18
U4115,app_downloaded,2024-04-15
U4115,registered,2024-04-16
U4115,kyc_completed,2024-04-17
U4115,card_activated,2024-04-18
U4115,first_transaction,2024-04-19
U4116,app_downloaded,2024-01-08
U4116,registered,2024-01-09
U4117,app_downloaded,2024-10-09
U4117,registered,2024-10-10
U4117,kyc_completed,2024-10-11
U4117,card_activated,2024-10-12
U4118,app_downloaded,2024-11-26
U4118,registered,2024-11-27
U4118,kyc_completed,2024-11-28
U4118,card_activated,2024-11-29
U4118,first_transaction,2024-11-30
U4119,app_downloaded,2024-11-23
U4120,app_downloaded,2024-12-20
U4120,registered,2024-12-21
U4120,kyc_completed,2024-12-22
U4121,app_downloaded,2024-05-22
U4121,registered,2024-05-23
U4121,kyc_completed,2024-05-24
U4121,card_activated,2024-05-25
U4121,first_transaction,2024-05-26
U4122,app_downloaded,2024-05-10
U4122,registered,2024-05-11
U4122,kyc_completed,2024-05-12
U4123,app_downloaded,2024-09-02
U4123,registered,2024-09-03
U4123,kyc_completed,2024-09-04
U4123,card_activated,2024-09-05
U4123,first_transaction,2024-09-06
U4124,app_downloaded,2024-05-09
U4124,registered,2024-05-10
U4125,app_downloaded,2024-09-27
U4125,registered,2024-09-28
U4125,kyc_completed,2024-09-29
U4125,card_activated,2024-09-30
U4126,app_downloaded,2024-01-13
U4126,registered,2024-01-14
U4127,app_downloaded,2024-06-12
U4127,registered,2024-06-13
U4127,kyc_completed,2024-06-14
U4127,card_activated,2024-06-15
U4127,first_transaction,2024-06-16
U4128,app_downloaded,2024-04-19
U4128,registered,2024-04-20
U4128,kyc_completed,2024-04-21
U4128,card_activated,2024-04-22
U4128,first_transaction,2024-04-23
U4129,app_downloaded,2024-02-21
U4129,registered,2024-02-22
U4129,kyc_completed,2024-02-23
U4129,card_activated,2024-02-24
U4129,first_transaction,2024-02-25
U4130,app_downloaded,2024-05-03
U4130,registered,2024-05-04
U4130,kyc_completed,2024-05-05
U4130,card_activated,2024-05-06
U4130,first_transaction,2024-05-07
U4131,app_downloaded,2024-03-03
U4131,registered,2024-03-04
U4131,kyc_completed,2024-03-05
U4131,card_activated,2024-03-06
U4131,first_transaction,2024-03-07
U4132,app_downloaded,2024-02-03
U4132,registered,2024-02-04
U4132,kyc_completed,2024-02-05
U4132,card_activated,2024-02-06
U4132,first_transaction,2024-02-07
U4133,app_downloaded,2024-12-02
U4133,registered,2024-12-03
U4133,kyc_completed,2024-12-04
U4133,card_activated,2024-12-05
U4133,first_transaction,2024-12-06
U4134,app_downloaded,2024-05-30
U4134,registered,2024-05-31
U4134,kyc_completed,2024-06-01
U4134,card_activated,2024-06-02
U4134,first_transaction,2024-06-03
U4135,app_downloaded,2024-04-06
U4135,registered,2024-04-07
U4135,kyc_completed,2024-04-08
U4135,card_activated,2024-04-09
U4135,first_transaction,2024-04-10
U4136,app_downloaded,2024-10-26
U4136,registered,2024-10-27
U4136,kyc_completed,2024-10-28
U4136,card_activated,2024-10-29
U4137,app_downloaded,2024-05-22
U4137,registered,2024-05-23
U4138,app_downloaded,2024-09-27
U4138,registered,2024-09-28
U4138,kyc_completed,2024-09-29
U4138,card_activated,2024-09-30
U4138,first_transaction,2024-10-01
U4139,app_downloaded,2024-03-20
U4139,registered,2024-03-21
U4139,kyc_completed,2024-03-22
U4139,card_activated,2024-03-23
U4139,first_transaction,2024-03-24
U4140,app_downloaded,2024-09-15
U4140,registered,2024-09-16
U4140,kyc_completed,2024-09-17
U4140,card_activated,2024-09-18
U4141,app_downloaded,2024-05-20
U4141,registered,2024-05-21
U4141,kyc_completed,2024-05-22
U4141,card_activated,2024-05-23
U4142,app_downloaded,2024-06-15
U4142,registered,2024-06-16
U4142,kyc_completed,2024-06-17
U4142,card_activated,2024-06-18
U4142,first_transaction,2024-06-19
U4143,app_downloaded,2024-05-04
U4143,registered,2024-05-05
U4144,app_downloaded,2024-10-01
U4144,registered,2024-10-02
U4144,kyc_completed,2024-10-03
U4144,card_activated,2024-10-04
U4144,first_transaction,2024-10-05
U4145,app_downloaded,2024-09-23
U4145,registered,2024-09-24
U4145,kyc_completed,2024-09-25
U4146,app_downloaded,2024-09-09
U4146,registered,2024-09-10
U4146,kyc_completed,2024-09-11
U4146,card_activated,2024-09-12
U4146,first_transaction,2024-09-13
U4147,app_downloaded,2024-08-27
U4147,registered,2024-08-28
U4147,kyc_completed,2024-08-29
U4147,card_activated,2024-08-30
U4148,app_downloaded,2024-11-25
U4148,registered,2024-11-26
U4148,kyc_completed,2024-11-27
U4149,app_downloaded,2024-02-12
U4149,registered,2024-02-13
U4149,kyc_completed,2024-02-14
U4149,card_activated,2024-02-15
U4149,first_transaction,2024-02-16
U4150,app_downloaded,2024-05-22
U4150,registered,2024-05-23
U4150,kyc_completed,2024-05-24
U4150,card_activated,2024-05-25
U4150,first_transaction,2024-05-26
U4151,app_downloaded,2024-06-29
U4151,registered,2024-06-30
U4151,kyc_completed,2024-07-01
U4151,card_activated,2024-07-02
U4151,first_transaction,2024-07-03
U4152,app_downloaded,2024-01-22
U4153,app_downloaded,2024-07-15
U4153,registered,2024-07-16
U4153,kyc_completed,2024-07-17
U4153,card_activated,2024-07-18
U4153,first_transaction,2024-07-19
U4154,app_downloaded,2024-08-10
U4154,registered,2024-08-11
U4154,kyc_completed,2024-08-12
U4154,card_activated,2024-08-13
U4154,first_transaction,2024-08-14
U4155,app_downloaded,2024-10-20
U4155,registered,2024-10-21
U4155,kyc_completed,2024-10-22
U4155,card_activated,2024-10-23
U4156,app_downloaded,2024-01-08
U4156,registered,2024-01-09
U4156,kyc_completed,2024-01-10
U4156,card_activated,2024-01-11
U4157,app_downloaded,2024-03-26
U4157,registered,2024-03-27
U4157,kyc_completed,2024-03-28
U4157,card_activated,2024-03-29
U4157,first_transaction,2024-03-30
U4158,app_downloaded,2024-01-30
U4158,registered,2024-01-31
U4159,app_downloaded,2024-06-26
U4159,registered,2024-06-27
U4159,kyc_completed,2024-06-28
U4160,app_downloaded,2024-12-15
U4160,registered,2024-12-16
U4161,app_downloaded,2024-12-24
U4161,registered,2024-12-25
U4161,kyc_completed,2024-12-26
U4162,app_downloaded,2024-12-18
U4163,app_downloaded,2024-08-20
U4163,registered,2024-08-21
U4163,kyc_completed,2024-08-22
U4163,card_activated,2024-08-23
U4163,first_transaction,2024-08-24
U4164,app_downloaded,2024-09-12
U4164,registered,2024-09-13
U4164,kyc_completed,2024-09-14
U4164,card_activated,2024-09-15
U4164,first_transaction,2024-09-16
U4165,app_downloaded,2024-01-27
U4165,registered,2024-01-28
U4165,kyc_completed,2024-01-29
U4166,app_downloaded,2024-05-16
U4166,registered,2024-05-17
U4166,kyc_completed,2024-05-18
U4167,app_downloaded,2024-02-13
U4167,registered,2024-02-14
U4167,kyc_completed,2024-02-15
U4167,card_activated,2024-02-16
U4167,first_transaction,2024-02-17
U4168,app_downloaded,2024-07-16
U4168,registered,2024-07-17
U4168,kyc_completed,2024-07-18
U4168,card_activated,2024-07-19
U4168,first_transaction,2024-07-20
U4169,app_downloaded,2024-07-18
U4169,registered,2024-07-19
U4169,kyc_completed,2024-07-20
U4169,card_activated,2024-07-21
U4169,first_transaction,2024-07-22
U4170,app_downloaded,2024-12-12
U4170,registered,2024-12-13
U4170,kyc_completed,2024-12-14
U4170,card_activated,2024-12-15
U4170,first_transaction,2024-12-16
U4171,app_downloaded,2024-08-27
U4171,registered,2024-08-28
U4171,kyc_completed,2024-08-29
U4172,app_downloaded,2024-01-02
U4172,registered,2024-01-03
U4172,kyc_completed,2024-01-04
U4173,app_downloaded,2024-11-04
U4173,registered,2024-11-05
U4173,kyc_completed,2024-11-06
U4173,card_activated,2024-11-07
U4173,first_transaction,2024-11-08
U4174,app_downloaded,2024-07-23
U4174,registered,2024-07-24
U4174,kyc_completed,2024-07-25
U4174,card_activated,2024-07-26
U4174,first_transaction,2024-07-27
U4175,app_downloaded,2024-07-19
U4175,registered,2024-07-20
U4175,kyc_completed,2024-07-21
U4175,card_activated,2024-07-22
U4175,first_transaction,2024-07-23
U4176,app_downloaded,2024-06-04
U4176,registered,2024-06-05
U4176,kyc_completed,2024-06-06
U4176,card_activated,2024-06-07
U4176,first_transaction,2024-06-08
U4177,app_downloaded,2024-04-03
U4177,registered,2024-04-04
U4177,kyc_completed,2024-04-05
U4177,card_activated,2024-04-06
U4177,first_transaction,2024-04-07
U4178,app_downloaded,2024-03-05
U4178,registered,2024-03-06
U4179,app_downloaded,2024-08-17
U4180,app_downloaded,2024-06-15
U4180,registered,2024-06-16
U4180,kyc_completed,2024-06-17
U4180,card_activated,2024-06-18
U4180,first_transaction,2024-06-19
U4181,app_downloaded,2024-01-17
U4181,registered,2024-01-18
U4181,kyc_completed,2024-01-19
U4181,card_activated,2024-01-20
U4182,app_downloaded,2024-09-14
U4182,registered,2024-09-15
U4182,kyc_completed,2024-09-16
U4182,card_activated,2024-09-17
U4183,app_downloaded,2024-01-25
U4183,registered,2024-01-26
U4183,kyc_completed,2024-01-27
U4183,card_activated,2024-01-28
U4184,app_downloaded,2024-03-17
U4184,registered,2024-03-18
U4184,kyc_completed,2024-03-19
U4184,card_activated,2024-03-20
U4185,app_downloaded,2024-12-28
U4185,registered,2024-12-29
U4185,kyc_completed,2024-12-30
U4185,card_activated,2024-12-31
U4185,first_transaction,2025-01-01
U4186,app_downloaded,2024-01-11
U4186,registered,2024-01-12
U4187,app_downloaded,2024-09-03
U4187,registered,2024-09-04
U4187,kyc_completed,2024-09-05
U4187,card_activated,2024-09-06
U4187,first_transaction,2024-09-07
U4188,app_downloaded,2024-02-08
U4188,registered,2024-02-09
U4188,kyc_completed,2024-02-10
U4189,app_downloaded,2024-04-15
U4190,app_downloaded,2024-04-27
U4190,registered,2024-04-28
U4191,app_downloaded,2024-11-08
U4191,registered,2024-11-09
U4191,kyc_completed,2024-11-10
U4191,card_activated,2024-11-11
U4191,first_transaction,2024-11-12
U4192,app_downloaded,2024-02-10
U4192,registered,2024-02-11
U4193,app_downloaded,2024-12-28
U4193,registered,2024-12-29
U4193,kyc_completed,2024-12-30
U4193,card_activated,2024-12-31
U4193,first_transaction,2025-01-01
U4194,app_downloaded,2024-11-04
U4194,registered,2024-11-05
U4194,kyc_completed,2024-11-06
U4194,card_activated,2024-11-07
U4195,app_downloaded,2024-06-18
U4195,registered,2024-06-19
U4195,kyc_completed,2024-06-20
U4195,card_activated,2024-06-21
U4195,first_transaction,2024-06-22
U4196,app_downloaded,2024-05-10
U4196,registered,2024-05-11
U4196,kyc_completed,2024-05-12
U4196,card_activated,2024-05-13
U4196,first_transaction,2024-05-14
U4197,app_downloaded,2024-03-23
U4197,registered,2024-03-24
U4197,kyc_completed,2024-03-25
U4197,card_activated,2024-03-26
U4198,app_downloaded,2024-09-29
U4198,registered,2024-09-30
U4199,app_downloaded,2024-10-21
U4199,registered,2024-10-22
U4199,kyc_completed,2024-10-23
U4200,app_downloaded,2024-01-24
U4200,registered,2024-01-25
U4200,kyc_completed,2024-01-26
U4200,card_activated,2024-01-27
U4200,first_transaction,2024-01-28
U4201,app_downloaded,2024-10-24
U4201,registered,2024-10-25
U4201,kyc_completed,2024-10-26
U4201,card_activated,2024-10-27
U4201,first_transaction,2024-10-28
U4202,app_downloaded,2024-07-27
U4202,registered,2024-07-28
U4202,kyc_completed,2024-07-29
U4202,card_activated,2024-07-30
U4203,app_downloaded,2024-07-05
U4204,app_downloaded,2024-12-05
U4204,registered,2024-12-06
U4204,kyc_completed,2024-12-07
U4204,card_activated,2024-12-08
U4204,first_transaction,2024-12-09
U4205,app_downloaded,2024-12-01
U4205,registered,2024-12-02
U4205,kyc_completed,2024-12-03
U4206,app_downloaded,2024-06-28
U4206,registered,2024-06-29
U4206,kyc_completed,2024-06-30
U4207,app_downloaded,2024-11-25
U4207,registered,2024-11-26
U4207,kyc_completed,2024-11-27
U4207,card_activated,2024-11-28
U4207,first_transaction,2024-11-29
U4208,app_downloaded,2024-08-04
U4208,registered,2024-08-05
U4208,kyc_completed,2024-08-06
U4208,card_activated,2024-08-07
U4208,first_transaction,2024-08-08
U4209,app_downloaded,2024-06-29
U4209,registered,2024-06-30
U4210,app_downloaded,2024-11-17
U4210,registered,2024-11-18
U4210,kyc_completed,2024-11-19
U4210,card_activated,2024-11-20
U4210,first_transaction,2024-11-21
U4211,app_downloaded,2024-10-10
U4211,registered,2024-10-11
U4212,app_downloaded,2024-01-10
U4212,registered,2024-01-11
U4212,kyc_completed,2024-01-12
U4213,app_downloaded,2024-01-12
U4213,registered,2024-01-13
U4214,app_downloaded,2024-06-26
U4214,registered,2024-06-27
U4214,kyc_completed,2024-06-28
U4214,card_activated,2024-06-29
U4214,first_transaction,2024-06-30
U4215,app_downloaded,2024-03-20
U4215,registered,2024-03-21
U4215,kyc_completed,2024-03-22
U4215,card_activated,2024-03-23
U4215,first_transaction,2024-03-24
U4216,app_downloaded,2024-11-27
U4216,registered,2024-11-28
U4216,kyc_completed,2024-11-29
U4216,card_activated,2024-11-30
U4216,first_transaction,2024-12-01
U4217,app_downloaded,2024-12-27
U4217,registered,2024-12-28
U4217,kyc_completed,2024-12-29
U4217,card_activated,2024-12-30
U4217,first_transaction,2024-12-31
U4218,app_downloaded,2024-02-12
U4218,registered,2024-02-13
U4218,kyc_completed,2024-02-14
U4218,card_activated,2024-02-15
U4219,app_downloaded,2024-10-10
U4219,registered,2024-10-11
U4219,kyc_completed,2024-10-12
U4219,card_activated,2024-10-13
U4219,first_transaction,2024-10-14
U4220,app_downloaded,2024-11-06
U4220,registered,2024-11-07
U4220,kyc_completed,2024-11-08
U4220,card_activated,2024-11-09
U4221,app_downloaded,2024-05-02
U4221,registered,2024-05-03
U4221,kyc_completed,2024-05-04
U4221,card_activated,2024-05-05
U4222,app_downloaded,2024-06-04
U4222,registered,2024-06-05
U4223,app_downloaded,2024-03-10
U4223,registered,2024-03-11
U4224,app_downloaded,2024-08-06
U4225,app_downloaded,2024-05-30
U4225,registered,2024-05-31
U4225,kyc_completed,2024-06-01
U4225,card_activated,2024-06-02
U4226,app_downloaded,2024-12-02
U4226,registered,2024-12-03
U4226,kyc_completed,2024-12-04
U4226,card_activated,2024-12-05
U4226,first_transaction,2024-12-06
U4227,app_downloaded,2024-09-26
U4227,registered,2024-09-27
U4227,kyc_completed,2024-09-28
U4227,card_activated,2024-09-29
U4227,first_transaction,2024-09-30
U4228,app_downloaded,2024-05-16
U4228,registered,2024-05-17
U4229,app_downloaded,2024-12-18
U4229,registered,2024-12-19
U4229,kyc_completed,2024-12-20
U4230,app_downloaded,2024-04-06
U4230,registered,2024-04-07
U4230,kyc_completed,2024-04-08
U4230,card_activated,2024-04-09
U4231,app_downloaded,2024-07-06
U4231,registered,2024-07-07
U4231,kyc_completed,2024-07-08
U4232,app_downloaded,2024-01-25
U4232,registered,2024-01-26
U4232,kyc_completed,2024-01-27
U4232,card_activated,2024-01-28
U4233,app_downloaded,2024-03-09
U4233,registered,2024-03-10
U4233,kyc_completed,2024-03-11
U4233,card_activated,2024-03-12
U4233,first_transaction,2024-03-13
U4234,app_downloaded,2024-04-29
U4234,registered,2024-04-30
U4234,kyc_completed,2024-05-01
U4234,card_activated,2024-05-02
U4234,first_transaction,2024-05-03
U4235,app_downloaded,2024-12-22
U4235,registered,2024-12-23
U4235,kyc_completed,2024-12-24
U4235,card_activated,2024-12-25
U4236,app_downloaded,2024-10-11
U4236,registered,2024-10-12
U4236,kyc_completed,2024-10-13
U4236,card_activated,2024-10-14
U4236,first_transaction,2024-10-15
U4237,app_downloaded,2024-03-04
U4237,registered,2024-03-05
U4237,kyc_completed,2024-03-06
U4237,card_activated,2024-03-07
U4237,first_transaction,2024-03-08
U4238,app_downloaded,2024-07-12
U4238,registered,2024-07-13
U4238,kyc_completed,2024-07-14
U4238,card_activated,2024-07-15
U4238,first_transaction,2024-07-16
U4239,app_downloaded,2024-08-19
U4239,registered,2024-08-20
U4239,kyc_completed,2024-08-21
U4239,card_activated,2024-08-22
U4239,first_transaction,2024-08-23
U4240,app_downloaded,2024-07-21
U4241,app_downloaded,2024-05-08
U4241,registered,2024-05-09
U4241,kyc_completed,2024-05-10
U4241,card_activated,2024-05-11
U4242,app_downloaded,2024-12-30
U4242,registered,2024-12-31
U4242,kyc_completed,2025-01-01
U4242,card_activated,2025-01-02
U4243,app_downloaded,2024-08-06
U4243,registered,2024-08-07
U4244,app_downloaded,2024-11-14
U4244,registered,2024-11-15
U4245,app_downloaded,2024-09-28
U4245,registered,2024-09-29
U4245,kyc_completed,2024-09-30
U4246,app_downloaded,2024-12-08
U4246,registered,2024-12-09
U4246,kyc_completed,2024-12-10
U4246,card_activated,2024-12-11
U4246,first_transaction,2024-12-12
U4247,app_downloaded,2024-07-20
U4247,registered,2024-07-21
U4247,kyc_completed,2024-07-22
U4248,app_downloaded,2024-03-11
U4248,registered,2024-03-12
U4248,kyc_completed,2024-03-13
U4249,app_downloaded,2024-01-15
U4249,registered,2024-01-16
U4249,kyc_completed,2024-01-17
U4249,card_activated,2024-01-18
U4249,first_transaction,2024-01-19
U4250,app_downloaded,2024-12-31
U4250,registered,2025-01-01
U4250,kyc_completed,2025-01-02
U4250,card_activated,2025-01-03
U4250,first_transaction,2025-01-04
U4251,app_downloaded,2024-07-23
U4252,app_downloaded,2024-04-20
U4252,registered,2024-04-21
U4252,kyc_completed,2024-04-22
U4253,app_downloaded,2024-05-21
U4253,registered,2024-05-22
U4253,kyc_completed,2024-05-23
U4253,card_activated,2024-05-24
U4254,app_downloaded,2024-02-03
U4254,registered,2024-02-04
U4254,kyc_completed,2024-02-05
U4255,app_downloaded,2024-07-27
U4255,registered,2024-07-28
U4255,kyc_completed,2024-07-29
U4255,card_activated,2024-07-30
U4256,app_downloaded,2024-12-02
U4256,registered,2024-12-03
U4256,kyc_completed,2024-12-04
U4256,card_activated,2024-12-05
U4256,first_transaction,2024-12-06
U4257,app_downloaded,2024-08-27
U4257,registered,2024-08-28
U4257,kyc_completed,2024-08-29
U4257,card_activated,2024-08-30
U4257,first_transaction,2024-08-31
U4258,app_downloaded,2024-12-27
U4258,registered,2024-12-28
U4258,kyc_completed,2024-12-29
U4258,card_activated,2024-12-30
U4258,first_transaction,2024-12-31
U4259,app_downloaded,2024-04-03
U4259,registered,2024-04-04
U4259,kyc_completed,2024-04-05
U4259,card_activated,2024-04-06
U4260,app_downloaded,2024-08-10
U4260,registered,2024-08-11
U4260,kyc_completed,2024-08-12
U4260,card_activated,2024-08-13
U4260,first_transaction,2024-08-14
U4261,app_downloaded,2024-02-16
U4261,registered,2024-02-17
U4262,app_downloaded,2024-10-28
U4262,registered,2024-10-29
U4263,app_downloaded,2024-08-28
U4263,registered,2024-08-29
U4263,kyc_completed,2024-08-30
U4263,card_activated,2024-08-31
U4263,first_transaction,2024-09-01
U4264,app_downloaded,2024-02-13
U4264,registered,2024-02-14
U4264,kyc_completed,2024-02-15
U4264,card_activated,2024-02-16
U4265,app_downloaded,2024-09-27
U4265,registered,2024-09-28
U4265,kyc_completed,2024-09-29
U4265,card_activated,2024-09-30
U4265,first_transaction,2024-10-01
U4266,app_downloaded,2024-03-17
U4266,registered,2024-03-18
U4266,kyc_completed,2024-03-19
U4266,card_activated,2024-03-20
U4267,app_downloaded,2024-12-20
U4267,registered,2024-12-21
U4267,kyc_completed,2024-12-22
U4267,card_activated,2024-12-23
U4268,app_downloaded,2024-09-21
U4268,registered,2024-09-22
U4269,app_downloaded,2024-06-26
U4269,registered,2024-06-27
U4269,kyc_completed,2024-06-28
U4269,card_activated,2024-06-29
U4269,first_transaction,2024-06-30
U4270,app_downloaded,2024-05-11
U4270,registered,2024-05-12
U4271,app_downloaded,2024-11-11
U4271,registered,2024-11-12
U4271,kyc_completed,2024-11-13
U4271,card_activated,2024-11-14
U4271,first_transaction,2024-11-15
U4272,app_downloaded,2024-10-03
U4272,registered,2024-10-04
U4272,kyc_completed,2024-10-05
U4272,card_activated,2024-10-06
U4273,app_downloaded,2024-08-24
U4273,registered,2024-08-25
U4273,kyc_completed,2024-08-26
U4273,card_activated,2024-08-27
U4273,first_transaction,2024-08-28
U4274,app_downloaded,2024-10-13
U4274,registered,2024-10-14
U4274,kyc_completed,2024-10-15
U4274,card_activated,2024-10-16
U4274,first_transaction,2024-10-17
U4275,app_downloaded,2024-02-01
U4275,registered,2024-02-02
U4275,kyc_completed,2024-02-03
U4275,card_activated,2024-02-04
U4275,first_transaction,2024-02-05
U4276,app_downloaded,2024-05-23
U4276,registered,2024-05-24
U4276,kyc_completed,2024-05-25
U4276,card_activated,2024-05-26
U4276,first_transaction,2024-05-27
U4277,app_downloaded,2024-05-13
U4277,registered,2024-05-14
U4277,kyc_completed,2024-05-15
U4277,card_activated,2024-05-16
U4278,app_downloaded,2024-07-15
U4278,registered,2024-07-16
U4278,kyc_completed,2024-07-17
U4279,app_downloaded,2024-01-27
U4279,registered,2024-01-28
U4279,kyc_completed,2024-01-29
U4279,card_activated,2024-01-30
U4279,first_transaction,2024-01-31
U4280,app_downloaded,2024-01-11
U4280,registered,2024-01-12
U4280,kyc_completed,2024-01-13
U4281,app_downloaded,2024-01-01
U4281,registered,2024-01-02
U4282,app_downloaded,2024-09-12
U4282,registered,2024-09-13
U4282,kyc_completed,2024-09-14
U4282,card_activated,2024-09-15
U4283,app_downloaded,2024-12-10
U4284,app_downloaded,2024-12-13
U4284,registered,2024-12-14
U4284,kyc_completed,2024-12-15
U4284,card_activated,2024-12-16
U4284,first_transaction,2024-12-17
U4285,app_downloaded,2024-08-25
U4285,registered,2024-08-26
U4285,kyc_completed,2024-08-27
U4285,card_activated,2024-08-28
U4285,first_transaction,2024-08-29
U4286,app_downloaded,2024-06-17
U4286,registered,2024-06-18
U4286,kyc_completed,2024-06-19
U4286,card_activated,2024-06-20
U4287,app_downloaded,2024-10-31
U4287,registered,2024-11-01
U4287,kyc_completed,2024-11-02
U4287,card_activated,2024-11-03
U4288,app_downloaded,2024-04-13
U4288,registered,2024-04-14
U4288,kyc_completed,2024-04-15
U4288,card_activated,2024-04-16
U4288,first_transaction,2024-04-17
U4289,app_downloaded,2024-02-12
U4289,registered,2024-02-13
U4289,kyc_completed,2024-02-14
U4289,card_activated,2024-02-15
U4290,app_downloaded,2024-03-30
U4290,registered,2024-03-31
U4291,app_downloaded,2024-11-07
U4291,registered,2024-11-08
U4291,kyc_completed,2024-11-09
U4291,card_activated,2024-11-10
U4292,app_downloaded,2024-03-08
U4292,registered,2024-03-09
U4292,kyc_completed,2024-03-10
U4292,card_activated,2024-03-11
U4292,first_transaction,2024-03-12
U4293,app_downloaded,2024-09-14
U4293,registered,2024-09-15
U4293,kyc_completed,2024-09-16
U4293,card_activated,2024-09-17
U4293,first_transaction,2024-09-18
U4294,app_downloaded,2024-02-19
U4294,registered,2024-02-20
U4294,kyc_completed,2024-02-21
U4295,app_downloaded,2024-11-13
U4295,registered,2024-11-14
U4295,kyc_completed,2024-11-15
U4295,card_activated,2024-11-16
U4295,first_transaction,2024-11-17
U4296,app_downloaded,2024-11-11
U4296,registered,2024-11-12
U4297,app_downloaded,2024-10-20
U4297,registered,2024-10-21
U4297,kyc_completed,2024-10-22
U4297,card_activated,2024-10-23
U4297,first_transaction,2024-10-24
U4298,app_downloaded,2024-10-05
U4298,registered,2024-10-06
U4299,app_downloaded,2024-03-18
U4299,registered,2024-03-19
U4300,app_downloaded,2024-11-27
U4300,registered,2024-11-28
U4300,kyc_completed,2024-11-29
U4300,card_activated,2024-11-30
U4301,app_downloaded,2024-11-24
U4301,registered,2024-11-25
U4301,kyc_completed,2024-11-26
U4301,card_activated,2024-11-27
U4301,first_transaction,2024-11-28
U4302,app_downloaded,2024-06-12
U4302,registered,2024-06-13
U4302,kyc_completed,2024-06-14
U4302,card_activated,2024-06-15
U4302,first_transaction,2024-06-16
U4303,app_downloaded,2024-07-11
U4303,registered,2024-07-12
U4303,kyc_completed,2024-07-13
U4304,app_downloaded,2024-10-21
U4304,registered,2024-10-22
U4305,app_downloaded,2024-09-27
U4305,registered,2024-09-28
U4305,kyc_completed,2024-09-29
U4305,card_activated,2024-09-30
U4305,first_transaction,2024-10-01
U4306,app_downloaded,2024-07-24
U4306,registered,2024-07-25
U4306,kyc_completed,2024-07-26
U4306,card_activated,2024-07-27
U4306,first_transaction,2024-07-28
U4307,app_downloaded,2024-03-08
U4307,registered,2024-03-09
U4307,kyc_completed,2024-03-10
U4308,app_downloaded,2024-02-01
U4308,registered,2024-02-02
U4308,kyc_completed,2024-02-03
U4309,app_downloaded,2024-02-11
U4309,registered,2024-02-12
U4309,kyc_completed,2024-02-13
U4309,card_activated,2024-02-14
U4309,first_transaction,2024-02-15
U4310,app_downloaded,2024-01-31
U4310,registered,2024-02-01
U4310,kyc_completed,2024-02-02
U4310,card_activated,2024-02-03
U4310,first_transaction,2024-02-04
U4311,app_downloaded,2024-01-04
U4311,registered,2024-01-05
U4311,kyc_completed,2024-01-06
U4312,app_downloaded,2024-01-30
U4313,app_downloaded,2024-06-23
U4313,registered,2024-06-24
U4313,kyc_completed,2024-06-25
U4314,app_downloaded,2024-05-11
U4314,registered,2024-05-12
U4315,app_downloaded,2024-01-08
U4315,registered,2024-01-09
U4315,kyc_completed,2024-01-10
U4315,card_activated,2024-01-11
U4316,app_downloaded,2024-04-24
U4316,registered,2024-04-25
U4316,kyc_completed,2024-04-26
U4317,app_downloaded,2024-08-07
U4317,registered,2024-08-08
U4317,kyc_completed,2024-08-09
U4318,app_downloaded,2024-08-22
U4319,app_downloaded,2024-10-06
U4320,app_downloaded,2024-10-05
U4320,registered,2024-10-06
U4320,kyc_completed,2024-10-07
U4321,app_downloaded,2024-02-17
U4321,registered,2024-02-18
U4321,kyc_completed,2024-02-19
U4321,card_activated,2024-02-20
U4321,first_transaction,2024-02-21
U4322,app_downloaded,2024-01-25
U4323,app_downloaded,2024-01-02
U4323,registered,2024-01-03
U4323,kyc_completed,2024-01-04
U4323,card_activated,2024-01-05
U4324,app_downloaded,2024-10-27
U4324,registered,2024-10-28
U4324,kyc_completed,2024-10-29
U4324,card_activated,2024-10-30
U4325,app_downloaded,2024-05-21
U4326,app_downloaded,2024-01-05
U4326,registered,2024-01-06
U4326,kyc_completed,2024-01-07
U4326,card_activated,2024-01-08
U4326,first_transaction,2024-01-09
U4327,app_downloaded,2024-05-28
U4327,registered,2024-05-29
U4327,kyc_completed,2024-05-30
U4327,card_activated,2024-05-31
U4328,app_downloaded,2024-12-14
U4328,registered,2024-12-15
U4329,app_downloaded,2024-04-07
U4329,registered,2024-04-08
U4330,app_downloaded,2024-05-10
U4330,registered,2024-05-11
U4330,kyc_completed,2024-05-12
U4331,app_downloaded,2024-07-03
U4331,registered,2024-07-04
U4331,kyc_completed,2024-07-05
U4332,app_downloaded,2024-12-17
U4332,registered,2024-12-18
U4332,kyc_completed,2024-12-19
U4333,app_downloaded,2024-02-15
U4333,registered,2024-02-16
U4333,kyc_completed,2024-02-17
U4333,card_activated,2024-02-18
U4333,first_transaction,2024-02-19
U4334,app_downloaded,2024-05-18
U4334,registered,2024-05-19
U4335,app_downloaded,2024-05-17
U4335,registered,2024-05-18
U4335,kyc_completed,2024-05-19
U4336,app_downloaded,2024-01-02
U4336,registered,2024-01-03
U4336,kyc_completed,2024-01-04
U4336,card_activated,2024-01-05
U4336,first_transaction,2024-01-06
U4337,app_downloaded,2024-05-27
U4337,registered,2024-05-28
U4338,app_downloaded,2024-08-30
U4338,registered,2024-08-31
U4338,kyc_completed,2024-09-01
U4338,card_activated,2024-09-02
U4338,first_transaction,2024-09-03
U4339,app_downloaded,2024-07-01
U4339,registered,2024-07-02
U4340,app_downloaded,2024-12-15
U4340,registered,2024-12-16
U4340,kyc_completed,2024-12-17
U4341,app_downloaded,2024-04-13
U4341,registered,2024-04-14
U4341,kyc_completed,2024-04-15
U4341,card_activated,2024-04-16
U4342,app_downloaded,2024-05-08
U4343,app_downloaded,2024-12-29
U4343,registered,2024-12-30
U4343,kyc_completed,2024-12-31
U4343,card_activated,2025-01-01
U4344,app_downloaded,2024-06-21
U4344,registered,2024-06-22
U4344,kyc_completed,2024-06-23
U4344,card_activated,2024-06-24
U4345,app_downloaded,2024-11-29
U4345,registered,2024-11-30
U4345,kyc_completed,2024-12-01
U4345,card_activated,2024-12-02
U4345,first_transaction,2024-12-03
U4346,app_downloaded,2024-12-01
U4346,registered,2024-12-02
U4346,kyc_completed,2024-12-03
U4346,card_activated,2024-12-04
U4346,first_transaction,2024-12-05
U4347,app_downloaded,2024-07-23
U4347,registered,2024-07-24
U4347,kyc_completed,2024-07-25
U4348,app_downloaded,2024-12-11
U4348,registered,2024-12-12
U4348,kyc_completed,2024-12-13
U4348,card_activated,2024-12-14
U4349,app_downloaded,2024-04-13
U4349,registered,2024-04-14
U4349,kyc_completed,2024-04-15
U4349,card_activated,2024-04-16
U4350,app_downloaded,2024-05-10
U4350,registered,2024-05-11
U4350,kyc_completed,2024-05-12
U4350,card_activated,2024-05-13
U4350,first_transaction,2024-05-14
U4351,app_downloaded,2024-02-23
U4351,registered,2024-02-24
U4351,kyc_completed,2024-02-25
U4351,card_activated,2024-02-26
U4351,first_transaction,2024-02-27
U4352,app_downloaded,2024-07-08
U4352,registered,2024-07-09
U4352,kyc_completed,2024-07-10
U4352,card_activated,2024-07-11
U4352,first_transaction,2024-07-12
U4353,app_downloaded,2024-04-02
U4353,registered,2024-04-03
U4353,kyc_completed,2024-04-04
U4353,card_activated,2024-04-05
U4354,app_downloaded,2024-02-19
U4354,registered,2024-02-20
U4355,app_downloaded,2024-02-16
U4355,registered,2024-02-17
U4356,app_downloaded,2024-12-22
U4356,registered,2024-12-23
U4356,kyc_completed,2024-12-24
U4356,card_activated,2024-12-25
U4356,first_transaction,2024-12-26
U4357,app_downloaded,2024-02-21
U4357,registered,2024-02-22
U4357,kyc_completed,2024-02-23
U4357,card_activated,2024-02-24
U4357,first_transaction,2024-02-25
U4358,app_downloaded,2024-09-14
U4358,registered,2024-09-15
U4358,kyc_completed,2024-09-16
U4358,card_activated,2024-09-17
U4358,first_transaction,2024-09-18
U4359,app_downloaded,2024-02-17
U4359,registered,2024-02-18
U4360,app_downloaded,2024-02-04
U4360,registered,2024-02-05
U4360,kyc_completed,2024-02-06
U4360,card_activated,2024-02-07
U4360,first_transaction,2024-02-08
U4361,app_downloaded,2024-05-21
U4361,registered,2024-05-22
U4361,kyc_completed,2024-05-23
U4362,app_downloaded,2024-07-16
U4362,registered,2024-07-17
U4362,kyc_completed,2024-07-18
U4363,app_downloaded,2024-11-08
U4364,app_downloaded,2024-03-24
U4364,registered,2024-03-25
U4364,kyc_completed,2024-03-26
U4364,card_activated,2024-03-27
U4364,first_transaction,2024-03-28
U4365,app_downloaded,2024-03-10
U4365,registered,2024-03-11
U4365,kyc_completed,2024-03-12
U4366,app_downloaded,2024-08-03
U4366,registered,2024-08-04
U4366,kyc_completed,2024-08-05
U4366,card_activated,2024-08-06
U4367,app_downloaded,2024-04-27
U4367,registered,2024-04-28
U4367,kyc_completed,2024-04-29
U4367,card_activated,2024-04-30
U4367,first_transaction,2024-05-01
U4368,app_downloaded,2024-12-22
U4368,registered,2024-12-23
U4368,kyc_completed,2024-12-24
U4368,card_activated,2024-12-25
U4369,app_downloaded,2024-02-01
U4369,registered,2024-02-02
U4369,kyc_completed,2024-02-03
U4369,card_activated,2024-02-04
U4370,app_downloaded,2024-06-17
U4370,registered,2024-06-18
U4370,kyc_completed,2024-06-19
U4370,card_activated,2024-06-20
U4370,first_transaction,2024-06-21
U4371,app_downloaded,2024-05-30
U4372,app_downloaded,2024-06-12
U4372,registered,2024-06-13
U4372,kyc_completed,2024-06-14
U4372,card_activated,2024-06-15
U4373,app_downloaded,2024-02-12
U4373,registered,2024-02-13
U4373,kyc_completed,2024-02-14
U4374,app_downloaded,2024-02-11
U4374,registered,2024-02-12
U4375,app_downloaded,2024-07-07
U4375,registered,2024-07-08
U4375,kyc_completed,2024-07-09
U4376,app_downloaded,2024-05-05
U4376,registered,2024-05-06
U4376,kyc_completed,2024-05-07
U4376,card_activated,2024-05-08
U4376,first_transaction,2024-05-09
U4377,app_downloaded,2024-08-31
U4377,registered,2024-09-01
U4377,kyc_completed,2024-09-02
U4377,card_activated,2024-09-03
U4377,first_transaction,2024-09-04
U4378,app_downloaded,2024-06-18
U4378,registered,2024-06-19
U4379,app_downloaded,2024-08-12
U4379,registered,2024-08-13
U4379,kyc_completed,2024-08-14
U4379,card_activated,2024-08-15
U4379,first_transaction,2024-08-16
U4380,app_downloaded,2024-07-02
U4380,registered,2024-07-03
U4380,kyc_completed,2024-07-04
U4381,app_downloaded,2024-04-22
U4381,registered,2024-04-23
U4382,app_downloaded,2024-05-13
U4382,registered,2024-05-14
U4382,kyc_completed,2024-05-15
U4382,card_activated,2024-05-16
U4383,app_downloaded,2024-05-21
U4383,registered,2024-05-22
U4383,kyc_completed,2024-05-23
U4384,app_downloaded,2024-07-25
U4384,registered,2024-07-26
U4384,kyc_completed,2024-07-27
U4385,app_downloaded,2024-02-29
U4385,registered,2024-03-01
U4386,app_downloaded,2024-07-12
U4386,registered,2024-07-13
U4386,kyc_completed,2024-07-14
U4387,app_downloaded,2024-03-14
U4387,registered,2024-03-15
U4387,kyc_completed,2024-03-16
U4387,card_activated,2024-03-17
U4387,first_transaction,2024-03-18
U4388,app_downloaded,2024-12-25
U4388,registered,2024-12-26
U4388,kyc_completed,2024-12-27
U4389,app_downloaded,2024-10-23
U4389,registered,2024-10-24
U4389,kyc_completed,2024-10-25
U4389,card_activated,2024-10-26
U4390,app_downloaded,2024-07-08
U4390,registered,2024-07-09
U4390,kyc_completed,2024-07-10
U4390,card_activated,2024-07-11
U4391,app_downloaded,2024-05-23
U4391,registered,2024-05-24
U4392,app_downloaded,2024-06-04
U4392,registered,2024-06-05
U4392,kyc_completed,2024-06-06
U4392,card_activated,2024-06-07
U4392,first_transaction,2024-06-08
U4393,app_downloaded,2024-09-20
U4393,registered,2024-09-21
U4393,kyc_completed,2024-09-22
U4393,card_activated,2024-09-23
U4393,first_transaction,2024-09-24
U4394,app_downloaded,2024-08-31
U4394,registered,2024-09-01
U4395,app_downloaded,2024-09-23
U4395,registered,2024-09-24
U4396,app_downloaded,2024-01-12
U4396,registered,2024-01-13
U4396,kyc_completed,2024-01-14
U4396,card_activated,2024-01-15
U4396,first_transaction,2024-01-16
U4397,app_downloaded,2024-04-09
U4397,registered,2024-04-10
U4398,app_downloaded,2024-11-06
U4399,app_downloaded,2024-12-19
U4399,registered,2024-12-20
U4399,kyc_completed,2024-12-21
U4399,card_activated,2024-12-22
U4399,first_transaction,2024-12-23
U4400,app_downloaded,2024-02-22
U4400,registered,2024-02-23
U4400,kyc_completed,2024-02-24
U4401,app_downloaded,2024-09-01
U4401,registered,2024-09-02
U4401,kyc_completed,2024-09-03
U4401,card_activated,2024-09-04
U4401,first_transaction,2024-09-05
U4402,app_downloaded,2024-04-14
U4402,registered,2024-04-15
U4402,kyc_completed,2024-04-16
U4402,card_activated,2024-04-17
U4402,first_transaction,2024-04-18
U4403,app_downloaded,2024-12-24
U4403,registered,2024-12-25
U4403,kyc_completed,2024-12-26
U4403,card_activated,2024-12-27
U4404,app_downloaded,2024-08-27
U4404,registered,2024-08-28
U4405,app_downloaded,2024-04-23
U4405,registered,2024-04-24
U4405,kyc_completed,2024-04-25
U4406,app_downloaded,2024-05-07
U4406,registered,2024-05-08
U4406,kyc_completed,2024-05-09
U4406,card_activated,2024-05-10
U4406,first_transaction,2024-05-11
U4407,app_downloaded,2024-01-24
U4407,registered,2024-01-25
U4407,kyc_completed,2024-01-26
U4407,card_activated,2024-01-27
U4407,first_transaction,2024-01-28
U4408,app_downloaded,2024-07-24
U4408,registered,2024-07-25
U4408,kyc_completed,2024-07-26
U4408,card_activated,2024-07-27
U4408,first_transaction,2024-07-28
U4409,app_downloaded,2024-03-22
U4409,registered,2024-03-23
U4409,kyc_completed,2024-03-24
U4409,card_activated,2024-03-25
U4409,first_transaction,2024-03-26
U4410,app_downloaded,2024-09-05
U4410,registered,2024-09-06
U4410,kyc_completed,2024-09-07
U4411,app_downloaded,2024-08-12
U4411,registered,2024-08-13
U4411,kyc_completed,2024-08-14
U4411,card_activated,2024-08-15
U4412,app_downloaded,2024-01-07
U4412,registered,2024-01-08
U4412,kyc_completed,2024-01-09
U4412,card_activated,2024-01-10
U4412,first_transaction,2024-01-11
U4413,app_downloaded,2024-11-25
U4413,registered,2024-11-26
U4413,kyc_completed,2024-11-27
U4413,card_activated,2024-11-28
U4413,first_transaction,2024-11-29
U4414,app_downloaded,2024-01-01
U4414,registered,2024-01-02
U4414,kyc_completed,2024-01-03
U4414,card_activated,2024-01-04
U4414,first_transaction,2024-01-05
U4415,app_downloaded,2024-02-11
U4415,registered,2024-02-12
U4415,kyc_completed,2024-02-13
U4416,app_downloaded,2024-04-24
U4416,registered,2024-04-25
U4416,kyc_completed,2024-04-26
U4416,card_activated,2024-04-27
U4417,app_downloaded,2024-05-13
U4417,registered,2024-05-14
U4417,kyc_completed,2024-05-15
U4417,card_activated,2024-05-16
U4417,first_transaction,2024-05-17
U4418,app_downloaded,2024-07-28
U4418,registered,2024-07-29
U4418,kyc_completed,2024-07-30
U4418,card_activated,2024-07-31
U4419,app_downloaded,2024-07-15
U4419,registered,2024-07-16
U4419,kyc_completed,2024-07-17
U4419,card_activated,2024-07-18
U4420,app_downloaded,2024-11-19
U4421,app_downloaded,2024-09-01
U4421,registered,2024-09-02
U4421,kyc_completed,2024-09-03
U4421,card_activated,2024-09-04
U4422,app_downloaded,2024-11-03
U4423,app_downloaded,2024-07-10
U4423,registered,2024-07-11
U4423,kyc_completed,2024-07-12
U4423,card_activated,2024-07-13
U4423,first_transaction,2024-07-14
U4424,app_downloaded,2024-01-01
U4424,registered,2024-01-02
U4425,app_downloaded,2024-01-12
U4425,registered,2024-01-13
U4425,kyc_completed,2024-01-14
U4426,app_downloaded,2024-02-02
U4426,registered,2024-02-03
U4426,kyc_completed,2024-02-04
U4426,card_activated,2024-02-05
U4426,first_transaction,2024-02-06
U4427,app_downloaded,2024-12-06
U4427,registered,2024-12-07
U4427,kyc_completed,2024-12-08
U4428,app_downloaded,2024-08-21
U4428,registered,2024-08-22
U4428,kyc_completed,2024-08-23
U4428,card_activated,2024-08-24
U4429,app_downloaded,2024-10-20
U4429,registered,2024-10-21
U4429,kyc_completed,2024-10-22
U4429,card_activated,2024-10-23
U4429,first_transaction,2024-10-24
U4430,app_downloaded,2024-08-05
U4430,registered,2024-08-06
U4430,kyc_completed,2024-08-07
U4430,card_activated,2024-08-08
U4430,first_transaction,2024-08-09
U4431,app_downloaded,2024-08-22
U4431,registered,2024-08-23
U4432,app_downloaded,2024-03-29
U4432,registered,2024-03-30
U4432,kyc_completed,2024-03-31
U4432,card_activated,2024-04-01
U4433,app_downloaded,2024-06-08
U4433,registered,2024-06-09
U4433,kyc_completed,2024-06-10
U4434,app_downloaded,2024-04-17
U4434,registered,2024-04-18
U4434,kyc_completed,2024-04-19
U4434,card_activated,2024-04-20
U4435,app_downloaded,2024-05-09
U4435,registered,2024-05-10
U4436,app_downloaded,2024-07-10
U4436,registered,2024-07-11
U4436,kyc_completed,2024-07-12
U4436,card_activated,2024-07-13
U4436,first_transaction,2024-07-14
U4437,app_downloaded,2024-11-01
U4437,registered,2024-11-02
U4437,kyc_completed,2024-11-03
U4437,card_activated,2024-11-04
U4437,first_transaction,2024-11-05
U4438,app_downloaded,2024-01-11
U4438,registered,2024-01-12
U4439,app_downloaded,2024-10-15
U4439,registered,2024-10-16
U4440,app_downloaded,2024-02-08
U4440,registered,2024-02-09
U4440,kyc_completed,2024-02-10
U4440,card_activated,2024-02-11
U4440,first_transaction,2024-02-12
U4441,app_downloaded,2024-07-21
U4441,registered,2024-07-22
U4441,kyc_completed,2024-07-23
U4441,card_activated,2024-07-24
U4441,first_transaction,2024-07-25
U4442,app_downloaded,2024-02-14
U4442,registered,2024-02-15
U4442,kyc_completed,2024-02-16
U4443,app_downloaded,2024-08-11
U4443,registered,2024-08-12
U4443,kyc_completed,2024-08-13
U4443,card_activated,2024-08-14
U4444,app_downloaded,2024-04-23
U4444,registered,2024-04-24
U4444,kyc_completed,2024-04-25
U4445,app_downloaded,2024-04-28
U4445,registered,2024-04-29
U4445,kyc_completed,2024-04-30
U4446,app_downloaded,2024-06-14
U4446,registered,2024-06-15
U4446,kyc_completed,2024-06-16
U4447,app_downloaded,2024-10-26
U4447,registered,2024-10-27
U4447,kyc_completed,2024-10-28
U4447,card_activated,2024-10-29
U4447,first_transaction,2024-10-30
U4448,app_downloaded,2024-01-09
U4448,registered,2024-01-10
U4448,kyc_completed,2024-01-11
U4448,card_activated,2024-01-12
U4449,app_downloaded,2024-01-16
U4450,app_downloaded,2024-06-13
U4450,registered,2024-06-14
U4450,kyc_completed,2024-06-15
U4450,card_activated,2024-06-16
U4450,first_transaction,2024-06-17
U4451,app_downloaded,2024-08-13
U4452,app_downloaded,2024-08-13
U4452,registered,2024-08-14
U4452,kyc_completed,2024-08-15
U4452,card_activated,2024-08-16
U4452,first_transaction,2024-08-17
U4453,app_downloaded,2024-04-06
U4453,registered,2024-04-07
U4453,kyc_completed,2024-04-08
U4454,app_downloaded,2024-09-14
U4454,registered,2024-09-15
U4454,kyc_completed,2024-09-16
U4454,card_activated,2024-09-17
U4454,first_transaction,2024-09-18
U4455,app_downloaded,2024-06-25
U4455,registered,2024-06-26
U4455,kyc_completed,2024-06-27
U4456,app_downloaded,2024-05-31
U4456,registered,2024-06-01
U4456,kyc_completed,2024-06-02
U4456,card_activated,2024-06-03
U4456,first_transaction,2024-06-04
U4457,app_downloaded,2024-10-28
U4457,registered,2024-10-29
U4457,kyc_completed,2024-10-30
U4457,card_activated,2024-10-31
U4458,app_downloaded,2024-09-26
U4458,registered,2024-09-27
U4459,app_downloaded,2024-09-08
U4459,registered,2024-09-09
U4459,kyc_completed,2024-09-10
U4459,card_activated,2024-09-11
U4460,app_downloaded,2024-05-22
U4460,registered,2024-05-23
U4460,kyc_completed,2024-05-24
U4460,card_activated,2024-05-25
U4461,app_downloaded,2024-05-24
U4461,registered,2024-05-25
U4461,kyc_completed,2024-05-26
U4461,card_activated,2024-05-27
U4462,app_downloaded,2024-11-20
U4462,registered,2024-11-21
U4462,kyc_completed,2024-11-22
U4462,card_activated,2024-11-23
U4462,first_transaction,2024-11-24
U4463,app_downloaded,2024-11-23
U4463,registered,2024-11-24
U4463,kyc_completed,2024-11-25
U4464,app_downloaded,2024-02-23
U4464,registered,2024-02-24
U4464,kyc_completed,2024-02-25
U4465,app_downloaded,2024-07-19
U4465,registered,2024-07-20
U4465,kyc_completed,2024-07-21
U4465,card_activated,2024-07-22
U4465,first_transaction,2024-07-23
U4466,app_downloaded,2024-04-18
U4466,registered,2024-04-19
U4466,kyc_completed,2024-04-20
U4466,card_activated,2024-04-21
U4466,first_transaction,2024-04-22
U4467,app_downloaded,2024-04-06
U4467,registered,2024-04-07
U4467,kyc_completed,2024-04-08
U4467,card_activated,2024-04-09
U4467,first_transaction,2024-04-10
U4468,app_downloaded,2024-12-27
U4468,registered,2024-12-28
U4468,kyc_completed,2024-12-29
U4468,card_activated,2024-12-30
U4468,first_transaction,2024-12-31
U4469,app_downloaded,2024-09-06
U4469,registered,2024-09-07
U4469,kyc_completed,2024-09-08
U4469,card_activated,2024-09-09
U4469,first_transaction,2024-09-10
U4470,app_downloaded,2024-09-19
U4470,registered,2024-09-20
U4470,kyc_completed,2024-09-21
U4470,card_activated,2024-09-22
U4470,first_transaction,2024-09-23
U4471,app_downloaded,2024-03-16
U4471,registered,2024-03-17
U4471,kyc_completed,2024-03-18
U4471,card_activated,2024-03-19
U4471,first_transaction,2024-03-20
U4472,app_downloaded,2024-11-23
U4472,registered,2024-11-24
U4472,kyc_completed,2024-11-25
U4472,card_activated,2024-11-26
U4473,app_downloaded,2024-02-09
U4473,registered,2024-02-10
U4473,kyc_completed,2024-02-11
U4474,app_downloaded,2024-11-27
U4474,registered,2024-11-28
U4474,kyc_completed,2024-11-29
U4474,card_activated,2024-11-30
U4474,first_transaction,2024-12-01
U4475,app_downloaded,2024-05-30
U4475,registered,2024-05-31
U4475,kyc_completed,2024-06-01
U4476,app_downloaded,2024-12-17
U4476,registered,2024-12-18
U4476,kyc_completed,2024-12-19
U4477,app_downloaded,2024-03-12
U4477,registered,2024-03-13
U4477,kyc_completed,2024-03-14
U4477,card_activated,2024-03-15
U4478,app_downloaded,2024-03-07
U4478,registered,2024-03-08
U4478,kyc_completed,2024-03-09
U4479,app_downloaded,2024-01-16
U4479,registered,2024-01-17
U4480,app_downloaded,2024-03-25
U4480,registered,2024-03-26
U4480,kyc_completed,2024-03-27
U4481,app_downloaded,2024-05-24
U4481,registered,2024-05-25
U4481,kyc_completed,2024-05-26
U4481,card_activated,2024-05-27
U4481,first_transaction,2024-05-28
U4482,app_downloaded,2024-12-30
U4482,registered,2024-12-31
U4482,kyc_completed,2025-01-01
U4483,app_downloaded,2024-03-29
U4483,registered,2024-03-30
U4483,kyc_completed,2024-03-31
U4484,app_downloaded,2024-08-11
U4484,registered,2024-08-12
U4484,kyc_completed,2024-08-13
U4484,card_activated,2024-08-14
U4484,first_transaction,2024-08-15
U4485,app_downloaded,2024-01-30
U4485,registered,2024-01-31
U4485,kyc_completed,2024-02-01
U4485,card_activated,2024-02-02
U4485,first_transaction,2024-02-03
U4486,app_downloaded,2024-02-09
U4486,registered,2024-02-10
U4487,app_downloaded,2024-11-08
U4487,registered,2024-11-09
U4487,kyc_completed,2024-11-10
U4487,card_activated,2024-11-11
U4487,first_transaction,2024-11-12
U4488,app_downloaded,2024-10-31
U4488,registered,2024-11-01
U4489,app_downloaded,2024-02-01
U4489,registered,2024-02-02
U4489,kyc_completed,2024-02-03
U4489,card_activated,2024-02-04
U4490,app_downloaded,2024-03-10
U4490,registered,2024-03-11
U4490,kyc_completed,2024-03-12
U4490,card_activated,2024-03-13
U4491,app_downloaded,2024-05-10
U4491,registered,2024-05-11
U4491,kyc_completed,2024-05-12
U4491,card_activated,2024-05-13
U4492,app_downloaded,2024-02-13
U4492,registered,2024-02-14
U4492,kyc_completed,2024-02-15
U4493,app_downloaded,2024-08-27
U4493,registered,2024-08-28
U4494,app_downloaded,2024-11-01
U4494,registered,2024-11-02
U4494,kyc_completed,2024-11-03
U4494,card_activated,2024-11-04
U4494,first_transaction,2024-11-05
U4495,app_downloaded,2024-05-21
U4495,registered,2024-05-22
U4495,kyc_completed,2024-05-23
U4495,card_activated,2024-05-24
U4496,app_downloaded,2024-11-13
U4496,registered,2024-11-14
U4496,kyc_completed,2024-11-15
U4496,card_activated,2024-11-16
U4496,first_transaction,2024-11-17
U4497,app_downloaded,2024-09-21
U4497,registered,2024-09-22
U4497,kyc_completed,2024-09-23
U4498,app_downloaded,2024-11-15
U4498,registered,2024-11-16
U4498,kyc_completed,2024-11-17
U4498,card_activated,2024-11-18
U4498,first_transaction,2024-11-19
U4499,app_downloaded,2024-05-07
U4499,registered,2024-05-08
U4499,kyc_completed,2024-05-09
U4499,card_activated,2024-05-10
U4499,first_transaction,2024-05-11
U4500,app_downloaded,2024-04-12
U4500,registered,2024-04-13
U4500,kyc_completed,2024-04-14
U4500,card_activated,2024-04-15
U4501,app_downloaded,2024-09-14
U4501,registered,2024-09-15
U4501,kyc_completed,2024-09-16
U4501,card_activated,2024-09-17
U4501,first_transaction,2024-09-18
U4502,app_downloaded,2024-11-22
U4502,registered,2024-11-23
U4502,kyc_completed,2024-11-24
U4502,card_activated,2024-11-25
U4502,first_transaction,2024-11-26
U4503,app_downloaded,2024-07-29
U4503,registered,2024-07-30
U4504,app_downloaded,2024-03-29
U4504,registered,2024-03-30
U4504,kyc_completed,2024-03-31
U4504,card_activated,2024-04-01
U4504,first_transaction,2024-04-02
U4505,app_downloaded,2024-12-19
U4506,app_downloaded,2024-03-18
U4506,registered,2024-03-19
U4506,kyc_completed,2024-03-20
U4507,app_downloaded,2024-03-12
U4507,registered,2024-03-13
U4508,app_downloaded,2024-02-15
U4508,registered,2024-02-16
U4508,kyc_completed,2024-02-17
U4509,app_downloaded,2024-01-23
U4509,registered,2024-01-24
U4509,kyc_completed,2024-01-25
U4510,app_downloaded,2024-04-23
U4510,registered,2024-04-24
U4510,kyc_completed,2024-04-25
U4511,app_downloaded,2024-01-31
U4511,registered,2024-02-01
U4512,app_downloaded,2024-04-13
U4512,registered,2024-04-14
U4512,kyc_completed,2024-04-15
U4513,app_downloaded,2024-02-03
U4513,registered,2024-02-04
U4513,kyc_completed,2024-02-05
U4513,card_activated,2024-02-06
U4514,app_downloaded,2024-07-04
U4514,registered,2024-07-05
U4514,kyc_completed,2024-07-06
U4514,card_activated,2024-07-07
U4515,app_downloaded,2024-09-21
U4515,registered,2024-09-22
U4516,app_downloaded,2024-08-17
U4516,registered,2024-08-18
U4516,kyc_completed,2024-08-19
U4516,card_activated,2024-08-20
U4517,app_downloaded,2024-03-20
U4517,registered,2024-03-21
U4517,kyc_completed,2024-03-22
U4518,app_downloaded,2024-01-05
U4518,registered,2024-01-06
U4519,app_downloaded,2024-11-02
U4519,registered,2024-11-03
U4519,kyc_completed,2024-11-04
U4519,card_activated,2024-11-05
U4519,first_transaction,2024-11-06
U4520,app_downloaded,2024-06-01
U4520,registered,2024-06-02
U4521,app_downloaded,2024-02-12
U4522,app_downloaded,2024-03-19
U4522,registered,2024-03-20
U4522,kyc_completed,2024-03-21
U4522,card_activated,2024-03-22
U4522,first_transaction,2024-03-23
U4523,app_downloaded,2024-11-14
U4523,registered,2024-11-15
U4523,kyc_completed,2024-11-16
U4523,card_activated,2024-11-17
U4524,app_downloaded,2024-09-22
U4524,registered,2024-09-23
U4524,kyc_completed,2024-09-24
U4525,app_downloaded,2024-10-03
U4525,registered,2024-10-04
U4525,kyc_completed,2024-10-05
U4525,card_activated,2024-10-06
U4525,first_transaction,2024-10-07
U4526,app_downloaded,2024-01-15
U4526,registered,2024-01-16
U4526,kyc_completed,2024-01-17
U4526,card_activated,2024-01-18
U4526,first_transaction,2024-01-19
U4527,app_downloaded,2024-12-15
U4527,registered,2024-12-16
U4527,kyc_completed,2024-12-17
U4527,card_activated,2024-12-18
U4528,app_downloaded,2024-12-12
U4528,registered,2024-12-13
U4528,kyc_completed,2024-12-14
U4528,card_activated,2024-12-15
U4528,first_transaction,2024-12-16
U4529,app_downloaded,2024-07-02
U4529,registered,2024-07-03
U4529,kyc_completed,2024-07-04
U4530,app_downloaded,2024-01-16
U4530,registered,2024-01-17
U4530,kyc_completed,2024-01-18
U4530,card_activated,2024-01-19
U4531,app_downloaded,2024-08-12
U4531,registered,2024-08-13
U4531,kyc_completed,2024-08-14
U4531,card_activated,2024-08-15
U4532,app_downloaded,2024-01-15
U4532,registered,2024-01-16
U4532,kyc_completed,2024-01-17
U4533,app_downloaded,2024-12-20
U4533,registered,2024-12-21
U4533,kyc_completed,2024-12-22
U4533,card_activated,2024-12-23
U4533,first_transaction,2024-12-24
U4534,app_downloaded,2024-10-23
U4535,app_downloaded,2024-06-06
U4535,registered,2024-06-07
U4535,kyc_completed,2024-06-08
U4535,card_activated,2024-06-09
U4535,first_transaction,2024-06-10
U4536,app_downloaded,2024-04-28
U4537,app_downloaded,2024-09-10
U4537,registered,2024-09-11
U4538,app_downloaded,2024-08-05
U4538,registered,2024-08-06
U4538,kyc_completed,2024-08-07
U4538,card_activated,2024-08-08
U4538,first_transaction,2024-08-09
U4539,app_downloaded,2024-02-14
U4539,registered,2024-02-15
U4539,kyc_completed,2024-02-16
U4539,card_activated,2024-02-17
U4540,app_downloaded,2024-08-11
U4540,registered,2024-08-12
U4540,kyc_completed,2024-08-13
U4540,card_activated,2024-08-14
U4540,first_transaction,2024-08-15
U4541,app_downloaded,2024-03-09
U4541,registered,2024-03-10
U4541,kyc_completed,2024-03-11
U4541,card_activated,2024-03-12
U4542,app_downloaded,2024-12-16
U4542,registered,2024-12-17
U4542,kyc_completed,2024-12-18
U4543,app_downloaded,2024-07-03
U4543,registered,2024-07-04
U4543,kyc_completed,2024-07-05
U4544,app_downloaded,2024-10-25
U4544,registered,2024-10-26
U4544,kyc_completed,2024-10-27
U4544,card_activated,2024-10-28
U4545,app_downloaded,2024-11-27
U4545,registered,2024-11-28
U4545,kyc_completed,2024-11-29
U4545,card_activated,2024-11-30
U4545,first_transaction,2024-12-01
U4546,app_downloaded,2024-08-20
U4546,registered,2024-08-21
U4546,kyc_completed,2024-08-22
U4546,card_activated,2024-08-23
U4546,first_transaction,2024-08-24
U4547,app_downloaded,2024-08-28
U4548,app_downloaded,2024-01-02
U4548,registered,2024-01-03
U4548,kyc_completed,2024-01-04
U4548,card_activated,2024-01-05
U4548,first_transaction,2024-01-06
U4549,app_downloaded,2024-09-23
U4549,registered,2024-09-24
U4550,app_downloaded,2024-04-17
U4550,registered,2024-04-18
U4550,kyc_completed,2024-04-19
U4550,card_activated,2024-04-20
U4551,app_downloaded,2024-01-23
U4551,registered,2024-01-24
U4551,kyc_completed,2024-01-25
U4551,card_activated,2024-01-26
U4552,app_downloaded,2024-07-13
U4552,registered,2024-07-14
U4552,kyc_completed,2024-07-15
U4553,app_downloaded,2024-08-29
U4553,registered,2024-08-30
U4553,kyc_completed,2024-08-31
U4553,card_activated,2024-09-01
U4554,app_downloaded,2024-01-11
U4554,registered,2024-01-12
U4554,kyc_completed,2024-01-13
U4554,card_activated,2024-01-14
U4554,first_transaction,2024-01-15
U4555,app_downloaded,2024-01-21
U4555,registered,2024-01-22
U4555,kyc_completed,2024-01-23
U4555,card_activated,2024-01-24
U4555,first_transaction,2024-01-25
U4556,app_downloaded,2024-11-08
U4556,registered,2024-11-09
U4556,kyc_completed,2024-11-10
U4556,card_activated,2024-11-11
U4556,first_transaction,2024-11-12
U4557,app_downloaded,2024-01-26
U4557,registered,2024-01-27
U4557,kyc_completed,2024-01-28
U4557,card_activated,2024-01-29
U4557,first_transaction,2024-01-30
U4558,app_downloaded,2024-11-04
U4558,registered,2024-11-05
U4558,kyc_completed,2024-11-06
U4559,app_downloaded,2024-12-14
U4559,registered,2024-12-15
U4559,kyc_completed,2024-12-16
U4559,card_activated,2024-12-17
U4560,app_downloaded,2024-07-09
U4560,registered,2024-07-10
U4561,app_downloaded,2024-08-21
U4561,registered,2024-08-22
U4561,kyc_completed,2024-08-23
U4562,app_downloaded,2024-06-16
U4562,registered,2024-06-17
U4563,app_downloaded,2024-08-10
U4563,registered,2024-08-11
U4563,kyc_completed,2024-08-12
U4563,card_activated,2024-08-13
U4563,first_transaction,2024-08-14
U4564,app_downloaded,2024-08-04
U4564,registered,2024-08-05
U4565,app_downloaded,2024-03-08
U4565,registered,2024-03-09
U4565,kyc_completed,2024-03-10
U4565,card_activated,2024-03-11
U4565,first_transaction,2024-03-12
U4566,app_downloaded,2024-11-24
U4566,registered,2024-11-25
U4566,kyc_completed,2024-11-26
U4566,card_activated,2024-11-27
U4566,first_transaction,2024-11-28
U4567,app_downloaded,2024-02-07
U4567,registered,2024-02-08
U4567,kyc_completed,2024-02-09
U4567,card_activated,2024-02-10
U4568,app_downloaded,2024-01-19
U4568,registered,2024-01-20
U4568,kyc_completed,2024-01-21
U4568,card_activated,2024-01-22
U4568,first_transaction,2024-01-23
U4569,app_downloaded,2024-12-19
U4570,app_downloaded,2024-10-22
U4571,app_downloaded,2024-03-08
U4571,registered,2024-03-09
U4571,kyc_completed,2024-03-10
U4572,app_downloaded,2024-04-23
U4572,registered,2024-04-24
U4572,kyc_completed,2024-04-25
U4572,card_activated,2024-04-26
U4572,first_transaction,2024-04-27
U4573,app_downloaded,2024-10-04
U4573,registered,2024-10-05
U4574,app_downloaded,2024-12-19
U4574,registered,2024-12-20
U4574,kyc_completed,2024-12-21
U4574,card_activated,2024-12-22
U4575,app_downloaded,2024-12-12
U4575,registered,2024-12-13
U4575,kyc_completed,2024-12-14
U4575,card_activated,2024-12-15
U4575,first_transaction,2024-12-16
U4576,app_downloaded,2024-05-16
U4576,registered,2024-05-17
U4577,app_downloaded,2024-03-10
U4577,registered,2024-03-11
U4577,kyc_completed,2024-03-12
U4578,app_downloaded,2024-11-15
U4578,registered,2024-11-16
U4578,kyc_completed,2024-11-17
U4578,card_activated,2024-11-18
U4578,first_transaction,2024-11-19
U4579,app_downloaded,2024-11-10
U4579,registered,2024-11-11
U4579,kyc_completed,2024-11-12
U4579,card_activated,2024-11-13
U4579,first_transaction,2024-11-14
U4580,app_downloaded,2024-05-14
U4580,registered,2024-05-15
U4580,kyc_completed,2024-05-16
U4581,app_downloaded,2024-12-19
U4581,registered,2024-12-20
U4581,kyc_completed,2024-12-21
U4581,card_activated,2024-12-22
U4582,app_downloaded,2024-04-16
U4582,registered,2024-04-17
U4583,app_downloaded,2024-03-21
U4584,app_downloaded,2024-02-01
U4584,registered,2024-02-02
U4584,kyc_completed,2024-02-03
U4585,app_downloaded,2024-01-13
U4585,registered,2024-01-14
U4585,kyc_completed,2024-01-15
U4586,app_downloaded,2024-01-29
U4586,registered,2024-01-30
U4586,kyc_completed,2024-01-31
U4586,card_activated,2024-02-01
U4586,first_transaction,2024-02-02
U4587,app_downloaded,2024-09-04
U4587,registered,2024-09-05
U4587,kyc_completed,2024-09-06
U4587,card_activated,2024-09-07
U4587,first_transaction,2024-09-08
U4588,app_downloaded,2024-03-12
U4588,registered,2024-03-13
U4588,kyc_completed,2024-03-14
U4588,card_activated,2024-03-15
U4588,first_transaction,2024-03-16
U4589,app_downloaded,2024-06-06
U4589,registered,2024-06-07
U4589,kyc_completed,2024-06-08
U4589,card_activated,2024-06-09
U4590,app_downloaded,2024-03-16
U4590,registered,2024-03-17
U4590,kyc_completed,2024-03-18
U4590,card_activated,2024-03-19
U4590,first_transaction,2024-03-20
U4591,app_downloaded,2024-07-08
U4591,registered,2024-07-09
U4592,app_downloaded,2024-10-11
U4592,registered,2024-10-12
U4593,app_downloaded,2024-02-13
U4594,app_downloaded,2024-11-25
U4594,registered,2024-11-26
U4595,app_downloaded,2024-02-03
U4595,registered,2024-02-04
U4595,kyc_completed,2024-02-05
U4595,card_activated,2024-02-06
U4595,first_transaction,2024-02-07
U4596,app_downloaded,2024-10-11
U4596,registered,2024-10-12
U4597,app_downloaded,2024-09-28
U4597,registered,2024-09-29
U4597,kyc_completed,2024-09-30
U4597,card_activated,2024-10-01
U4597,first_transaction,2024-10-02
U4598,app_downloaded,2024-11-20
U4598,registered,2024-11-21
U4598,kyc_completed,2024-11-22
U4598,card_activated,2024-11-23
U4599,app_downloaded,2024-08-03
U4599,registered,2024-08-04
U4599,kyc_completed,2024-08-05
U4599,card_activated,2024-08-06
U4599,first_transaction,2024-08-07
U4600,app_downloaded,2024-12-22
U4600,registered,2024-12-23
U4601,app_downloaded,2024-01-17
U4602,app_downloaded,2024-10-27
U4602,registered,2024-10-28
U4602,kyc_completed,2024-10-29
U4603,app_downloaded,2024-06-05
U4603,registered,2024-06-06
U4603,kyc_completed,2024-06-07
U4603,card_activated,2024-06-08
U4604,app_downloaded,2024-05-06
U4604,registered,2024-05-07
U4604,kyc_completed,2024-05-08
U4604,card_activated,2024-05-09
U4605,app_downloaded,2024-10-17
U4605,registered,2024-10-18
U4605,kyc_completed,2024-10-19
U4606,app_downloaded,2024-12-03
U4606,registered,2024-12-04
U4606,kyc_completed,2024-12-05
U4606,card_activated,2024-12-06
U4607,app_downloaded,2024-08-15
U4607,registered,2024-08-16
U4607,kyc_completed,2024-08-17
U4608,app_downloaded,2024-08-09
U4609,app_downloaded,2024-09-30
U4609,registered,2024-10-01
U4609,kyc_completed,2024-10-02
U4609,card_activated,2024-10-03
U4609,first_transaction,2024-10-04
U4610,app_downloaded,2024-07-18
U4610,registered,2024-07-19
U4610,kyc_completed,2024-07-20
U4610,card_activated,2024-07-21
U4611,app_downloaded,2024-04-05
U4611,registered,2024-04-06
U4611,kyc_completed,2024-04-07
U4611,card_activated,2024-04-08
U4611,first_transaction,2024-04-09
U4612,app_downloaded,2024-11-30
U4612,registered,2024-12-01
U4612,kyc_completed,2024-12-02
U4612,card_activated,2024-12-03
U4612,first_transaction,2024-12-04
U4613,app_downloaded,2024-06-06
U4613,registered,2024-06-07
U4613,kyc_completed,2024-06-08
U4613,card_activated,2024-06-09
U4613,first_transaction,2024-06-10
U4614,app_downloaded,2024-10-18
U4614,registered,2024-10-19
U4614,kyc_completed,2024-10-20
U4614,card_activated,2024-10-21
U4614,first_transaction,2024-10-22
U4615,app_downloaded,2024-08-04
U4615,registered,2024-08-05
U4615,kyc_completed,2024-08-06
U4615,card_activated,2024-08-07
U4615,first_transaction,2024-08-08
U4616,app_downloaded,2024-12-20
U4616,registered,2024-12-21
U4616,kyc_completed,2024-12-22
U4616,card_activated,2024-12-23
U4616,first_transaction,2024-12-24
U4617,app_downloaded,2024-05-02
U4617,registered,2024-05-03
U4617,kyc_completed,2024-05-04
U4618,app_downloaded,2024-09-12
U4618,registered,2024-09-13
U4618,kyc_completed,2024-09-14
U4619,app_downloaded,2024-08-06
U4619,registered,2024-08-07
U4619,kyc_completed,2024-08-08
U4619,card_activated,2024-08-09
U4619,first_transaction,2024-08-10
U4620,app_downloaded,2024-05-23
U4620,registered,2024-05-24
U4620,kyc_completed,2024-05-25
U4620,card_activated,2024-05-26
U4620,first_transaction,2024-05-27
U4621,app_downloaded,2024-07-06
U4621,registered,2024-07-07
U4621,kyc_completed,2024-07-08
U4621,card_activated,2024-07-09
U4621,first_transaction,2024-07-10
U4622,app_downloaded,2024-12-04
U4622,registered,2024-12-05
U4623,app_downloaded,2024-10-31
U4623,registered,2024-11-01
U4623,kyc_completed,2024-11-02
U4623,card_activated,2024-11-03
U4624,app_downloaded,2024-10-08
U4624,registered,2024-10-09
U4624,kyc_completed,2024-10-10
U4624,card_activated,2024-10-11
U4624,first_transaction,2024-10-12
U4625,app_downloaded,2024-03-16
U4625,registered,2024-03-17
U4625,kyc_completed,2024-03-18
U4625,card_activated,2024-03-19
U4625,first_transaction,2024-03-20
U4626,app_downloaded,2024-06-18
U4626,registered,2024-06-19
U4626,kyc_completed,2024-06-20
U4627,app_downloaded,2024-10-18
U4627,registered,2024-10-19
U4627,kyc_completed,2024-10-20
U4627,card_activated,2024-10-21
U4628,app_downloaded,2024-09-11
U4628,registered,2024-09-12
U4628,kyc_completed,2024-09-13
U4628,card_activated,2024-09-14
U4628,first_transaction,2024-09-15
U4629,app_downloaded,2024-09-09
U4629,registered,2024-09-10
U4629,kyc_completed,2024-09-11
U4629,card_activated,2024-09-12
U4630,app_downloaded,2024-01-16
U4630,registered,2024-01-17
U4630,kyc_completed,2024-01-18
U4630,card_activated,2024-01-19
U4631,app_downloaded,2024-01-31
U4631,registered,2024-02-01
U4631,kyc_completed,2024-02-02
U4631,card_activated,2024-02-03
U4632,app_downloaded,2024-08-07
U4632,registered,2024-08-08
U4632,kyc_completed,2024-08-09
U4633,app_downloaded,2024-02-06
U4633,registered,2024-02-07
U4633,kyc_completed,2024-02-08
U4634,app_downloaded,2024-08-31
U4634,registered,2024-09-01
U4634,kyc_completed,2024-09-02
U4634,card_activated,2024-09-03
U4634,first_transaction,2024-09-04
U4635,app_downloaded,2024-07-08
U4635,registered,2024-07-09
U4635,kyc_completed,2024-07-10
U4635,card_activated,2024-07-11
U4635,first_transaction,2024-07-12
U4636,app_downloaded,2024-01-20
U4636,registered,2024-01-21
U4636,kyc_completed,2024-01-22
U4637,app_downloaded,2024-07-01
U4637,registered,2024-07-02
U4637,kyc_completed,2024-07-03
U4637,card_activated,2024-07-04
U4637,first_transaction,2024-07-05
U4638,app_downloaded,2024-07-10
U4638,registered,2024-07-11
U4638,kyc_completed,2024-07-12
U4639,app_downloaded,2024-01-25
U4640,app_downloaded,2024-08-28
U4641,app_downloaded,2024-07-24
U4641,registered,2024-07-25
U4641,kyc_completed,2024-07-26
U4642,app_downloaded,2024-11-04
U4642,registered,2024-11-05
U4642,kyc_completed,2024-11-06
U4643,app_downloaded,2024-07-24
U4643,registered,2024-07-25
U4643,kyc_completed,2024-07-26
U4643,card_activated,2024-07-27
U4643,first_transaction,2024-07-28
U4644,app_downloaded,2024-04-05
U4644,registered,2024-04-06
U4644,kyc_completed,2024-04-07
U4644,card_activated,2024-04-08
U4644,first_transaction,2024-04-09
U4645,app_downloaded,2024-06-01
U4645,registered,2024-06-02
U4645,kyc_completed,2024-06-03
U4645,card_activated,2024-06-04
U4646,app_downloaded,2024-07-12
U4647,app_downloaded,2024-06-01
U4647,registered,2024-06-02
U4647,kyc_completed,2024-06-03
U4647,card_activated,2024-06-04
U4648,app_downloaded,2024-10-19
U4648,registered,2024-10-20
U4648,kyc_completed,2024-10-21
U4648,card_activated,2024-10-22
U4649,app_downloaded,2024-08-22
U4649,registered,2024-08-23
U4649,kyc_completed,2024-08-24
U4649,card_activated,2024-08-25
U4650,app_downloaded,2024-07-27
U4650,registered,2024-07-28
U4650,kyc_completed,2024-07-29
U4651,app_downloaded,2024-05-16
U4651,registered,2024-05-17
U4651,kyc_completed,2024-05-18
U4651,card_activated,2024-05-19
U4651,first_transaction,2024-05-20
U4652,app_downloaded,2024-10-04
U4652,registered,2024-10-05
U4652,kyc_completed,2024-10-06
U4652,card_activated,2024-10-07
U4652,first_transaction,2024-10-08
U4653,app_downloaded,2024-12-05
U4653,registered,2024-12-06
U4653,kyc_completed,2024-12-07
U4653,card_activated,2024-12-08
U4653,first_transaction,2024-12-09
U4654,app_downloaded,2024-11-05
U4654,registered,2024-11-06
U4655,app_downloaded,2024-11-03
U4655,registered,2024-11-04
U4655,kyc_completed,2024-11-05
U4655,card_activated,2024-11-06
U4656,app_downloaded,2024-01-29
U4656,registered,2024-01-30
U4656,kyc_completed,2024-01-31
U4656,card_activated,2024-02-01
U4657,app_downloaded,2024-05-30
U4657,registered,2024-05-31
U4657,kyc_completed,2024-06-01
U4658,app_downloaded,2024-12-06
U4658,registered,2024-12-07
U4658,kyc_completed,2024-12-08
U4658,card_activated,2024-12-09
U4659,app_downloaded,2024-04-07
U4659,registered,2024-04-08
U4659,kyc_completed,2024-04-09
U4660,app_downloaded,2024-03-13
U4660,registered,2024-03-14
U4660,kyc_completed,2024-03-15
U4660,card_activated,2024-03-16
U4661,app_downloaded,2024-05-01
U4661,registered,2024-05-02
U4661,kyc_completed,2024-05-03
U4662,app_downloaded,2024-10-19
U4662,registered,2024-10-20
U4662,kyc_completed,2024-10-21
U4662,card_activated,2024-10-22
U4662,first_transaction,2024-10-23
U4663,app_downloaded,2024-08-02
U4663,registered,2024-08-03
U4663,kyc_completed,2024-08-04
U4663,card_activated,2024-08-05
U4663,first_transaction,2024-08-06
U4664,app_downloaded,2024-08-17
U4664,registered,2024-08-18
U4664,kyc_completed,2024-08-19
U4665,app_downloaded,2024-12-22
U4665,registered,2024-12-23
U4665,kyc_completed,2024-12-24
U4665,card_activated,2024-12-25
U4665,first_transaction,2024-12-26
U4666,app_downloaded,2024-08-02
U4666,registered,2024-08-03
U4667,app_downloaded,2024-01-30
U4667,registered,2024-01-31
U4667,kyc_completed,2024-02-01
U4667,card_activated,2024-02-02
U4668,app_downloaded,2024-11-05
U4668,registered,2024-11-06
U4668,kyc_completed,2024-11-07
U4669,app_downloaded,2024-03-09
U4669,registered,2024-03-10
U4669,kyc_completed,2024-03-11
U4669,card_activated,2024-03-12
U4670,app_downloaded,2024-06-13
U4670,registered,2024-06-14
U4670,kyc_completed,2024-06-15
U4670,card_activated,2024-06-16
U4671,app_downloaded,2024-10-25
U4671,registered,2024-10-26
U4671,kyc_completed,2024-10-27
U4671,card_activated,2024-10-28
U4672,app_downloaded,2024-09-07
U4672,registered,2024-09-08
U4672,kyc_completed,2024-09-09
U4672,card_activated,2024-09-10
U4673,app_downloaded,2024-01-02
U4673,registered,2024-01-03
U4673,kyc_completed,2024-01-04
U4674,app_downloaded,2024-01-31
U4674,registered,2024-02-01
U4674,kyc_completed,2024-02-02
U4674,card_activated,2024-02-03
U4674,first_transaction,2024-02-04
U4675,app_downloaded,2024-10-28
U4675,registered,2024-10-29
U4676,app_downloaded,2024-01-08
U4676,registered,2024-01-09
U4677,app_downloaded,2024-12-09
U4677,registered,2024-12-10
U4677,kyc_completed,2024-12-11
U4678,app_downloaded,2024-11-19
U4678,registered,2024-11-20
U4678,kyc_completed,2024-11-21
U4679,app_downloaded,2024-03-16
U4679,registered,2024-03-17
U4679,kyc_completed,2024-03-18
U4679,card_activated,2024-03-19
U4679,first_transaction,2024-03-20
U4680,app_downloaded,2024-05-09
U4680,registered,2024-05-10
U4680,kyc_completed,2024-05-11
U4680,card_activated,2024-05-12
U4680,first_transaction,2024-05-13
U4681,app_downloaded,2024-05-15
U4681,registered,2024-05-16
U4681,kyc_completed,2024-05-17
U4682,app_downloaded,2024-07-07
U4682,registered,2024-07-08
U4682,kyc_completed,2024-07-09
U4683,app_downloaded,2024-08-04
U4683,registered,2024-08-05
U4683,kyc_completed,2024-08-06
U4683,card_activated,2024-08-07
U4684,app_downloaded,2024-01-08
U4684,registered,2024-01-09
U4684,kyc_completed,2024-01-10
U4684,card_activated,2024-01-11
U4684,first_transaction,2024-01-12
U4685,app_downloaded,2024-06-01
U4685,registered,2024-06-02
U4685,kyc_completed,2024-06-03
U4685,card_activated,2024-06-04
U4685,first_transaction,2024-06-05
U4686,app_downloaded,2024-05-14
U4686,registered,2024-05-15
U4686,kyc_completed,2024-05-16
U4686,card_activated,2024-05-17
U4686,first_transaction,2024-05-18
U4687,app_downloaded,2024-04-30
U4688,app_downloaded,2024-07-09
U4688,registered,2024-07-10
U4688,kyc_completed,2024-07-11
U4688,card_activated,2024-07-12
U4688,first_transaction,2024-07-13
U4689,app_downloaded,2024-11-16
U4689,registered,2024-11-17
U4690,app_downloaded,2024-10-19
U4690,registered,2024-10-20
U4690,kyc_completed,2024-10-21
U4690,card_activated,2024-10-22
U4690,first_transaction,2024-10-23
U4691,app_downloaded,2024-10-31
U4691,registered,2024-11-01
U4692,app_downloaded,2024-09-19
U4692,registered,2024-09-20
U4693,app_downloaded,2024-12-25
U4693,registered,2024-12-26
U4693,kyc_completed,2024-12-27
U4694,app_downloaded,2024-05-25
U4694,registered,2024-05-26
U4694,kyc_completed,2024-05-27
U4695,app_downloaded,2024-03-08
U4695,registered,2024-03-09
U4695,kyc_completed,2024-03-10
U4695,card_activated,2024-03-11
U4695,first_transaction,2024-03-12
U4696,app_downloaded,2024-02-25
U4696,registered,2024-02-26
U4696,kyc_completed,2024-02-27
U4697,app_downloaded,2024-04-29
U4697,registered,2024-04-30
U4697,kyc_completed,2024-05-01
U4697,card_activated,2024-05-02
U4697,first_transaction,2024-05-03
U4698,app_downloaded,2024-11-28
U4698,registered,2024-11-29
U4698,kyc_completed,2024-11-30
U4699,app_downloaded,2024-09-04
U4699,registered,2024-09-05
U4699,kyc_completed,2024-09-06
U4699,card_activated,2024-09-07
U4700,app_downloaded,2024-10-03
U4700,registered,2024-10-04
U4700,kyc_completed,2024-10-05
U4700,card_activated,2024-10-06
U4700,first_transaction,2024-10-07
U4701,app_downloaded,2024-05-25
U4701,registered,2024-05-26
U4702,app_downloaded,2024-06-13
U4702,registered,2024-06-14
U4702,kyc_completed,2024-06-15
U4702,card_activated,2024-06-16
U4703,app_downloaded,2024-01-01
U4703,registered,2024-01-02
U4703,kyc_completed,2024-01-03
U4703,card_activated,2024-01-04
U4704,app_downloaded,2024-01-13
U4704,registered,2024-01-14
U4704,kyc_completed,2024-01-15
U4704,card_activated,2024-01-16
U4704,first_transaction,2024-01-17
U4705,app_downloaded,2024-04-15
U4705,registered,2024-04-16
U4706,app_downloaded,2024-08-13
U4706,registered,2024-08-14
U4706,kyc_completed,2024-08-15
U4706,card_activated,2024-08-16
U4707,app_downloaded,2024-01-02
U4707,registered,2024-01-03
U4707,kyc_completed,2024-01-04
U4708,app_downloaded,2024-05-21
U4708,registered,2024-05-22
U4709,app_downloaded,2024-11-04
U4709,registered,2024-11-05
U4709,kyc_completed,2024-11-06
U4709,card_activated,2024-11-07
U4709,first_transaction,2024-11-08
U4710,app_downloaded,2024-07-08
U4710,registered,2024-07-09
U4710,kyc_completed,2024-07-10
U4710,card_activated,2024-07-11
U4711,app_downloaded,2024-12-25
U4711,registered,2024-12-26
U4711,kyc_completed,2024-12-27
U4711,card_activated,2024-12-28
U4711,first_transaction,2024-12-29
U4712,app_downloaded,2024-05-22
U4712,registered,2024-05-23
U4712,kyc_completed,2024-05-24
U4712,card_activated,2024-05-25
U4712,first_transaction,2024-05-26
U4713,app_downloaded,2024-06-30
U4713,registered,2024-07-01
U4713,kyc_completed,2024-07-02
U4713,card_activated,2024-07-03
U4713,first_transaction,2024-07-04
U4714,app_downloaded,2024-04-21
U4714,registered,2024-04-22
U4715,app_downloaded,2024-11-30
U4715,registered,2024-12-01
U4715,kyc_completed,2024-12-02
U4715,card_activated,2024-12-03
U4716,app_downloaded,2024-01-28
U4716,registered,2024-01-29
U4716,kyc_completed,2024-01-30
U4716,card_activated,2024-01-31
U4717,app_downloaded,2024-01-06
U4717,registered,2024-01-07
U4717,kyc_completed,2024-01-08
U4717,card_activated,2024-01-09
U4717,first_transaction,2024-01-10
U4718,app_downloaded,2024-03-06
U4718,registered,2024-03-07
U4719,app_downloaded,2024-04-26
U4719,registered,2024-04-27
U4719,kyc_completed,2024-04-28
U4719,card_activated,2024-04-29
U4720,app_downloaded,2024-11-06
U4720,registered,2024-11-07
U4720,kyc_completed,2024-11-08
U4720,card_activated,2024-11-09
U4721,app_downloaded,2024-05-22
U4721,registered,2024-05-23
U4721,kyc_completed,2024-05-24
U4721,card_activated,2024-05-25
U4721,first_transaction,2024-05-26
U4722,app_downloaded,2024-02-01
U4722,registered,2024-02-02
U4722,kyc_completed,2024-02-03
U4722,card_activated,2024-02-04
U4722,first_transaction,2024-02-05
U4723,app_downloaded,2024-05-17
U4723,registered,2024-05-18
U4723,kyc_completed,2024-05-19
U4723,card_activated,2024-05-20
U4723,first_transaction,2024-05-21
U4724,app_downloaded,2024-06-11
U4724,registered,2024-06-12
U4725,app_downloaded,2024-11-16
U4725,registered,2024-11-17
U4725,kyc_completed,2024-11-18
U4726,app_downloaded,2024-08-24
U4726,registered,2024-08-25
U4726,kyc_completed,2024-08-26
U4726,card_activated,2024-08-27
U4727,app_downloaded,2024-09-09
U4727,registered,2024-09-10
U4728,app_downloaded,2024-08-17
U4729,app_downloaded,2024-07-19
U4729,registered,2024-07-20
U4729,kyc_completed,2024-07-21
U4729,card_activated,2024-07-22
U4729,first_transaction,2024-07-23
U4730,app_downloaded,2024-06-25
U4730,registered,2024-06-26
U4731,app_downloaded,2024-04-11
U4731,registered,2024-04-12
U4731,kyc_completed,2024-04-13
U4731,card_activated,2024-04-14
U4731,first_transaction,2024-04-15
U4732,app_downloaded,2024-10-02
U4732,registered,2024-10-03
U4732,kyc_completed,2024-10-04
U4732,card_activated,2024-10-05
U4732,first_transaction,2024-10-06
U4733,app_downloaded,2024-07-31
U4733,registered,2024-08-01
U4733,kyc_completed,2024-08-02
U4733,card_activated,2024-08-03
U4733,first_transaction,2024-08-04
U4734,app_downloaded,2024-02-27
U4734,registered,2024-02-28
U4734,kyc_completed,2024-02-29
U4734,card_activated,2024-03-01
U4734,first_transaction,2024-03-02
U4735,app_downloaded,2024-05-24
U4735,registered,2024-05-25
U4735,kyc_completed,2024-05-26
U4735,card_activated,2024-05-27
U4736,app_downloaded,2024-10-22
U4736,registered,2024-10-23
U4736,kyc_completed,2024-10-24
U4736,card_activated,2024-10-25
U4737,app_downloaded,2024-10-10
U4737,registered,2024-10-11
U4737,kyc_completed,2024-10-12
U4737,card_activated,2024-10-13
U4738,app_downloaded,2024-02-10
U4738,registered,2024-02-11
U4739,app_downloaded,2024-05-26
U4739,registered,2024-05-27
U4739,kyc_completed,2024-05-28
U4740,app_downloaded,2024-05-10
U4740,registered,2024-05-11
U4740,kyc_completed,2024-05-12
U4740,card_activated,2024-05-13
U4741,app_downloaded,2024-09-29
U4741,registered,2024-09-30
U4741,kyc_completed,2024-10-01
U4741,card_activated,2024-10-02
U4741,first_transaction,2024-10-03
U4742,app_downloaded,2024-11-14
U4742,registered,2024-11-15
U4742,kyc_completed,2024-11-16
U4742,card_activated,2024-11-17
U4743,app_downloaded,2024-03-22
U4743,registered,2024-03-23
U4743,kyc_completed,2024-03-24
U4743,card_activated,2024-03-25
U4743,first_transaction,2024-03-26
U4744,app_downloaded,2024-10-28
U4744,registered,2024-10-29
U4745,app_downloaded,2024-07-02
U4745,registered,2024-07-03
U4745,kyc_completed,2024-07-04
U4745,card_activated,2024-07-05
U4746,app_downloaded,2024-12-02
U4747,app_downloaded,2024-07-25
U4747,registered,2024-07-26
U4747,kyc_completed,2024-07-27
U4747,card_activated,2024-07-28
U4748,app_downloaded,2024-09-21
U4748,registered,2024-09-22
U4748,kyc_completed,2024-09-23
U4748,card_activated,2024-09-24
U4748,first_transaction,2024-09-25
U4749,app_downloaded,2024-09-17
U4749,registered,2024-09-18
U4749,kyc_completed,2024-09-19
U4749,card_activated,2024-09-20
U4749,first_transaction,2024-09-21
U4750,app_downloaded,2024-12-11
U4751,app_downloaded,2024-09-06
U4751,registered,2024-09-07
U4751,kyc_completed,2024-09-08
U4751,card_activated,2024-09-09
U4751,first_transaction,2024-09-10
U4752,app_downloaded,2024-01-11
U4753,app_downloaded,2024-08-07
U4753,registered,2024-08-08
U4753,kyc_completed,2024-08-09
U4753,card_activated,2024-08-10
U4754,app_downloaded,2024-01-31
U4754,registered,2024-02-01
U4754,kyc_completed,2024-02-02
U4754,card_activated,2024-02-03
U4755,app_downloaded,2024-09-02
U4755,registered,2024-09-03
U4756,app_downloaded,2024-12-01
U4756,registered,2024-12-02
U4756,kyc_completed,2024-12-03
U4756,card_activated,2024-12-04
U4756,first_transaction,2024-12-05
U4757,app_downloaded,2024-10-08
U4757,registered,2024-10-09
U4757,kyc_completed,2024-10-10
U4758,app_downloaded,2024-08-26
U4758,registered,2024-08-27
U4758,kyc_completed,2024-08-28
U4758,card_activated,2024-08-29
U4758,first_transaction,2024-08-30
U4759,app_downloaded,2024-09-28
U4759,registered,2024-09-29
U4759,kyc_completed,2024-09-30
U4759,card_activated,2024-10-01
U4760,app_downloaded,2024-04-07
U4761,app_downloaded,2024-02-16
U4761,registered,2024-02-17
U4761,kyc_completed,2024-02-18
U4761,card_activated,2024-02-19
U4761,first_transaction,2024-02-20
U4762,app_downloaded,2024-09-22
U4762,registered,2024-09-23
U4762,kyc_completed,2024-09-24
U4762,card_activated,2024-09-25
U4762,first_transaction,2024-09-26
U4763,app_downloaded,2024-03-29
U4763,registered,2024-03-30
U4763,kyc_completed,2024-03-31
U4764,app_downloaded,2024-10-19
U4764,registered,2024-10-20
U4764,kyc_completed,2024-10-21
U4765,app_downloaded,2024-01-19
U4765,registered,2024-01-20
U4765,kyc_completed,2024-01-21
U4765,card_activated,2024-01-22
U4765,first_transaction,2024-01-23
U4766,app_downloaded,2024-02-22
U4766,registered,2024-02-23
U4766,kyc_completed,2024-02-24
U4766,card_activated,2024-02-25
U4767,app_downloaded,2024-07-14
U4767,registered,2024-07-15
U4768,app_downloaded,2024-01-28
U4768,registered,2024-01-29
U4768,kyc_completed,2024-01-30
U4768,card_activated,2024-01-31
U4768,first_transaction,2024-02-01
U4769,app_downloaded,2024-12-05
U4769,registered,2024-12-06
U4769,kyc_completed,2024-12-07
U4770,app_downloaded,2024-07-13
U4770,registered,2024-07-14
U4770,kyc_completed,2024-07-15
U4771,app_downloaded,2024-02-29
U4771,registered,2024-03-01
U4771,kyc_completed,2024-03-02
U4771,card_activated,2024-03-03
U4771,first_transaction,2024-03-04
U4772,app_downloaded,2024-01-20
U4772,registered,2024-01-21
U4772,kyc_completed,2024-01-22
U4772,card_activated,2024-01-23
U4772,first_transaction,2024-01-24
U4773,app_downloaded,2024-07-12
U4773,registered,2024-07-13
U4773,kyc_completed,2024-07-14
U4773,card_activated,2024-07-15
U4773,first_transaction,2024-07-16
U4774,app_downloaded,2024-08-28
U4774,registered,2024-08-29
U4774,kyc_completed,2024-08-30
U4774,card_activated,2024-08-31
U4774,first_transaction,2024-09-01
U4775,app_downloaded,2024-09-27
U4775,registered,2024-09-28
U4775,kyc_completed,2024-09-29
U4775,card_activated,2024-09-30
U4775,first_transaction,2024-10-01
U4776,app_downloaded,2024-05-30
U4776,registered,2024-05-31
U4776,kyc_completed,2024-06-01
U4776,card_activated,2024-06-02
U4776,first_transaction,2024-06-03
U4777,app_downloaded,2024-10-20
U4777,registered,2024-10-21
U4777,kyc_completed,2024-10-22
U4778,app_downloaded,2024-11-13
U4778,registered,2024-11-14
U4778,kyc_completed,2024-11-15
U4779,app_downloaded,2024-06-24
U4779,registered,2024-06-25
U4779,kyc_completed,2024-06-26
U4779,card_activated,2024-06-27
U4779,first_transaction,2024-06-28
U4780,app_downloaded,2024-04-05
U4780,registered,2024-04-06
U4780,kyc_completed,2024-04-07
U4781,app_downloaded,2024-02-08
U4781,registered,2024-02-09
U4781,kyc_completed,2024-02-10
U4781,card_activated,2024-02-11
U4782,app_downloaded,2024-06-14
U4782,registered,2024-06-15
U4782,kyc_completed,2024-06-16
U4783,app_downloaded,2024-12-01
U4783,registered,2024-12-02
U4783,kyc_completed,2024-12-03
U4784,app_downloaded,2024-02-23
U4784,registered,2024-02-24
U4785,app_downloaded,2024-06-24
U4785,registered,2024-06-25
U4785,kyc_completed,2024-06-26
U4785,card_activated,2024-06-27
U4786,app_downloaded,2024-04-30
U4786,registered,2024-05-01
U4786,kyc_completed,2024-05-02
U4787,app_downloaded,2024-01-12
U4787,registered,2024-01-13
U4787,kyc_completed,2024-01-14
U4787,card_activated,2024-01-15
U4787,first_transaction,2024-01-16
U4788,app_downloaded,2024-04-08
U4788,registered,2024-04-09
U4788,kyc_completed,2024-04-10
U4788,card_activated,2024-04-11
U4788,first_transaction,2024-04-12
U4789,app_downloaded,2024-12-08
U4789,registered,2024-12-09
U4789,kyc_completed,2024-12-10
U4789,card_activated,2024-12-11
U4789,first_transaction,2024-12-12
U4790,app_downloaded,2024-04-10
U4790,registered,2024-04-11
U4790,kyc_completed,2024-04-12
U4790,card_activated,2024-04-13
U4790,first_transaction,2024-04-14
U4791,app_downloaded,2024-01-29
U4791,registered,2024-01-30
U4791,kyc_completed,2024-01-31
U4791,card_activated,2024-02-01
U4792,app_downloaded,2024-05-14
U4792,registered,2024-05-15
U4792,kyc_completed,2024-05-16
U4792,card_activated,2024-05-17
U4793,app_downloaded,2024-06-13
U4793,registered,2024-06-14
U4793,kyc_completed,2024-06-15
U4793,card_activated,2024-06-16
U4793,first_transaction,2024-06-17
U4794,app_downloaded,2024-12-02
U4794,registered,2024-12-03
U4795,app_downloaded,2024-12-19
U4795,registered,2024-12-20
U4795,kyc_completed,2024-12-21
U4795,card_activated,2024-12-22
U4795,first_transaction,2024-12-23
U4796,app_downloaded,2024-09-03
U4796,registered,2024-09-04
U4796,kyc_completed,2024-09-05
U4796,card_activated,2024-09-06
U4796,first_transaction,2024-09-07
U4797,app_downloaded,2024-02-23
U4797,registered,2024-02-24
U4797,kyc_completed,2024-02-25
U4798,app_downloaded,2024-03-05
U4798,registered,2024-03-06
U4799,app_downloaded,2024-07-19
U4799,registered,2024-07-20
U4799,kyc_completed,2024-07-21
U4799,card_activated,2024-07-22
U4799,first_transaction,2024-07-23
U4800,app_downloaded,2024-07-30
U4800,registered,2024-07-31
U4800,kyc_completed,2024-08-01
U4800,card_activated,2024-08-02
U4800,first_transaction,2024-08-03
U4801,app_downloaded,2024-01-30
U4801,registered,2024-01-31
U4801,kyc_completed,2024-02-01
U4802,app_downloaded,2024-07-02
U4802,registered,2024-07-03
U4802,kyc_completed,2024-07-04
U4802,card_activated,2024-07-05
U4803,app_downloaded,2024-03-27
U4803,registered,2024-03-28
U4804,app_downloaded,2024-07-05
U4804,registered,2024-07-06
U4805,app_downloaded,2024-01-14
U4805,registered,2024-01-15
U4805,kyc_completed,2024-01-16
U4805,card_activated,2024-01-17
U4805,first_transaction,2024-01-18
U4806,app_downloaded,2024-12-02
U4806,registered,2024-12-03
U4806,kyc_completed,2024-12-04
U4807,app_downloaded,2024-07-22
U4807,registered,2024-07-23
U4807,kyc_completed,2024-07-24
U4807,card_activated,2024-07-25
U4807,first_transaction,2024-07-26
U4808,app_downloaded,2024-04-16
U4808,registered,2024-04-17
U4808,kyc_completed,2024-04-18
U4809,app_downloaded,2024-05-01
U4809,registered,2024-05-02
U4810,app_downloaded,2024-02-26
U4810,registered,2024-02-27
U4810,kyc_completed,2024-02-28
U4810,card_activated,2024-02-29
U4810,first_transaction,2024-03-01
U4811,app_downloaded,2024-11-24
U4811,registered,2024-11-25
U4811,kyc_completed,2024-11-26
U4812,app_downloaded,2024-11-05
U4812,registered,2024-11-06
U4812,kyc_completed,2024-11-07
U4812,card_activated,2024-11-08
U4812,first_transaction,2024-11-09
U4813,app_downloaded,2024-09-19
U4813,registered,2024-09-20
U4813,kyc_completed,2024-09-21
U4813,card_activated,2024-09-22
U4813,first_transaction,2024-09-23
U4814,app_downloaded,2024-03-03
U4814,registered,2024-03-04
U4814,kyc_completed,2024-03-05
U4814,card_activated,2024-03-06
U4815,app_downloaded,2024-08-03
U4815,registered,2024-08-04
U4815,kyc_completed,2024-08-05
U4815,card_activated,2024-08-06
U4815,first_transaction,2024-08-07
U4816,app_downloaded,2024-01-17
U4816,registered,2024-01-18
U4817,app_downloaded,2024-09-09
U4818,app_downloaded,2024-11-18
U4818,registered,2024-11-19
U4818,kyc_completed,2024-11-20
U4818,card_activated,2024-11-21
U4818,first_transaction,2024-11-22
U4819,app_downloaded,2024-11-05
U4819,registered,2024-11-06
U4819,kyc_completed,2024-11-07
U4819,card_activated,2024-11-08
U4819,first_transaction,2024-11-09
U4820,app_downloaded,2024-10-04
U4820,registered,2024-10-05
U4820,kyc_completed,2024-10-06
U4820,card_activated,2024-10-07
U4820,first_transaction,2024-10-08
U4821,app_downloaded,2024-01-05
U4821,registered,2024-01-06
U4821,kyc_completed,2024-01-07
U4821,card_activated,2024-01-08
U4821,first_transaction,2024-01-09
U4822,app_downloaded,2024-06-06
U4823,app_downloaded,2024-06-19
U4823,registered,2024-06-20
U4823,kyc_completed,2024-06-21
U4823,card_activated,2024-06-22
U4824,app_downloaded,2024-08-18
U4824,registered,2024-08-19
U4824,kyc_completed,2024-08-20
U4825,app_downloaded,2024-04-28
U4825,registered,2024-04-29
U4825,kyc_completed,2024-04-30
U4825,card_activated,2024-05-01
U4825,first_transaction,2024-05-02
U4826,app_downloaded,2024-09-30
U4826,registered,2024-10-01
U4827,app_downloaded,2024-01-26
U4827,registered,2024-01-27
U4828,app_downloaded,2024-09-10
U4828,registered,2024-09-11
U4829,app_downloaded,2024-03-05
U4829,registered,2024-03-06
U4829,kyc_completed,2024-03-07
U4829,card_activated,2024-03-08
U4829,first_transaction,2024-03-09
U4830,app_downloaded,2024-09-24
U4830,registered,2024-09-25
U4830,kyc_completed,2024-09-26
U4830,card_activated,2024-09-27
U4830,first_transaction,2024-09-28
U4831,app_downloaded,2024-05-08
U4831,registered,2024-05-09
U4831,kyc_completed,2024-05-10
U4831,card_activated,2024-05-11
U4832,app_downloaded,2024-10-02
U4832,registered,2024-10-03
U4833,app_downloaded,2024-09-06
U4833,registered,2024-09-07
U4833,kyc_completed,2024-09-08
U4833,card_activated,2024-09-09
U4833,first_transaction,2024-09-10
U4834,app_downloaded,2024-03-28
U4834,registered,2024-03-29
U4834,kyc_completed,2024-03-30
U4834,card_activated,2024-03-31
U4834,first_transaction,2024-04-01
U4835,app_downloaded,2024-05-01
U4835,registered,2024-05-02
U4836,app_downloaded,2024-03-30
U4836,registered,2024-03-31
U4836,kyc_completed,2024-04-01
U4836,card_activated,2024-04-02
U4837,app_downloaded,2024-08-28
U4837,registered,2024-08-29
U4837,kyc_completed,2024-08-30
U4837,card_activated,2024-08-31
U4837,first_transaction,2024-09-01
U4838,app_downloaded,2024-07-16
U4838,registered,2024-07-17
U4838,kyc_completed,2024-07-18
U4838,card_activated,2024-07-19
U4839,app_downloaded,2024-06-05
U4839,registered,2024-06-06
U4839,kyc_completed,2024-06-07
U4840,app_downloaded,2024-10-31
U4840,registered,2024-11-01
U4840,kyc_completed,2024-11-02
U4840,card_activated,2024-11-03
U4840,first_transaction,2024-11-04
U4841,app_downloaded,2024-07-24
U4841,registered,2024-07-25
U4842,app_downloaded,2024-02-02
U4842,registered,2024-02-03
U4842,kyc_completed,2024-02-04
U4842,card_activated,2024-02-05
U4842,first_transaction,2024-02-06
U4843,app_downloaded,2024-07-29
U4843,registered,2024-07-30
U4843,kyc_completed,2024-07-31
U4844,app_downloaded,2024-07-13
U4844,registered,2024-07-14
U4844,kyc_completed,2024-07-15
U4844,card_activated,2024-07-16
U4845,app_downloaded,2024-01-30
U4845,registered,2024-01-31
U4845,kyc_completed,2024-02-01
U4845,card_activated,2024-02-02
U4845,first_transaction,2024-02-03
U4846,app_downloaded,2024-01-02
U4846,registered,2024-01-03
U4846,kyc_completed,2024-01-04
U4846,card_activated,2024-01-05
U4847,app_downloaded,2024-12-07
U4847,registered,2024-12-08
U4847,kyc_completed,2024-12-09
U4848,app_downloaded,2024-10-25
U4848,registered,2024-10-26
U4849,app_downloaded,2024-05-13
U4849,registered,2024-05-14
U4849,kyc_completed,2024-05-15
U4849,card_activated,2024-05-16
U4849,first_transaction,2024-05-17
U4850,app_downloaded,2024-12-16
U4850,registered,2024-12-17
U4850,kyc_completed,2024-12-18
U4850,card_activated,2024-12-19
U4851,app_downloaded,2024-01-28
U4851,registered,2024-01-29
U4851,kyc_completed,2024-01-30
U4851,card_activated,2024-01-31
U4852,app_downloaded,2024-07-08
U4852,registered,2024-07-09
U4852,kyc_completed,2024-07-10
U4853,app_downloaded,2024-11-11
U4854,app_downloaded,2024-01-16
U4854,registered,2024-01-17
U4854,kyc_completed,2024-01-18
U4854,card_activated,2024-01-19
U4854,first_transaction,2024-01-20
U4855,app_downloaded,2024-01-26
U4855,registered,2024-01-27
U4856,app_downloaded,2024-02-01
U4856,registered,2024-02-02
U4856,kyc_completed,2024-02-03
U4857,app_downloaded,2024-12-12
U4857,registered,2024-12-13
U4857,kyc_completed,2024-12-14
U4858,app_downloaded,2024-06-06
U4858,registered,2024-06-07
U4858,kyc_completed,2024-06-08
U4859,app_downloaded,2024-02-29
U4859,registered,2024-03-01
U4859,kyc_completed,2024-03-02
U4860,app_downloaded,2024-10-28
U4860,registered,2024-10-29
U4860,kyc_completed,2024-10-30
U4861,app_downloaded,2024-12-15
U4861,registered,2024-12-16
U4861,kyc_completed,2024-12-17
U4862,app_downloaded,2024-06-28
U4862,registered,2024-06-29
U4862,kyc_completed,2024-06-30
U4862,card_activated,2024-07-01
U4862,first_transaction,2024-07-02
U4863,app_downloaded,2024-02-04
U4863,registered,2024-02-05
U4863,kyc_completed,2024-02-06
U4863,card_activated,2024-02-07
U4863,first_transaction,2024-02-08
U4864,app_downloaded,2024-09-23
U4864,registered,2024-09-24
U4865,app_downloaded,2024-08-06
U4865,registered,2024-08-07
U4865,kyc_completed,2024-08-08
U4865,card_activated,2024-08-09
U4865,first_transaction,2024-08-10
U4866,app_downloaded,2024-03-27
U4866,registered,2024-03-28
U4866,kyc_completed,2024-03-29
U4866,card_activated,2024-03-30
U4866,first_transaction,2024-03-31
U4867,app_downloaded,2024-05-09
U4868,app_downloaded,2024-05-20
U4868,registered,2024-05-21
U4868,kyc_completed,2024-05-22
U4868,card_activated,2024-05-23
U4868,first_transaction,2024-05-24
U4869,app_downloaded,2024-12-08
U4870,app_downloaded,2024-08-19
U4870,registered,2024-08-20
U4870,kyc_completed,2024-08-21
U4871,app_downloaded,2024-02-07
U4872,app_downloaded,2024-10-30
U4872,registered,2024-10-31
U4872,kyc_completed,2024-11-01
U4872,card_activated,2024-11-02
U4872,first_transaction,2024-11-03
U4873,app_downloaded,2024-12-25
U4873,registered,2024-12-26
U4873,kyc_completed,2024-12-27
U4873,card_activated,2024-12-28
U4873,first_transaction,2024-12-29
U4874,app_downloaded,2024-05-06
U4874,registered,2024-05-07
U4874,kyc_completed,2024-05-08
U4875,app_downloaded,2024-04-25
U4875,registered,2024-04-26
U4876,app_downloaded,2024-11-10
U4876,registered,2024-11-11
U4876,kyc_completed,2024-11-12
U4876,card_activated,2024-11-13
U4876,first_transaction,2024-11-14
U4877,app_downloaded,2024-11-04
U4877,registered,2024-11-05
U4877,kyc_completed,2024-11-06
U4877,card_activated,2024-11-07
U4877,first_transaction,2024-11-08
U4878,app_downloaded,2024-08-02
U4878,registered,2024-08-03
U4878,kyc_completed,2024-08-04
U4878,card_activated,2024-08-05
U4878,first_transaction,2024-08-06
U4879,app_downloaded,2024-10-02
U4879,registered,2024-10-03
U4879,kyc_completed,2024-10-04
U4879,card_activated,2024-10-05
U4880,app_downloaded,2024-12-13
U4880,registered,2024-12-14
U4880,kyc_completed,2024-12-15
U4881,app_downloaded,2024-08-12
U4881,registered,2024-08-13
U4881,kyc_completed,2024-08-14
U4881,card_activated,2024-08-15
U4881,first_transaction,2024-08-16
U4882,app_downloaded,2024-11-01
U4882,registered,2024-11-02
U4882,kyc_completed,2024-11-03
U4882,card_activated,2024-11-04
U4883,app_downloaded,2024-05-21
U4883,registered,2024-05-22
U4883,kyc_completed,2024-05-23
U4883,card_activated,2024-05-24
U4884,app_downloaded,2024-01-25
U4884,registered,2024-01-26
U4884,kyc_completed,2024-01-27
U4884,card_activated,2024-01-28
U4884,first_transaction,2024-01-29
U4885,app_downloaded,2024-02-03
U4885,registered,2024-02-04
U4885,kyc_completed,2024-02-05
U4885,card_activated,2024-02-06
U4886,app_downloaded,2024-11-11
U4886,registered,2024-11-12
U4886,kyc_completed,2024-11-13
U4886,card_activated,2024-11-14
U4886,first_transaction,2024-11-15
U4887,app_downloaded,2024-10-15
U4887,registered,2024-10-16
U4887,kyc_completed,2024-10-17
U4887,card_activated,2024-10-18
U4888,app_downloaded,2024-08-23
U4888,registered,2024-08-24
U4888,kyc_completed,2024-08-25
U4889,app_downloaded,2024-08-13
U4889,registered,2024-08-14
U4889,kyc_completed,2024-08-15
U4889,card_activated,2024-08-16
U4890,app_downloaded,2024-08-16
U4890,registered,2024-08-17
U4890,kyc_completed,2024-08-18
U4890,card_activated,2024-08-19
U4890,first_transaction,2024-08-20
U4891,app_downloaded,2024-05-08
U4891,registered,2024-05-09
U4892,app_downloaded,2024-03-19
U4892,registered,2024-03-20
U4892,kyc_completed,2024-03-21
U4893,app_downloaded,2024-02-21
U4893,registered,2024-02-22
U4893,kyc_completed,2024-02-23
U4893,card_activated,2024-02-24
U4894,app_downloaded,2024-08-10
U4894,registered,2024-08-11
U4894,kyc_completed,2024-08-12
U4894,card_activated,2024-08-13
U4894,first_transaction,2024-08-14
U4895,app_downloaded,2024-12-07
U4895,registered,2024-12-08
U4896,app_downloaded,2024-03-21
U4896,registered,2024-03-22
U4896,kyc_completed,2024-03-23
U4896,card_activated,2024-03-24
U4896,first_transaction,2024-03-25
U4897,app_downloaded,2024-07-26
U4897,registered,2024-07-27
U4897,kyc_completed,2024-07-28
U4897,card_activated,2024-07-29
U4897,first_transaction,2024-07-30
U4898,app_downloaded,2024-04-20
U4898,registered,2024-04-21
U4898,kyc_completed,2024-04-22
U4899,app_downloaded,2024-03-04
U4899,registered,2024-03-05
U4899,kyc_completed,2024-03-06
U4899,card_activated,2024-03-07
U4899,first_transaction,2024-03-08
U4900,app_downloaded,2024-10-14
U4900,registered,2024-10-15
U4900,kyc_completed,2024-10-16
U4900,card_activated,2024-10-17
U4900,first_transaction,2024-10-18
U4901,app_downloaded,2024-03-14
U4901,registered,2024-03-15
U4901,kyc_completed,2024-03-16
U4901,card_activated,2024-03-17
U4902,app_downloaded,2024-09-17
U4902,registered,2024-09-18
U4902,kyc_completed,2024-09-19
U4902,card_activated,2024-09-20
U4902,first_transaction,2024-09-21
U4903,app_downloaded,2024-09-25
U4903,registered,2024-09-26
U4903,kyc_completed,2024-09-27
U4903,card_activated,2024-09-28
U4903,first_transaction,2024-09-29
U4904,app_downloaded,2024-06-16
U4904,registered,2024-06-17
U4905,app_downloaded,2024-09-24
U4905,registered,2024-09-25
U4905,kyc_completed,2024-09-26
U4905,card_activated,2024-09-27
U4906,app_downloaded,2024-10-05
U4906,registered,2024-10-06
U4906,kyc_completed,2024-10-07
U4907,app_downloaded,2024-10-13
U4908,app_downloaded,2024-04-02
U4908,registered,2024-04-03
U4908,kyc_completed,2024-04-04
U4908,card_activated,2024-04-05
U4909,app_downloaded,2024-11-11
U4909,registered,2024-11-12
U4909,kyc_completed,2024-11-13
U4910,app_downloaded,2024-05-05
U4910,registered,2024-05-06
U4910,kyc_completed,2024-05-07
U4911,app_downloaded,2024-04-30
U4911,registered,2024-05-01
U4911,kyc_completed,2024-05-02
U4912,app_downloaded,2024-08-12
U4912,registered,2024-08-13
U4912,kyc_completed,2024-08-14
U4913,app_downloaded,2024-07-16
U4913,registered,2024-07-17
U4913,kyc_completed,2024-07-18
U4913,card_activated,2024-07-19
U4913,first_transaction,2024-07-20
U4914,app_downloaded,2024-12-14
U4915,app_downloaded,2024-08-07
U4915,registered,2024-08-08
U4915,kyc_completed,2024-08-09
U4915,card_activated,2024-08-10
U4915,first_transaction,2024-08-11
U4916,app_downloaded,2024-05-31
U4916,registered,2024-06-01
U4916,kyc_completed,2024-06-02
U4917,app_downloaded,2024-12-24
U4917,registered,2024-12-25
U4917,kyc_completed,2024-12-26
U4917,card_activated,2024-12-27
U4917,first_transaction,2024-12-28
U4918,app_downloaded,2024-06-22
U4918,registered,2024-06-23
U4918,kyc_completed,2024-06-24
U4918,card_activated,2024-06-25
U4919,app_downloaded,2024-09-13
U4919,registered,2024-09-14
U4920,app_downloaded,2024-07-22
U4920,registered,2024-07-23
U4920,kyc_completed,2024-07-24
U4921,app_downloaded,2024-08-04
U4921,registered,2024-08-05
U4921,kyc_completed,2024-08-06
U4922,app_downloaded,2024-08-05
U4922,registered,2024-08-06
U4922,kyc_completed,2024-08-07
U4922,card_activated,2024-08-08
U4922,first_transaction,2024-08-09
U4923,app_downloaded,2024-03-14
U4923,registered,2024-03-15
U4923,kyc_completed,2024-03-16
U4923,card_activated,2024-03-17
U4923,first_transaction,2024-03-18
U4924,app_downloaded,2024-07-21
U4924,registered,2024-07-22
U4924,kyc_completed,2024-07-23
U4924,card_activated,2024-07-24
U4924,first_transaction,2024-07-25
U4925,app_downloaded,2024-02-23
U4925,registered,2024-02-24
U4925,kyc_completed,2024-02-25
U4925,card_activated,2024-02-26
U4926,app_downloaded,2024-12-30
U4926,registered,2024-12-31
U4926,kyc_completed,2025-01-01
U4926,card_activated,2025-01-02
U4926,first_transaction,2025-01-03
U4927,app_downloaded,2024-08-19
U4927,registered,2024-08-20
U4927,kyc_completed,2024-08-21
U4927,card_activated,2024-08-22
U4928,app_downloaded,2024-10-10
U4928,registered,2024-10-11
U4929,app_downloaded,2024-10-13
U4929,registered,2024-10-14
U4929,kyc_completed,2024-10-15
U4929,card_activated,2024-10-16
U4929,first_transaction,2024-10-17
U4930,app_downloaded,2024-08-19
U4930,registered,2024-08-20
U4930,kyc_completed,2024-08-21
U4930,card_activated,2024-08-22
U4930,first_transaction,2024-08-23
U4931,app_downloaded,2024-04-21
U4932,app_downloaded,2024-01-16
U4932,registered,2024-01-17
U4933,app_downloaded,2024-07-28
U4933,registered,2024-07-29
U4933,kyc_completed,2024-07-30
U4933,card_activated,2024-07-31
U4933,first_transaction,2024-08-01
U4934,app_downloaded,2024-06-20
U4934,registered,2024-06-21
U4934,kyc_completed,2024-06-22
U4935,app_downloaded,2024-04-12
U4935,registered,2024-04-13
U4935,kyc_completed,2024-04-14
U4935,card_activated,2024-04-15
U4935,first_transaction,2024-04-16
U4936,app_downloaded,2024-06-13
U4936,registered,2024-06-14
U4936,kyc_completed,2024-06-15
U4937,app_downloaded,2024-02-08
U4937,registered,2024-02-09
U4937,kyc_completed,2024-02-10
U4937,card_activated,2024-02-11
U4937,first_transaction,2024-02-12
U4938,app_downloaded,2024-07-08
U4938,registered,2024-07-09
U4938,kyc_completed,2024-07-10
U4938,card_activated,2024-07-11
U4939,app_downloaded,2024-03-09
U4939,registered,2024-03-10
U4939,kyc_completed,2024-03-11
U4939,card_activated,2024-03-12
U4939,first_transaction,2024-03-13
U4940,app_downloaded,2024-12-10
U4940,registered,2024-12-11
U4940,kyc_completed,2024-12-12
U4940,card_activated,2024-12-13
U4940,first_transaction,2024-12-14
U4941,app_downloaded,2024-04-01
U4941,registered,2024-04-02
U4941,kyc_completed,2024-04-03
U4941,card_activated,2024-04-04
U4941,first_transaction,2024-04-05
U4942,app_downloaded,2024-08-01
U4942,registered,2024-08-02
U4942,kyc_completed,2024-08-03
U4942,card_activated,2024-08-04
U4943,app_downloaded,2024-05-04
U4943,registered,2024-05-05
U4943,kyc_completed,2024-05-06
U4943,card_activated,2024-05-07
U4943,first_transaction,2024-05-08
U4944,app_downloaded,2024-02-03
U4944,registered,2024-02-04
U4944,kyc_completed,2024-02-05
U4944,card_activated,2024-02-06
U4945,app_downloaded,2024-12-08
U4945,registered,2024-12-09
U4945,kyc_completed,2024-12-10
U4946,app_downloaded,2024-03-10
U4946,registered,2024-03-11
U4946,kyc_completed,2024-03-12
U4946,card_activated,2024-03-13
U4946,first_transaction,2024-03-14
U4947,app_downloaded,2024-05-30
U4947,registered,2024-05-31
U4947,kyc_completed,2024-06-01
U4947,card_activated,2024-06-02
U4948,app_downloaded,2024-10-06
U4948,registered,2024-10-07
U4948,kyc_completed,2024-10-08
U4948,card_activated,2024-10-09
U4948,first_transaction,2024-10-10
U4949,app_downloaded,2024-05-16
U4949,registered,2024-05-17
U4949,kyc_completed,2024-05-18
U4949,card_activated,2024-05-19
U4949,first_transaction,2024-05-20
U4950,app_downloaded,2024-02-10
U4950,registered,2024-02-11
U4950,kyc_completed,2024-02-12
U4951,app_downloaded,2024-01-10
U4951,registered,2024-01-11
U4951,kyc_completed,2024-01-12
U4951,card_activated,2024-01-13
U4952,app_downloaded,2024-12-08
U4952,registered,2024-12-09
U4953,app_downloaded,2024-04-16
U4953,registered,2024-04-17
U4953,kyc_completed,2024-04-18
U4954,app_downloaded,2024-05-23
U4954,registered,2024-05-24
U4954,kyc_completed,2024-05-25
U4955,app_downloaded,2024-08-24
U4955,registered,2024-08-25
U4955,kyc_completed,2024-08-26
U4956,app_downloaded,2024-08-26
U4956,registered,2024-08-27
U4956,kyc_completed,2024-08-28
U4957,app_downloaded,2024-01-20
U4957,registered,2024-01-21
U4957,kyc_completed,2024-01-22
U4957,card_activated,2024-01-23
U4957,first_transaction,2024-01-24
U4958,app_downloaded,2024-04-16
U4958,registered,2024-04-17
U4958,kyc_completed,2024-04-18
U4958,card_activated,2024-04-19
U4958,first_transaction,2024-04-20
U4959,app_downloaded,2024-08-16
U4959,registered,2024-08-17
U4959,kyc_completed,2024-08-18
U4959,card_activated,2024-08-19
U4960,app_downloaded,2024-07-31
U4960,registered,2024-08-01
U4960,kyc_completed,2024-08-02
U4960,card_activated,2024-08-03
U4960,first_transaction,2024-08-04
U4961,app_downloaded,2024-12-09
U4961,registered,2024-12-10
U4962,app_downloaded,2024-11-21
U4962,registered,2024-11-22
U4962,kyc_completed,2024-11-23
U4962,card_activated,2024-11-24
U4963,app_downloaded,2024-10-23
U4963,registered,2024-10-24
U4963,kyc_completed,2024-10-25
U4963,card_activated,2024-10-26
U4964,app_downloaded,2024-04-27
U4964,registered,2024-04-28
U4964,kyc_completed,2024-04-29
U4965,app_downloaded,2024-01-24
U4965,registered,2024-01-25
U4965,kyc_completed,2024-01-26
U4966,app_downloaded,2024-11-09
U4966,registered,2024-11-10
U4966,kyc_completed,2024-11-11
U4966,card_activated,2024-11-12
U4967,app_downloaded,2024-05-20
U4968,app_downloaded,2024-10-26
U4968,registered,2024-10-27
U4968,kyc_completed,2024-10-28
U4969,app_downloaded,2024-07-23
U4969,registered,2024-07-24
U4969,kyc_completed,2024-07-25
U4970,app_downloaded,2024-09-18
U4970,registered,2024-09-19
U4970,kyc_completed,2024-09-20
U4970,card_activated,2024-09-21
U4971,app_downloaded,2024-04-02
U4971,registered,2024-04-03
U4971,kyc_completed,2024-04-04
U4971,card_activated,2024-04-05
U4972,app_downloaded,2024-12-09
U4972,registered,2024-12-10
U4972,kyc_completed,2024-12-11
U4972,card_activated,2024-12-12
U4973,app_downloaded,2024-01-28
U4973,registered,2024-01-29
U4973,kyc_completed,2024-01-30
U4973,card_activated,2024-01-31
U4973,first_transaction,2024-02-01
U4974,app_downloaded,2024-05-19
U4974,registered,2024-05-20
U4974,kyc_completed,2024-05-21
U4974,card_activated,2024-05-22
U4974,first_transaction,2024-05-23
U4975,app_downloaded,2024-09-03
U4975,registered,2024-09-04
U4975,kyc_completed,2024-09-05
U4975,card_activated,2024-09-06
U4975,first_transaction,2024-09-07
U4976,app_downloaded,2024-04-07
U4976,registered,2024-04-08
U4976,kyc_completed,2024-04-09
U4976,card_activated,2024-04-10
U4977,app_downloaded,2024-07-19
U4977,registered,2024-07-20
U4977,kyc_completed,2024-07-21
U4977,card_activated,2024-07-22
U4978,app_downloaded,2024-12-11
U4978,registered,2024-12-12
U4978,kyc_completed,2024-12-13
U4978,card_activated,2024-12-14
U4978,first_transaction,2024-12-15
U4979,app_downloaded,2024-01-06
U4980,app_downloaded,2024-12-13
U4980,registered,2024-12-14
U4981,app_downloaded,2024-02-08
U4981,registered,2024-02-09
U4981,kyc_completed,2024-02-10
U4982,app_downloaded,2024-10-17
U4982,registered,2024-10-18
U4982,kyc_completed,2024-10-19
U4983,app_downloaded,2024-11-25
U4983,registered,2024-11-26
U4983,kyc_completed,2024-11-27
U4983,card_activated,2024-11-28
U4984,app_downloaded,2024-08-26
U4984,registered,2024-08-27
U4984,kyc_completed,2024-08-28
U4984,card_activated,2024-08-29
U4985,app_downloaded,2024-12-05
U4985,registered,2024-12-06
U4986,app_downloaded,2024-03-17
U4986,registered,2024-03-18
U4986,kyc_completed,2024-03-19
U4987,app_downloaded,2024-09-12
U4987,registered,2024-09-13
U4987,kyc_completed,2024-09-14
U4987,card_activated,2024-09-15
U4987,first_transaction,2024-09-16
U4988,app_downloaded,2024-09-23
U4988,registered,2024-09-24
U4989,app_downloaded,2024-08-28
U4989,registered,2024-08-29
U4989,kyc_completed,2024-08-30
U4989,card_activated,2024-08-31
U4990,app_downloaded,2024-01-05
U4990,registered,2024-01-06
U4991,app_downloaded,2024-01-07
U4991,registered,2024-01-08
U4991,kyc_completed,2024-01-09
U4991,card_activated,2024-01-10
U4991,first_transaction,2024-01-11
U4992,app_downloaded,2024-12-27
U4992,registered,2024-12-28
U4992,kyc_completed,2024-12-29
U4992,card_activated,2024-12-30
U4992,first_transaction,2024-12-31
U4993,app_downloaded,2024-12-07
U4993,registered,2024-12-08
U4994,app_downloaded,2024-08-06
U4994,registered,2024-08-07
U4994,kyc_completed,2024-08-08
U4994,card_activated,2024-08-09
U4994,first_transaction,2024-08-10
U4995,app_downloaded,2024-05-28
U4995,registered,2024-05-29
U4995,kyc_completed,2024-05-30
U4996,app_downloaded,2024-01-11
U4996,registered,2024-01-12
U4996,kyc_completed,2024-01-13
U4996,card_activated,2024-01-14
U4997,app_downloaded,2024-08-11
U4997,registered,2024-08-12
U4997,kyc_completed,2024-08-13
U4997,card_activated,2024-08-14
U4998,app_downloaded,2024-06-23
U4998,registered,2024-06-24
U4998,kyc_completed,2024-06-25
U4998,card_activated,2024-06-26
U4998,first_transaction,2024-06-27
U4999,app_downloaded,2024-08-30
U4999,registered,2024-08-31
U4999,kyc_completed,2024-09-01
U4999,card_activated,2024-09-02
U5000,app_downloaded,2024-01-10
U5000,registered,2024-01-11
U5000,kyc_completed,2024-01-12
U5000,card_activated,2024-01-13
