user_id,age,city_tier,signup_date,card_activated,upi_linked,referral_used
U0001,17,Tier 1,2024-12-21,1,1,0
U0002,24,Tier 2,2024-03-18,1,0,1
U0003,21,Tier 3,2024-12-25,1,1,1
U0004,19,Tier 1,2024-07-05,1,1,0
U0005,15,Tier 3,2024-03-13,1,1,0
U0006,15,Tier 1,2024-10-26,0,1,0
U0007,14,Tier 3,2024-11-11,1,1,0
U0008,22,Tier 3,2024-03-26,1,1,1
U0009,19,Tier 1,2024-09-03,0,1,0
U0010,20,Tier 2,2024-12-10,0,1,1
U0011,13,Tier 1,2024-09-10,0,1,0
U0012,24,Tier 2,2024-02-12,0,1,1
U0013,22,Tier 2,2024-12-30,0,0,1
U0014,16,Tier 2,2024-09-10,1,1,1
U0015,15,Tier 1,2024-10-02,1,0,1
U0016,15,Tier 1,2024-05-26,1,0,0
U0017,17,Tier 1,2024-08-29,1,1,0
U0018,19,Tier 1,2024-02-12,1,0,0
U0019,18,Tier 2,2024-01-14,1,1,0
U0020,17,Tier 3,2024-04-12,1,1,1
U0021,19,Tier 2,2024-03-30,1,1,1
U0022,15,Tier 2,2024-06-03,1,0,1
U0023,17,Tier 3,2024-10-05,0,1,1
U0024,17,Tier 2,2024-08-04,1,0,0
U0025,18,Tier 3,2024-06-25,0,1,0
U0026,21,Tier 2,2024-09-24,1,0,1
U0027,15,Tier 1,2024-12-03,0,1,1
U0028,19,Tier 1,2024-11-07,0,1,1
U0029,19,Tier 2,2024-06-23,0,1,1
U0030,13,Tier 1,2024-01-12,0,1,1
U0031,19,Tier 1,2024-04-29,1,1,0
U0032,15,Tier 2,2024-12-14,0,0,1
U0033,14,Tier 2,2024-11-26,0,1,0
U0034,24,Tier 2,2024-02-27,0,0,1
U0035,24,Tier 1,2024-01-04,0,1,1
U0036,21,Tier 1,2024-11-25,1,0,0
U0037,17,Tier 2,2024-03-17,0,1,0
U0038,14,Tier 3,2024-05-25,1,1,1
U0039,20,Tier 2,2024-05-11,1,0,0
U0040,18,Tier 3,2024-03-05,1,1,1
U0041,15,Tier 3,2024-10-23,0,1,1
U0042,18,Tier 2,2024-01-18,1,1,0
U0043,13,Tier 1,2024-10-24,1,1,0
U0044,23,Tier 2,2024-01-31,1,1,1
U0045,16,Tier 2,2024-08-27,0,0,1
U0046,20,Tier 2,2024-10-08,1,1,0
U0047,17,Tier 2,2024-12-31,1,1,1
U0048,19,Tier 2,2024-06-10,1,1,1
U0049,19,Tier 1,2024-08-23,0,1,0
U0050,15,Tier 2,2024-08-08,0,1,0
U0051,24,Tier 1,2024-02-29,0,0,1
U0052,21,Tier 3,2024-04-05,1,0,0
U0053,23,Tier 1,2024-03-03,0,1,0
U0054,23,Tier 1,2024-10-05,1,0,0
U0055,19,Tier 2,2024-02-17,1,1,0
U0056,23,Tier 2,2024-08-12,1,0,0
U0057,14,Tier 2,2024-12-31,1,1,1
U0058,15,Tier 1,2024-09-29,0,1,1
U0059,13,Tier 2,2024-07-12,1,1,0
U0060,17,Tier 1,2024-02-20,1,1,0
U0061,17,Tier 3,2024-03-15,1,1,0
U0062,16,Tier 3,2024-12-12,1,1,0
U0063,22,Tier 2,2024-09-18,1,1,0
U0064,17,Tier 1,2024-05-05,1,1,0
U0065,16,Tier 2,2024-02-01,1,1,0
U0066,19,Tier 1,2024-09-29,0,1,0
U0067,15,Tier 2,2024-12-30,0,1,1
U0068,21,Tier 1,2024-08-03,0,1,0
U0069,14,Tier 3,2024-08-30,1,1,0
U0070,25,Tier 1,2024-02-23,0,0,0
U0071,21,Tier 2,2024-05-13,0,0,0
U0072,15,Tier 2,2024-08-16,0,1,1
U0073,13,Tier 2,2024-06-08,1,1,0
U0074,22,Tier 1,2024-12-03,1,1,0
U0075,20,Tier 3,2024-01-27,0,0,0
U0076,21,Tier 2,2024-10-23,1,1,0
U0077,21,Tier 2,2024-07-31,1,1,1
U0078,14,Tier 1,2024-03-01,1,1,0
U0079,17,Tier 2,2024-02-25,1,1,0
U0080,14,Tier 2,2024-04-15,0,1,0
U0081,22,Tier 1,2024-09-09,1,1,0
U0082,20,Tier 1,2024-01-02,1,1,0
U0083,17,Tier 3,2024-10-28,0,1,1
U0084,14,Tier 1,2024-02-21,1,1,0
U0085,17,Tier 1,2024-09-27,1,1,1
U0086,17,Tier 2,2024-03-01,1,1,0
U0087,21,Tier 3,2024-07-29,0,0,1
U0088,20,Tier 1,2024-11-20,1,1,1
U0089,23,Tier 2,2024-09-11,0,1,0
U0090,18,Tier 1,2024-04-05,1,1,0
U0091,14,Tier 1,2024-11-18,1,1,0
U0092,20,Tier 1,2024-08-04,1,1,0
U0093,21,Tier 3,2024-08-28,1,1,0
U0094,19,Tier 1,2024-07-03,0,1,0
U0095,21,Tier 1,2024-09-27,0,1,0
U0096,18,Tier 2,2024-11-18,1,1,0
U0097,19,Tier 3,2024-07-29,1,1,0
U0098,18,Tier 1,2024-01-27,0,1,0
U0099,13,Tier 2,2024-11-08,1,1,0
U0100,14,Tier 1,2024-03-31,1,1,1
U0101,13,Tier 2,2024-08-02,0,1,0
U0102,20,Tier 2,2024-07-13,1,1,1
U0103,17,Tier 2,2024-12-02,0,1,1
U0104,18,Tier 1,2024-08-11,1,1,1
U0105,23,Tier 1,2024-05-01,0,0,0
U0106,16,Tier 1,2024-10-09,1,0,1
U0107,18,Tier 1,2024-04-30,1,1,0
U0108,21,Tier 1,2024-11-03,1,1,0
U0109,16,Tier 3,2024-02-11,1,1,0
U0110,14,Tier 3,2024-09-16,1,1,0
U0111,16,Tier 3,2024-07-04,1,0,0
U0112,15,Tier 3,2024-03-18,1,0,0
U0113,23,Tier 2,2024-05-24,0,0,0
U0114,21,Tier 2,2024-03-01,1,1,0
U0115,20,Tier 1,2024-08-30,1,1,0
U0116,22,Tier 2,2024-01-27,1,0,0
U0117,21,Tier 2,2024-06-02,1,1,1
U0118,15,Tier 2,2024-01-07,1,0,0
U0119,23,Tier 3,2024-04-05,1,1,1
U0120,19,Tier 1,2024-05-25,0,1,1
U0121,21,Tier 1,2024-03-13,1,1,0
U0122,23,Tier 3,2024-05-12,1,1,0
U0123,17,Tier 1,2024-08-13,0,1,0
U0124,14,Tier 2,2024-12-31,0,1,0
U0125,16,Tier 3,2024-12-25,1,1,0
U0126,18,Tier 2,2024-07-07,0,1,1
U0127,22,Tier 2,2024-09-20,1,1,0
U0128,22,Tier 1,2024-03-13,0,1,1
U0129,13,Tier 1,2024-03-05,1,0,1
U0130,19,Tier 3,2024-05-30,0,1,0
U0131,18,Tier 2,2024-09-29,0,1,1
U0132,16,Tier 2,2024-07-07,1,0,1
U0133,14,Tier 1,2024-07-15,1,0,0
U0134,17,Tier 1,2024-11-18,1,1,1
U0135,24,Tier 3,2024-08-19,1,0,1
U0136,17,Tier 1,2024-06-10,1,1,1
U0137,19,Tier 2,2024-02-14,1,1,1
U0138,20,Tier 1,2024-03-14,1,1,1
U0139,17,Tier 2,2024-04-23,1,1,0
U0140,24,Tier 3,2024-01-18,1,0,1
U0141,24,Tier 2,2024-07-02,1,0,0
U0142,16,Tier 1,2024-07-02,1,0,1
U0143,18,Tier 2,2024-05-17,0,0,0
U0144,17,Tier 3,2024-05-28,1,1,0
U0145,16,Tier 2,2024-08-04,1,1,0
U0146,13,Tier 3,2024-12-16,0,0,0
U0147,19,Tier 2,2024-03-26,0,0,0
U0148,18,Tier 3,2024-04-01,1,0,1
U0149,14,Tier 2,2024-08-13,0,0,0
U0150,16,Tier 1,2024-03-25,1,1,0
U0151,23,Tier 1,2024-04-23,0,0,1
U0152,16,Tier 1,2024-02-05,1,0,1
U0153,15,Tier 3,2024-10-20,1,0,1
U0154,18,Tier 3,2024-05-14,1,1,0
U0155,25,Tier 2,2024-02-22,0,1,1
U0156,16,Tier 1,2024-03-25,1,1,1
U0157,20,Tier 1,2024-04-02,1,1,0
U0158,21,Tier 3,2024-09-27,1,1,0
U0159,16,Tier 2,2024-10-10,0,1,1
U0160,21,Tier 1,2024-08-09,0,1,1
U0161,17,Tier 2,2024-07-07,1,1,0
U0162,20,Tier 1,2024-04-06,1,1,0
U0163,20,Tier 1,2024-10-31,1,1,0
U0164,19,Tier 2,2024-01-24,1,1,0
U0165,14,Tier 1,2024-02-12,0,1,1
U0166,22,Tier 3,2024-09-05,1,1,1
U0167,17,Tier 1,2024-07-25,1,1,0
U0168,15,Tier 1,2024-07-27,1,1,0
U0169,13,Tier 1,2024-01-07,1,1,0
U0170,19,Tier 3,2024-02-03,1,0,0
U0171,20,Tier 2,2024-10-16,1,1,0
U0172,13,Tier 2,2024-02-02,1,1,1
U0173,19,Tier 1,2024-02-19,1,0,1
U0174,16,Tier 1,2024-10-14,1,1,1
U0175,20,Tier 2,2024-02-17,1,0,1
U0176,15,Tier 3,2024-02-07,1,0,1
U0177,20,Tier 3,2024-02-11,0,1,0
U0178,17,Tier 1,2024-11-29,1,1,1
U0179,23,Tier 2,2024-10-19,1,1,1
U0180,15,Tier 3,2024-01-18,0,1,1
U0181,17,Tier 1,2024-08-21,0,1,0
U0182,14,Tier 3,2024-11-14,1,1,0
U0183,23,Tier 1,2024-11-27,1,0,0
U0184,22,Tier 3,2024-10-19,1,1,0
U0185,16,Tier 3,2024-10-14,1,1,0
U0186,20,Tier 3,2024-08-08,1,1,1
U0187,22,Tier 2,2024-05-01,0,1,1
U0188,19,Tier 1,2024-10-06,0,1,1
U0189,19,Tier 3,2024-07-24,1,1,0
U0190,16,Tier 1,2024-11-08,1,1,1
U0191,14,Tier 1,2024-02-26,1,0,1
U0192,23,Tier 2,2024-03-14,1,1,0
U0193,23,Tier 3,2024-04-06,1,1,0
U0194,20,Tier 3,2024-09-03,0,1,0
U0195,17,Tier 1,2024-11-28,1,1,1
U0196,17,Tier 3,2024-09-27,0,1,0
U0197,21,Tier 2,2024-11-03,0,0,0
U0198,23,Tier 1,2024-02-02,0,0,1
U0199,23,Tier 1,2024-05-26,1,1,0
U0200,21,Tier 1,2024-05-26,1,1,0
U0201,20,Tier 1,2024-11-18,1,1,1
U0202,14,Tier 3,2024-03-22,1,1,1
U0203,15,Tier 2,2024-05-27,1,1,0
U0204,23,Tier 2,2024-05-10,1,1,1
U0205,19,Tier 3,2024-01-24,1,1,0
U0206,13,Tier 1,2024-06-05,1,1,1
U0207,14,Tier 3,2024-11-04,0,0,0
U0208,20,Tier 2,2024-08-27,1,0,0
U0209,13,Tier 3,2024-11-13,1,1,0
U0210,15,Tier 1,2024-01-08,1,1,1
U0211,19,Tier 3,2024-10-04,0,0,1
U0212,20,Tier 1,2024-03-23,1,1,1
U0213,20,Tier 1,2024-02-04,1,0,1
U0214,16,Tier 3,2024-12-02,1,1,1
U0215,20,Tier 1,2024-06-22,0,1,0
U0216,16,Tier 2,2024-01-18,0,1,1
U0217,17,Tier 2,2024-08-15,1,0,0
U0218,21,Tier 2,2024-08-28,1,1,0
U0219,20,Tier 1,2024-01-18,1,1,0
U0220,22,Tier 1,2024-04-06,1,1,0
U0221,20,Tier 1,2024-03-05,0,0,1
U0222,19,Tier 2,2024-05-20,0,0,0
U0223,14,Tier 1,2024-06-06,0,0,0
U0224,17,Tier 1,2024-10-31,1,0,0
U0225,16,Tier 1,2024-08-24,1,1,0
U0226,16,Tier 1,2024-08-01,1,1,0
U0227,24,Tier 2,2024-11-01,0,1,1
U0228,18,Tier 3,2024-12-31,0,1,1
U0229,23,Tier 1,2024-11-08,1,0,0
U0230,20,Tier 2,2024-08-19,1,0,0
U0231,21,Tier 2,2024-03-21,1,1,0
U0232,18,Tier 2,2024-12-29,1,1,1
U0233,19,Tier 2,2024-12-29,0,0,0
U0234,18,Tier 2,2024-05-07,1,1,0
U0235,15,Tier 2,2024-11-23,0,1,1
U0236,21,Tier 1,2024-06-26,1,1,1
U0237,16,Tier 2,2024-05-23,0,1,1
U0238,13,Tier 2,2024-01-21,1,1,0
U0239,20,Tier 1,2024-06-29,0,1,0
U0240,15,Tier 1,2024-12-14,1,1,1
U0241,24,Tier 3,2024-10-20,1,0,1
U0242,24,Tier 2,2024-12-09,1,1,0
U0243,23,Tier 2,2024-12-21,1,1,0
U0244,17,Tier 3,2024-03-10,1,0,0
U0245,13,Tier 2,2024-02-15,1,1,0
U0246,23,Tier 2,2024-01-09,0,1,1
U0247,18,Tier 3,2024-09-03,1,0,0
U0248,24,Tier 3,2024-05-03,0,1,1
U0249,24,Tier 2,2024-08-19,0,0,0
U0250,22,Tier 2,2024-12-28,1,1,1
U0251,17,Tier 1,2024-03-01,0,1,0
U0252,17,Tier 3,2024-01-11,1,1,1
U0253,22,Tier 2,2024-09-22,1,1,0
U0254,17,Tier 1,2024-08-11,1,0,1
U0255,15,Tier 3,2024-01-26,0,1,0
U0256,19,Tier 2,2024-11-14,1,0,0
U0257,23,Tier 1,2024-05-04,1,0,1
U0258,20,Tier 2,2024-04-05,1,1,0
U0259,19,Tier 2,2024-05-10,0,0,0
U0260,14,Tier 3,2024-07-22,1,1,0
U0261,19,Tier 1,2024-12-19,0,1,0
U0262,25,Tier 3,2024-09-29,0,0,0
U0263,15,Tier 2,2024-10-14,0,1,0
U0264,19,Tier 1,2024-01-20,0,1,0
U0265,22,Tier 3,2024-08-29,0,1,1
U0266,21,Tier 2,2024-03-13,1,1,1
U0267,20,Tier 1,2024-04-12,1,1,0
U0268,20,Tier 2,2024-09-28,1,1,1
U0269,17,Tier 3,2024-10-10,1,1,0
U0270,17,Tier 1,2024-06-02,1,1,1
U0271,21,Tier 1,2024-10-04,1,1,0
U0272,22,Tier 1,2024-02-03,1,1,0
U0273,22,Tier 1,2024-08-31,0,1,0
U0274,23,Tier 3,2024-01-22,1,0,0
U0275,19,Tier 2,2024-12-07,0,1,0
U0276,18,Tier 1,2024-06-10,1,1,1
U0277,21,Tier 1,2024-07-05,1,1,1
U0278,20,Tier 1,2024-03-30,0,1,1
U0279,20,Tier 3,2024-05-09,1,1,0
U0280,21,Tier 1,2024-10-30,1,0,1
U0281,23,Tier 3,2024-10-21,1,0,1
U0282,17,Tier 2,2024-03-05,1,0,0
U0283,17,Tier 1,2024-08-02,0,0,0
U0284,14,Tier 3,2024-12-15,0,1,1
U0285,19,Tier 2,2024-01-20,1,1,1
U0286,13,Tier 2,2024-08-29,1,0,0
U0287,18,Tier 3,2024-03-08,1,1,0
U0288,19,Tier 1,2024-10-30,1,0,1
U0289,16,Tier 1,2024-12-27,1,0,0
U0290,19,Tier 2,2024-02-06,1,0,0
U0291,13,Tier 1,2024-09-19,1,1,0
U0292,13,Tier 1,2024-02-09,1,0,0
U0293,22,Tier 1,2024-08-17,1,1,0
U0294,17,Tier 1,2024-12-28,0,1,0
U0295,15,Tier 3,2024-11-26,1,1,1
U0296,19,Tier 1,2024-01-31,0,0,1
U0297,21,Tier 2,2024-10-31,0,0,0
U0298,16,Tier 2,2024-06-23,1,1,0
U0299,20,Tier 2,2024-06-24,1,1,0
U0300,14,Tier 1,2024-07-18,0,1,1
U0301,14,Tier 3,2024-05-15,0,0,0
U0302,19,Tier 1,2024-05-04,0,1,1
U0303,19,Tier 3,2024-08-02,1,1,0
U0304,20,Tier 3,2024-08-12,0,1,1
U0305,21,Tier 2,2024-02-22,1,1,0
U0306,24,Tier 2,2024-01-04,0,1,0
U0307,19,Tier 2,2024-11-18,0,1,1
U0308,17,Tier 1,2024-02-20,1,0,1
U0309,21,Tier 3,2024-06-24,0,0,0
U0310,16,Tier 3,2024-07-11,1,1,0
U0311,18,Tier 1,2024-03-19,0,0,1
U0312,14,Tier 2,2024-12-06,1,1,1
U0313,13,Tier 3,2024-02-27,0,1,1
U0314,24,Tier 3,2024-07-25,1,1,0
U0315,22,Tier 2,2024-01-08,0,1,1
U0316,20,Tier 2,2024-10-29,1,0,1
U0317,18,Tier 1,2024-01-14,1,1,0
U0318,15,Tier 3,2024-02-23,1,1,0
U0319,15,Tier 1,2024-02-04,0,0,1
U0320,16,Tier 2,2024-05-11,1,1,0
U0321,19,Tier 1,2024-12-29,1,0,0
U0322,20,Tier 1,2024-06-07,1,0,0
U0323,20,Tier 2,2024-07-26,0,1,1
U0324,16,Tier 3,2024-09-02,1,0,0
U0325,24,Tier 1,2024-09-14,1,1,1
U0326,21,Tier 2,2024-07-21,1,1,1
U0327,19,Tier 1,2024-03-09,1,1,1
U0328,19,Tier 1,2024-01-16,1,1,0
U0329,18,Tier 2,2024-06-13,1,0,0
U0330,16,Tier 2,2024-06-30,0,1,0
U0331,17,Tier 1,2024-05-06,0,1,1
U0332,21,Tier 1,2024-01-20,1,0,0
U0333,13,Tier 1,2024-06-05,1,1,0
U0334,14,Tier 1,2024-07-15,0,1,1
U0335,13,Tier 3,2024-11-15,1,1,0
U0336,13,Tier 3,2024-07-22,0,0,1
U0337,22,Tier 1,2024-07-10,1,1,0
U0338,20,Tier 2,2024-08-13,1,1,1
U0339,18,Tier 3,2024-12-27,1,1,0
U0340,14,Tier 1,2024-12-27,0,1,0
U0341,18,Tier 3,2024-09-25,1,0,0
U0342,18,Tier 3,2024-09-21,1,1,1
U0343,15,Tier 1,2024-08-07,1,1,0
U0344,18,Tier 1,2024-04-22,0,1,1
U0345,18,Tier 3,2024-11-10,0,0,0
U0346,19,Tier 2,2024-07-31,1,0,0
U0347,20,Tier 1,2024-06-16,1,1,1
U0348,13,Tier 1,2024-05-10,0,1,1
U0349,17,Tier 2,2024-12-29,1,1,0
U0350,20,Tier 2,2024-09-16,1,1,0
U0351,18,Tier 2,2024-02-25,1,1,1
U0352,22,Tier 3,2024-06-22,0,1,1
U0353,20,Tier 1,2024-11-26,1,1,1
U0354,15,Tier 2,2024-11-25,0,0,0
U0355,14,Tier 2,2024-11-13,1,1,0
U0356,20,Tier 2,2024-05-02,1,0,0
U0357,13,Tier 1,2024-06-28,0,1,0
U0358,19,Tier 3,2024-02-21,1,0,0
U0359,24,Tier 3,2024-04-07,1,1,0
U0360,19,Tier 2,2024-07-10,1,1,1
U0361,17,Tier 2,2024-10-23,0,0,0
U0362,20,Tier 1,2024-10-30,0,1,1
U0363,18,Tier 2,2024-10-08,0,1,1
U0364,19,Tier 2,2024-11-19,0,1,0
U0365,24,Tier 2,2024-01-30,1,0,1
U0366,17,Tier 3,2024-02-01,1,1,0
U0367,24,Tier 2,2024-08-28,0,0,0
U0368,23,Tier 1,2024-10-04,1,1,0
U0369,15,Tier 3,2024-07-11,1,1,1
U0370,14,Tier 1,2024-02-09,1,1,1
U0371,14,Tier 1,2024-07-18,1,1,1
U0372,13,Tier 1,2024-10-21,0,1,0
U0373,14,Tier 2,2024-03-21,1,1,0
U0374,20,Tier 3,2024-07-25,1,1,0
U0375,14,Tier 2,2024-08-24,0,1,0
U0376,17,Tier 3,2024-11-01,1,1,0
U0377,22,Tier 2,2024-07-21,1,0,0
U0378,13,Tier 1,2024-08-10,1,0,0
U0379,22,Tier 3,2024-10-22,0,0,1
U0380,16,Tier 1,2024-07-14,0,1,0
U0381,14,Tier 1,2024-04-20,0,0,0
U0382,20,Tier 2,2024-04-10,0,1,1
U0383,20,Tier 1,2024-10-20,1,1,1
U0384,22,Tier 1,2024-04-02,0,0,1
U0385,21,Tier 2,2024-12-04,0,0,0
U0386,21,Tier 2,2024-03-22,1,1,1
U0387,16,Tier 2,2024-08-15,1,1,0
U0388,15,Tier 3,2024-03-15,0,1,0
U0389,21,Tier 2,2024-08-29,0,1,0
U0390,21,Tier 3,2024-07-25,0,0,1
U0391,25,Tier 1,2024-01-08,0,1,1
U0392,18,Tier 2,2024-10-20,1,0,1
U0393,17,Tier 3,2024-05-16,1,1,1
U0394,21,Tier 2,2024-12-18,1,0,0
U0395,17,Tier 2,2024-09-26,1,0,1
U0396,23,Tier 1,2024-09-18,0,1,0
U0397,22,Tier 1,2024-09-22,1,1,1
U0398,18,Tier 2,2024-03-10,1,0,0
U0399,21,Tier 1,2024-11-11,1,1,0
U0400,21,Tier 3,2024-01-03,1,1,0
U0401,14,Tier 1,2024-12-27,1,1,0
U0402,23,Tier 3,2024-09-10,1,1,1
U0403,18,Tier 3,2024-02-22,1,0,0
U0404,22,Tier 1,2024-09-27,1,1,0
U0405,17,Tier 1,2024-06-21,0,0,0
U0406,23,Tier 3,2024-09-22,1,1,0
U0407,17,Tier 3,2024-08-30,1,0,0
U0408,13,Tier 2,2024-11-01,1,1,0
U0409,23,Tier 1,2024-12-01,1,1,0
U0410,14,Tier 2,2024-03-31,1,1,0
U0411,17,Tier 2,2024-12-09,0,0,1
U0412,24,Tier 1,2024-08-21,0,1,0
U0413,24,Tier 2,2024-07-23,1,0,0
U0414,19,Tier 1,2024-03-13,1,1,0
U0415,20,Tier 1,2024-11-28,0,1,0
U0416,18,Tier 1,2024-11-14,0,0,1
U0417,17,Tier 1,2024-06-09,0,1,0
U0418,17,Tier 1,2024-08-17,1,1,0
U0419,20,Tier 2,2024-06-20,1,1,0
U0420,21,Tier 1,2024-01-27,1,1,1
U0421,21,Tier 1,2024-01-28,1,1,0
U0422,21,Tier 1,2024-10-17,1,1,0
U0423,14,Tier 3,2024-05-29,1,1,0
U0424,18,Tier 2,2024-10-05,1,0,0
U0425,14,Tier 2,2024-08-01,0,0,0
U0426,19,Tier 2,2024-09-27,0,1,0
U0427,18,Tier 3,2024-11-30,1,1,0
U0428,23,Tier 1,2024-11-29,0,1,1
U0429,17,Tier 2,2024-06-02,1,0,1
U0430,14,Tier 2,2024-06-20,0,1,1
U0431,15,Tier 2,2024-02-26,1,1,0
U0432,21,Tier 1,2024-08-02,1,0,0
U0433,19,Tier 2,2024-04-08,1,1,0
U0434,14,Tier 1,2024-02-26,1,0,0
U0435,14,Tier 2,2024-09-03,0,1,0
U0436,20,Tier 2,2024-06-06,1,1,0
U0437,14,Tier 1,2024-09-11,1,0,1
U0438,22,Tier 3,2024-11-17,1,1,0
U0439,20,Tier 1,2024-12-18,1,0,1
U0440,14,Tier 3,2024-01-06,1,1,1
U0441,14,Tier 2,2024-10-22,0,0,1
U0442,25,Tier 1,2024-05-27,0,1,1
U0443,17,Tier 1,2024-10-14,0,1,1
U0444,17,Tier 3,2024-05-11,0,1,0
U0445,22,Tier 1,2024-06-24,1,1,1
U0446,24,Tier 1,2024-11-01,0,1,0
U0447,25,Tier 1,2024-05-21,1,1,1
U0448,21,Tier 2,2024-10-08,0,1,1
U0449,17,Tier 2,2024-10-07,1,1,0
U0450,14,Tier 1,2024-02-07,0,1,0
U0451,21,Tier 1,2024-04-16,0,1,0
U0452,19,Tier 1,2024-07-27,0,1,0
U0453,18,Tier 1,2024-05-24,0,0,0
U0454,23,Tier 2,2024-07-17,0,1,0
U0455,14,Tier 2,2024-04-18,0,1,0
U0456,18,Tier 1,2024-03-25,1,1,0
U0457,13,Tier 1,2024-09-07,1,0,1
U0458,18,Tier 1,2024-09-08,1,1,0
U0459,14,Tier 3,2024-03-08,1,1,1
U0460,14,Tier 3,2024-05-21,1,1,0
U0461,14,Tier 3,2024-03-16,1,1,0
U0462,20,Tier 1,2024-12-29,1,0,1
U0463,21,Tier 1,2024-08-20,0,1,1
U0464,19,Tier 1,2024-02-18,0,1,1
U0465,24,Tier 1,2024-07-01,1,0,0
U0466,17,Tier 2,2024-10-25,1,1,1
U0467,16,Tier 3,2024-06-03,1,0,1
U0468,22,Tier 3,2024-10-13,1,1,0
U0469,16,Tier 3,2024-01-08,0,0,0
U0470,24,Tier 1,2024-12-12,1,0,1
U0471,13,Tier 2,2024-10-31,1,1,1
U0472,24,Tier 1,2024-11-07,0,0,1
U0473,13,Tier 1,2024-12-05,0,1,1
U0474,23,Tier 2,2024-07-23,1,1,1
U0475,19,Tier 1,2024-06-22,0,1,0
U0476,25,Tier 2,2024-12-07,1,1,0
U0477,14,Tier 1,2024-07-19,1,0,0
U0478,19,Tier 2,2024-09-06,1,1,0
U0479,24,Tier 3,2024-05-18,1,0,1
U0480,19,Tier 1,2024-11-20,1,1,1
U0481,20,Tier 3,2024-07-09,1,1,0
U0482,20,Tier 1,2024-07-20,0,1,1
U0483,18,Tier 2,2024-08-15,0,1,0
U0484,20,Tier 2,2024-02-23,1,0,0
U0485,19,Tier 2,2024-08-06,1,0,0
U0486,23,Tier 3,2024-03-26,0,0,1
U0487,13,Tier 1,2024-08-21,1,0,1
U0488,16,Tier 2,2024-11-04,0,1,0
U0489,24,Tier 2,2024-12-05,1,1,0
U0490,23,Tier 3,2024-06-18,1,1,1
U0491,18,Tier 1,2024-02-06,1,1,0
U0492,20,Tier 3,2024-06-12,1,1,1
U0493,16,Tier 2,2024-07-08,1,1,1
U0494,15,Tier 1,2024-06-12,1,1,0
U0495,18,Tier 2,2024-09-16,1,1,0
U0496,17,Tier 1,2024-04-04,1,0,0
U0497,19,Tier 2,2024-02-21,1,1,0
U0498,14,Tier 3,2024-04-28,1,1,1
U0499,24,Tier 2,2024-03-12,1,1,0
U0500,25,Tier 2,2024-05-14,1,0,1
U0501,20,Tier 2,2024-09-08,1,0,0
U0502,19,Tier 1,2024-07-11,1,1,0
U0503,17,Tier 1,2024-03-14,0,1,1
U0504,22,Tier 2,2024-07-06,1,0,0
U0505,20,Tier 1,2024-01-30,0,1,0
U0506,15,Tier 1,2024-09-01,1,0,0
U0507,23,Tier 2,2024-10-05,1,0,0
U0508,22,Tier 1,2024-10-04,1,1,1
U0509,24,Tier 1,2024-08-15,0,1,1
U0510,21,Tier 2,2024-03-30,1,1,1
U0511,19,Tier 1,2024-08-03,1,1,1
U0512,18,Tier 3,2024-08-08,1,0,0
U0513,23,Tier 3,2024-07-15,1,0,0
U0514,22,Tier 2,2024-12-05,1,0,0
U0515,13,Tier 1,2024-03-29,1,1,0
U0516,13,Tier 3,2024-01-30,1,1,0
U0517,17,Tier 3,2024-03-15,1,1,1
U0518,22,Tier 3,2024-12-04,1,1,0
U0519,25,Tier 1,2024-06-25,0,1,0
U0520,15,Tier 2,2024-09-19,0,1,0
U0521,19,Tier 3,2024-01-10,1,1,1
U0522,17,Tier 2,2024-10-31,0,0,0
U0523,24,Tier 2,2024-05-13,0,1,1
U0524,22,Tier 2,2024-04-09,1,0,0
U0525,22,Tier 2,2024-04-12,1,1,0
U0526,18,Tier 1,2024-01-19,0,1,1
U0527,18,Tier 2,2024-02-08,1,0,0
U0528,16,Tier 1,2024-05-12,1,0,0
U0529,14,Tier 2,2024-10-30,0,1,0
U0530,22,Tier 1,2024-05-14,1,1,0
U0531,22,Tier 2,2024-01-30,0,1,1
U0532,25,Tier 1,2024-11-24,0,1,0
U0533,25,Tier 2,2024-04-21,0,0,0
U0534,19,Tier 3,2024-09-19,1,1,1
U0535,21,Tier 1,2024-11-20,1,1,0
U0536,24,Tier 1,2024-12-30,1,0,0
U0537,22,Tier 1,2024-07-03,1,1,1
U0538,16,Tier 3,2024-11-07,1,1,1
U0539,18,Tier 2,2024-09-17,1,1,1
U0540,15,Tier 2,2024-10-26,1,1,0
U0541,24,Tier 1,2024-09-25,1,1,0
U0542,19,Tier 2,2024-10-03,1,1,1
U0543,16,Tier 3,2024-08-07,0,1,0
U0544,20,Tier 3,2024-09-26,0,0,1
U0545,19,Tier 2,2024-06-15,0,0,0
U0546,17,Tier 1,2024-02-01,1,1,0
U0547,14,Tier 1,2024-05-23,0,1,0
U0548,20,Tier 1,2024-01-04,0,1,1
U0549,19,Tier 1,2024-07-14,1,1,0
U0550,21,Tier 1,2024-08-17,1,0,0
U0551,19,Tier 1,2024-05-15,1,1,0
U0552,22,Tier 1,2024-07-05,1,1,0
U0553,19,Tier 3,2024-10-05,1,1,1
U0554,19,Tier 2,2024-02-12,1,1,0
U0555,22,Tier 3,2024-07-23,0,1,0
U0556,18,Tier 2,2024-11-28,1,0,0
U0557,15,Tier 1,2024-12-07,1,0,0
U0558,13,Tier 2,2024-06-25,0,0,0
U0559,21,Tier 1,2024-01-25,1,0,1
U0560,20,Tier 2,2024-08-24,0,0,1
U0561,20,Tier 1,2024-01-10,1,1,1
U0562,16,Tier 3,2024-01-17,0,1,1
U0563,15,Tier 1,2024-07-11,1,0,0
U0564,13,Tier 1,2024-05-26,1,1,0
U0565,17,Tier 3,2024-02-04,1,1,0
U0566,19,Tier 1,2024-08-23,0,1,0
U0567,18,Tier 2,2024-11-03,0,1,0
U0568,18,Tier 2,2024-10-15,1,1,1
U0569,23,Tier 3,2024-10-11,0,1,1
U0570,17,Tier 3,2024-10-10,1,1,1
U0571,19,Tier 3,2024-11-28,1,0,0
U0572,21,Tier 1,2024-11-24,0,1,1
U0573,18,Tier 3,2024-03-10,1,0,1
U0574,20,Tier 2,2024-09-20,1,1,0
U0575,22,Tier 2,2024-10-02,0,1,0
U0576,24,Tier 1,2024-12-09,0,1,0
U0577,15,Tier 2,2024-11-04,0,1,0
U0578,23,Tier 3,2024-03-25,0,1,0
U0579,18,Tier 3,2024-11-07,1,0,0
U0580,16,Tier 2,2024-09-21,0,0,0
U0581,18,Tier 1,2024-04-30,1,0,0
U0582,25,Tier 1,2024-05-31,0,1,1
U0583,18,Tier 3,2024-02-11,1,1,1
U0584,17,Tier 2,2024-10-03,1,1,1
U0585,20,Tier 2,2024-01-18,1,1,0
U0586,16,Tier 1,2024-11-21,1,1,0
U0587,14,Tier 2,2024-12-06,1,1,1
U0588,15,Tier 2,2024-06-09,0,1,1
U0589,15,Tier 3,2024-10-01,0,1,0
U0590,15,Tier 2,2024-10-03,1,1,0
U0591,15,Tier 1,2024-04-05,0,1,0
U0592,20,Tier 2,2024-03-24,1,1,0
U0593,15,Tier 1,2024-10-27,1,0,0
U0594,17,Tier 3,2024-02-11,1,1,0
U0595,23,Tier 1,2024-07-29,0,1,1
U0596,18,Tier 2,2024-07-19,0,1,1
U0597,20,Tier 1,2024-08-12,1,1,0
U0598,15,Tier 2,2024-02-16,1,0,0
U0599,15,Tier 2,2024-02-06,1,0,0
U0600,13,Tier 2,2024-03-28,1,1,0
U0601,15,Tier 1,2024-12-05,1,1,0
U0602,16,Tier 1,2024-05-25,1,0,1
U0603,15,Tier 1,2024-09-16,0,1,0
U0604,14,Tier 2,2024-04-07,0,0,0
U0605,15,Tier 1,2024-12-06,1,1,1
U0606,18,Tier 2,2024-07-05,1,1,0
U0607,16,Tier 3,2024-02-02,1,0,1
U0608,17,Tier 3,2024-02-09,0,1,1
U0609,18,Tier 2,2024-09-04,0,1,0
U0610,20,Tier 2,2024-04-04,0,1,0
U0611,13,Tier 1,2024-06-06,1,1,1
U0612,21,Tier 2,2024-09-27,0,0,0
U0613,20,Tier 3,2024-08-05,1,1,0
U0614,14,Tier 1,2024-11-30,1,1,0
U0615,22,Tier 2,2024-08-19,1,0,1
U0616,23,Tier 3,2024-12-13,1,1,1
U0617,14,Tier 3,2024-09-13,0,1,1
U0618,16,Tier 1,2024-02-14,0,0,0
U0619,21,Tier 2,2024-03-25,1,0,0
U0620,21,Tier 1,2024-08-18,1,1,0
U0621,15,Tier 1,2024-04-13,1,1,0
U0622,16,Tier 3,2024-02-09,1,0,0
U0623,17,Tier 3,2024-09-18,1,0,0
U0624,18,Tier 3,2024-03-27,0,0,0
U0625,19,Tier 1,2024-05-01,0,1,1
U0626,17,Tier 3,2024-10-31,0,1,1
U0627,18,Tier 2,2024-10-11,0,1,0
U0628,21,Tier 1,2024-03-15,1,0,0
U0629,13,Tier 2,2024-09-04,1,0,0
U0630,16,Tier 1,2024-05-29,1,1,0
U0631,20,Tier 3,2024-08-31,1,1,0
U0632,23,Tier 2,2024-09-07,0,1,0
U0633,19,Tier 1,2024-10-01,1,0,0
U0634,19,Tier 1,2024-07-01,1,1,0
U0635,14,Tier 1,2024-12-29,1,1,1
U0636,18,Tier 1,2024-09-08,0,1,1
U0637,19,Tier 2,2024-12-20,1,1,0
U0638,16,Tier 3,2024-08-03,0,1,1
U0639,16,Tier 1,2024-07-28,0,0,0
U0640,17,Tier 1,2024-09-24,1,0,1
U0641,13,Tier 2,2024-02-24,1,1,1
U0642,17,Tier 3,2024-09-17,0,1,1
U0643,16,Tier 1,2024-09-16,1,0,1
U0644,17,Tier 1,2024-07-10,0,1,1
U0645,14,Tier 2,2024-05-15,1,1,1
U0646,23,Tier 1,2024-02-18,1,0,0
U0647,19,Tier 1,2024-04-22,0,0,1
U0648,20,Tier 2,2024-06-28,0,0,1
U0649,21,Tier 2,2024-04-19,0,1,1
U0650,18,Tier 2,2024-03-01,0,1,0
U0651,14,Tier 2,2024-12-02,0,1,0
U0652,19,Tier 2,2024-11-11,0,1,0
U0653,19,Tier 1,2024-09-27,0,0,1
U0654,21,Tier 1,2024-02-20,1,1,1
U0655,18,Tier 1,2024-01-14,1,0,0
U0656,15,Tier 1,2024-05-19,0,1,0
U0657,16,Tier 2,2024-11-24,1,1,1
U0658,17,Tier 3,2024-07-24,1,0,0
U0659,20,Tier 3,2024-09-21,1,1,1
U0660,19,Tier 2,2024-08-04,1,1,1
U0661,17,Tier 1,2024-06-05,1,1,0
U0662,25,Tier 1,2024-01-08,1,1,0
U0663,19,Tier 3,2024-01-29,0,1,1
U0664,16,Tier 2,2024-04-21,1,1,1
U0665,14,Tier 2,2024-09-13,1,1,0
U0666,15,Tier 3,2024-02-14,1,0,0
U0667,16,Tier 2,2024-02-04,1,1,0
U0668,15,Tier 3,2024-05-20,1,1,0
U0669,15,Tier 1,2024-01-27,0,1,0
U0670,16,Tier 2,2024-04-07,1,1,1
U0671,15,Tier 3,2024-04-17,0,1,1
U0672,23,Tier 1,2024-12-30,1,1,0
U0673,14,Tier 2,2024-10-14,1,1,0
U0674,19,Tier 1,2024-02-05,1,0,1
U0675,18,Tier 3,2024-04-29,1,0,0
U0676,25,Tier 1,2024-12-17,0,0,1
U0677,14,Tier 2,2024-02-05,0,1,1
U0678,18,Tier 1,2024-02-26,1,1,1
U0679,24,Tier 2,2024-02-26,1,0,0
U0680,22,Tier 1,2024-06-26,1,1,1
U0681,22,Tier 1,2024-02-26,1,0,1
U0682,16,Tier 2,2024-09-15,0,1,0
U0683,15,Tier 3,2024-05-08,1,1,0
U0684,20,Tier 1,2024-10-02,0,0,0
U0685,23,Tier 1,2024-06-16,1,0,1
U0686,19,Tier 3,2024-12-04,1,0,0
U0687,19,Tier 2,2024-01-01,1,0,0
U0688,16,Tier 3,2024-10-09,1,1,1
U0689,21,Tier 1,2024-11-08,0,1,0
U0690,15,Tier 2,2024-01-20,1,0,0
U0691,17,Tier 1,2024-03-24,0,1,1
U0692,18,Tier 1,2024-06-29,1,1,0
U0693,18,Tier 2,2024-02-16,0,1,0
U0694,16,Tier 2,2024-10-07,1,1,0
U0695,14,Tier 3,2024-06-09,0,1,0
U0696,19,Tier 1,2024-04-26,0,1,1
U0697,16,Tier 2,2024-11-11,0,0,1
U0698,19,Tier 2,2024-03-29,1,0,0
U0699,15,Tier 3,2024-04-22,0,1,0
U0700,18,Tier 1,2024-05-06,1,1,0
U0701,19,Tier 1,2024-01-19,1,1,0
U0702,14,Tier 1,2024-07-11,1,1,1
U0703,17,Tier 2,2024-03-12,1,1,0
U0704,15,Tier 1,2024-03-28,0,1,0
U0705,14,Tier 3,2024-07-01,1,1,0
U0706,25,Tier 1,2024-02-24,1,1,0
U0707,17,Tier 3,2024-01-18,1,1,0
U0708,21,Tier 1,2024-01-18,1,1,0
U0709,16,Tier 2,2024-12-14,0,1,0
U0710,20,Tier 3,2024-09-26,1,1,0
U0711,21,Tier 1,2024-06-13,1,1,0
U0712,19,Tier 3,2024-05-26,1,0,1
U0713,18,Tier 2,2024-05-31,0,1,0
U0714,18,Tier 3,2024-06-18,0,0,0
U0715,17,Tier 2,2024-12-26,0,1,1
U0716,23,Tier 1,2024-12-13,1,0,0
U0717,22,Tier 1,2024-10-24,1,1,1
U0718,24,Tier 1,2024-12-24,1,0,0
U0719,15,Tier 1,2024-01-22,1,1,0
U0720,21,Tier 1,2024-09-27,1,0,0
U0721,23,Tier 1,2024-04-10,0,1,0
U0722,15,Tier 2,2024-09-21,1,1,1
U0723,14,Tier 3,2024-01-04,1,0,0
U0724,21,Tier 1,2024-12-30,0,1,1
U0725,19,Tier 1,2024-02-16,0,0,1
U0726,22,Tier 2,2024-06-03,1,1,0
U0727,15,Tier 1,2024-11-17,1,1,0
U0728,21,Tier 1,2024-11-15,1,0,1
U0729,16,Tier 1,2024-04-18,1,1,0
U0730,15,Tier 3,2024-07-18,1,1,0
U0731,15,Tier 3,2024-02-28,1,0,0
U0732,22,Tier 1,2024-07-07,0,0,0
U0733,20,Tier 2,2024-12-18,0,0,0
U0734,19,Tier 2,2024-06-07,1,1,0
U0735,17,Tier 2,2024-11-26,1,1,1
U0736,22,Tier 2,2024-05-21,1,1,0
U0737,18,Tier 2,2024-12-29,0,1,0
U0738,22,Tier 1,2024-12-19,1,0,1
U0739,18,Tier 1,2024-09-22,1,1,1
U0740,17,Tier 2,2024-03-23,1,1,1
U0741,18,Tier 3,2024-10-19,1,1,0
U0742,17,Tier 2,2024-04-08,0,0,0
U0743,21,Tier 3,2024-05-06,1,0,0
U0744,18,Tier 3,2024-12-11,1,1,0
U0745,16,Tier 1,2024-06-30,1,1,0
U0746,23,Tier 2,2024-08-22,1,0,0
U0747,17,Tier 2,2024-03-14,0,1,1
U0748,19,Tier 3,2024-04-16,0,1,1
U0749,23,Tier 3,2024-07-31,1,1,0
U0750,20,Tier 2,2024-12-16,1,1,0
U0751,14,Tier 1,2024-11-23,1,1,0
U0752,23,Tier 3,2024-12-07,1,0,0
U0753,20,Tier 1,2024-09-17,1,1,1
U0754,17,Tier 3,2024-10-29,0,1,0
U0755,15,Tier 3,2024-04-03,1,0,0
U0756,21,Tier 1,2024-01-10,1,0,1
U0757,20,Tier 2,2024-03-15,1,1,0
U0758,19,Tier 2,2024-01-29,0,1,0
U0759,23,Tier 2,2024-04-09,1,1,0
U0760,21,Tier 1,2024-04-16,0,1,0
U0761,15,Tier 3,2024-04-23,1,1,1
U0762,17,Tier 3,2024-08-13,1,1,1
U0763,16,Tier 3,2024-09-07,0,1,0
U0764,21,Tier 1,2024-10-26,1,1,0
U0765,13,Tier 3,2024-08-17,0,1,1
U0766,19,Tier 2,2024-01-05,1,1,1
U0767,21,Tier 1,2024-06-28,1,1,0
U0768,22,Tier 1,2024-12-18,1,1,0
U0769,17,Tier 1,2024-05-16,1,1,0
U0770,22,Tier 3,2024-10-02,1,1,1
U0771,14,Tier 2,2024-04-22,1,1,1
U0772,22,Tier 2,2024-01-03,0,1,1
U0773,15,Tier 1,2024-02-07,1,1,0
U0774,18,Tier 2,2024-05-19,1,0,1
U0775,21,Tier 1,2024-04-04,1,0,0
U0776,15,Tier 1,2024-11-18,1,1,0
U0777,16,Tier 2,2024-12-28,1,0,1
U0778,21,Tier 1,2024-09-05,0,1,0
U0779,21,Tier 3,2024-04-05,0,1,0
U0780,20,Tier 1,2024-08-08,1,0,0
U0781,20,Tier 2,2024-02-24,0,1,0
U0782,19,Tier 2,2024-02-04,1,1,1
U0783,16,Tier 2,2024-04-07,0,1,1
U0784,17,Tier 1,2024-01-01,0,1,0
U0785,15,Tier 1,2024-06-04,0,1,0
U0786,23,Tier 3,2024-02-23,1,1,1
U0787,19,Tier 1,2024-11-02,1,1,0
U0788,18,Tier 3,2024-09-13,1,1,0
U0789,18,Tier 3,2024-08-25,0,1,1
U0790,24,Tier 1,2024-09-21,1,0,0
U0791,15,Tier 1,2024-10-19,0,0,1
U0792,19,Tier 2,2024-06-02,1,1,0
U0793,18,Tier 3,2024-11-29,0,1,0
U0794,19,Tier 3,2024-08-10,1,0,1
U0795,13,Tier 2,2024-01-12,1,1,0
U0796,22,Tier 3,2024-02-20,1,1,0
U0797,23,Tier 1,2024-02-07,1,1,0
U0798,19,Tier 3,2024-12-17,1,0,1
U0799,20,Tier 3,2024-01-27,0,1,0
U0800,23,Tier 1,2024-02-04,1,1,0
U0801,20,Tier 1,2024-02-14,1,1,0
U0802,15,Tier 1,2024-06-01,0,1,0
U0803,19,Tier 1,2024-11-16,1,1,1
U0804,19,Tier 3,2024-09-26,0,1,1
U0805,18,Tier 1,2024-09-26,0,1,0
U0806,21,Tier 1,2024-09-18,1,1,1
U0807,23,Tier 1,2024-05-10,1,1,0
U0808,23,Tier 3,2024-02-24,1,0,0
U0809,18,Tier 2,2024-10-29,0,0,0
U0810,14,Tier 2,2024-01-05,1,1,0
U0811,25,Tier 1,2024-01-14,1,1,0
U0812,22,Tier 3,2024-03-18,0,1,0
U0813,15,Tier 3,2024-04-18,1,1,1
U0814,23,Tier 1,2024-06-26,0,0,1
U0815,22,Tier 1,2024-03-21,0,1,1
U0816,19,Tier 1,2024-11-20,1,1,0
U0817,19,Tier 1,2024-09-20,0,0,0
U0818,18,Tier 2,2024-07-08,0,0,1
U0819,14,Tier 3,2024-04-05,1,1,0
U0820,17,Tier 2,2024-08-15,1,1,1
U0821,21,Tier 3,2024-08-12,1,1,0
U0822,13,Tier 2,2024-11-06,1,0,1
U0823,17,Tier 2,2024-10-25,0,0,0
U0824,18,Tier 2,2024-10-03,1,1,0
U0825,19,Tier 1,2024-05-17,0,1,0
U0826,23,Tier 1,2024-11-21,1,1,1
U0827,17,Tier 2,2024-07-13,1,1,0
U0828,17,Tier 1,2024-11-27,0,1,1
U0829,21,Tier 1,2024-05-13,0,1,0
U0830,18,Tier 2,2024-02-11,1,1,0
U0831,16,Tier 3,2024-10-25,1,0,0
U0832,18,Tier 2,2024-08-21,1,1,0
U0833,15,Tier 3,2024-12-14,1,1,0
U0834,15,Tier 2,2024-04-12,1,1,0
U0835,18,Tier 3,2024-02-17,1,0,1
U0836,18,Tier 2,2024-12-06,0,1,0
U0837,23,Tier 3,2024-10-15,1,0,1
U0838,17,Tier 2,2024-08-30,0,1,1
U0839,19,Tier 2,2024-01-17,0,0,0
U0840,20,Tier 2,2024-08-25,1,0,0
U0841,13,Tier 2,2024-01-14,0,1,1
U0842,20,Tier 1,2024-02-23,1,0,0
U0843,15,Tier 1,2024-05-26,0,1,1
U0844,24,Tier 1,2024-07-15,1,1,0
U0845,15,Tier 3,2024-11-09,1,1,0
U0846,18,Tier 1,2024-04-30,0,1,0
U0847,14,Tier 1,2024-08-22,1,0,0
U0848,25,Tier 2,2024-04-27,0,0,1
U0849,18,Tier 1,2024-03-13,0,1,0
U0850,19,Tier 2,2024-11-12,1,1,1
U0851,14,Tier 1,2024-03-03,1,1,1
U0852,21,Tier 3,2024-12-19,1,1,0
U0853,16,Tier 3,2024-06-16,1,1,1
U0854,23,Tier 3,2024-04-01,0,0,0
U0855,16,Tier 2,2024-10-13,1,1,0
U0856,15,Tier 3,2024-05-24,1,1,1
U0857,13,Tier 1,2024-12-13,0,0,0
U0858,18,Tier 1,2024-02-17,1,1,0
U0859,19,Tier 1,2024-11-13,0,1,0
U0860,14,Tier 2,2024-10-03,1,1,0
U0861,21,Tier 2,2024-08-11,0,1,1
U0862,18,Tier 2,2024-05-31,1,0,0
U0863,19,Tier 1,2024-04-09,1,1,0
U0864,18,Tier 2,2024-04-16,1,1,0
U0865,18,Tier 2,2024-04-26,1,1,1
U0866,19,Tier 2,2024-10-06,0,1,1
U0867,15,Tier 2,2024-03-28,1,0,0
U0868,15,Tier 1,2024-12-25,0,0,0
U0869,22,Tier 3,2024-09-08,1,0,0
U0870,24,Tier 2,2024-12-06,1,1,0
U0871,17,Tier 1,2024-09-26,1,1,0
U0872,16,Tier 1,2024-06-20,1,1,0
U0873,20,Tier 2,2024-12-04,1,1,1
U0874,18,Tier 3,2024-12-18,1,1,0
U0875,13,Tier 2,2024-01-06,0,1,1
U0876,15,Tier 1,2024-02-23,1,0,1
U0877,20,Tier 3,2024-09-15,1,1,0
U0878,20,Tier 2,2024-06-14,1,1,1
U0879,13,Tier 2,2024-06-27,1,1,0
U0880,16,Tier 2,2024-07-29,0,1,1
U0881,16,Tier 1,2024-08-29,1,1,1
U0882,20,Tier 2,2024-04-14,1,1,0
U0883,13,Tier 1,2024-07-13,1,1,0
U0884,14,Tier 3,2024-07-22,1,1,0
U0885,21,Tier 2,2024-09-30,1,0,0
U0886,15,Tier 2,2024-06-28,0,1,1
U0887,20,Tier 2,2024-01-09,1,1,0
U0888,16,Tier 3,2024-04-08,1,1,1
U0889,14,Tier 3,2024-02-29,0,1,0
U0890,16,Tier 2,2024-09-14,1,0,0
U0891,21,Tier 2,2024-02-19,0,1,0
U0892,22,Tier 2,2024-02-24,1,1,0
U0893,22,Tier 2,2024-06-18,0,0,1
U0894,18,Tier 1,2024-01-24,1,1,0
U0895,20,Tier 2,2024-04-10,1,1,1
U0896,16,Tier 1,2024-07-11,1,1,1
U0897,17,Tier 3,2024-11-26,1,1,0
U0898,23,Tier 1,2024-01-23,1,0,1
U0899,13,Tier 3,2024-05-27,1,1,1
U0900,14,Tier 2,2024-04-07,1,1,0
U0901,16,Tier 2,2024-04-18,1,1,0
U0902,13,Tier 2,2024-01-18,1,1,1
U0903,15,Tier 1,2024-10-25,0,1,0
U0904,19,Tier 1,2024-09-30,0,1,0
U0905,18,Tier 1,2024-09-27,1,1,0
U0906,23,Tier 2,2024-04-17,1,1,0
U0907,22,Tier 2,2024-08-12,1,0,0
U0908,17,Tier 3,2024-09-16,1,1,0
U0909,16,Tier 1,2024-03-11,0,1,0
U0910,17,Tier 1,2024-07-13,1,1,1
U0911,19,Tier 2,2024-04-29,1,0,0
U0912,16,Tier 3,2024-04-09,0,0,0
U0913,20,Tier 2,2024-08-04,1,0,0
U0914,18,Tier 2,2024-07-02,0,1,1
U0915,19,Tier 2,2024-07-28,0,0,0
U0916,18,Tier 1,2024-09-02,1,1,0
U0917,17,Tier 3,2024-11-01,1,1,0
U0918,24,Tier 2,2024-04-12,1,1,0
U0919,21,Tier 1,2024-08-04,1,0,0
U0920,15,Tier 2,2024-11-21,1,0,1
U0921,22,Tier 1,2024-03-14,0,0,0
U0922,18,Tier 3,2024-07-18,1,0,0
U0923,23,Tier 1,2024-10-18,1,1,1
U0924,21,Tier 2,2024-02-29,1,1,1
U0925,18,Tier 1,2024-03-17,0,1,0
U0926,13,Tier 2,2024-01-06,1,0,0
U0927,16,Tier 3,2024-11-09,0,1,0
U0928,19,Tier 2,2024-04-20,1,0,1
U0929,20,Tier 2,2024-10-22,1,1,1
U0930,16,Tier 3,2024-01-22,0,1,1
U0931,15,Tier 1,2024-01-21,0,1,0
U0932,22,Tier 1,2024-07-03,1,1,0
U0933,25,Tier 1,2024-07-07,1,0,0
U0934,19,Tier 3,2024-07-08,0,1,0
U0935,15,Tier 1,2024-05-25,1,1,1
U0936,16,Tier 2,2024-04-05,1,1,1
U0937,13,Tier 2,2024-06-04,0,1,1
U0938,23,Tier 1,2024-05-12,1,1,1
U0939,14,Tier 1,2024-02-01,1,1,1
U0940,19,Tier 1,2024-07-31,1,0,0
U0941,16,Tier 2,2024-12-10,1,1,0
U0942,19,Tier 1,2024-03-21,0,1,0
U0943,20,Tier 1,2024-01-08,1,1,0
U0944,22,Tier 3,2024-11-20,1,1,0
U0945,16,Tier 3,2024-07-30,1,1,0
U0946,13,Tier 1,2024-01-16,0,1,1
U0947,15,Tier 1,2024-03-16,1,1,0
U0948,23,Tier 1,2024-05-23,0,1,1
U0949,22,Tier 2,2024-11-24,1,1,1
U0950,19,Tier 3,2024-03-26,0,0,1
U0951,19,Tier 1,2024-06-24,1,0,0
U0952,20,Tier 1,2024-07-20,0,1,0
U0953,15,Tier 3,2024-05-06,1,1,0
U0954,23,Tier 2,2024-10-29,1,1,0
U0955,18,Tier 1,2024-06-28,0,1,0
U0956,17,Tier 2,2024-12-20,0,0,0
U0957,19,Tier 1,2024-12-16,1,0,0
U0958,13,Tier 1,2024-08-10,0,1,0
U0959,15,Tier 3,2024-04-09,1,1,1
U0960,21,Tier 3,2024-11-10,0,1,1
U0961,14,Tier 2,2024-04-01,1,1,0
U0962,19,Tier 3,2024-02-21,1,0,1
U0963,16,Tier 2,2024-04-27,1,1,0
U0964,17,Tier 3,2024-09-15,1,1,0
U0965,16,Tier 2,2024-08-15,0,1,0
U0966,17,Tier 3,2024-12-16,1,1,1
U0967,20,Tier 3,2024-11-10,1,1,0
U0968,17,Tier 1,2024-10-01,1,1,0
U0969,19,Tier 3,2024-11-18,0,1,0
U0970,18,Tier 3,2024-07-16,1,0,0
U0971,20,Tier 3,2024-05-07,1,0,0
U0972,23,Tier 1,2024-08-14,0,1,0
U0973,21,Tier 3,2024-10-24,1,0,1
U0974,16,Tier 3,2024-01-03,0,1,0
U0975,13,Tier 1,2024-08-14,0,0,1
U0976,16,Tier 3,2024-06-26,1,0,1
U0977,19,Tier 1,2024-05-17,0,1,1
U0978,14,Tier 1,2024-01-18,0,0,0
U0979,18,Tier 2,2024-01-17,1,1,1
U0980,19,Tier 2,2024-07-19,1,1,1
U0981,17,Tier 2,2024-08-03,0,1,0
U0982,21,Tier 1,2024-07-05,1,0,0
U0983,14,Tier 3,2024-03-10,0,0,1
U0984,14,Tier 1,2024-01-26,1,1,0
U0985,21,Tier 1,2024-01-11,1,1,0
U0986,18,Tier 1,2024-06-18,1,1,1
U0987,20,Tier 2,2024-10-19,1,0,0
U0988,18,Tier 3,2024-02-26,1,1,0
U0989,16,Tier 2,2024-06-11,0,0,0
U0990,22,Tier 3,2024-08-17,0,1,0
U0991,21,Tier 1,2024-03-23,0,1,0
U0992,20,Tier 2,2024-07-02,1,1,1
U0993,16,Tier 2,2024-08-06,0,0,0
U0994,19,Tier 2,2024-12-25,1,1,1
U0995,17,Tier 1,2024-03-17,0,0,0
U0996,14,Tier 2,2024-11-12,1,1,1
U0997,23,Tier 2,2024-07-23,0,1,0
U0998,15,Tier 3,2024-08-07,0,0,1
U0999,24,Tier 2,2024-06-12,1,0,0
U1000,18,Tier 1,2024-07-02,1,0,0
U1001,15,Tier 2,2024-07-13,1,1,0
U1002,19,Tier 1,2024-01-18,1,1,0
U1003,22,Tier 3,2024-10-31,1,1,0
U1004,21,Tier 2,2024-09-21,1,1,1
U1005,21,Tier 1,2024-08-03,1,0,1
U1006,20,Tier 3,2024-11-30,0,1,0
U1007,20,Tier 2,2024-01-02,1,1,0
U1008,22,Tier 1,2024-06-17,0,1,1
U1009,16,Tier 2,2024-04-26,0,1,1
U1010,18,Tier 1,2024-11-12,1,1,1
U1011,16,Tier 3,2024-11-14,1,1,0
U1012,25,Tier 3,2024-05-22,0,1,1
U1013,24,Tier 3,2024-06-05,0,1,0
U1014,13,Tier 2,2024-09-15,1,0,1
U1015,20,Tier 2,2024-08-24,0,1,1
U1016,23,Tier 3,2024-04-29,0,1,1
U1017,15,Tier 1,2024-07-04,0,0,0
U1018,19,Tier 2,2024-04-19,0,0,0
U1019,23,Tier 2,2024-10-20,1,0,1
U1020,13,Tier 1,2024-10-05,0,0,0
U1021,20,Tier 2,2024-03-24,0,1,1
U1022,17,Tier 3,2024-01-06,1,1,0
U1023,23,Tier 3,2024-07-19,0,1,0
U1024,24,Tier 1,2024-10-10,1,1,1
U1025,24,Tier 1,2024-09-14,1,0,0
U1026,18,Tier 1,2024-05-18,1,1,0
U1027,22,Tier 3,2024-10-27,1,0,1
U1028,22,Tier 1,2024-08-15,1,0,0
U1029,17,Tier 2,2024-09-20,0,1,1
U1030,22,Tier 1,2024-10-24,1,0,0
U1031,13,Tier 2,2024-11-17,1,1,1
U1032,19,Tier 1,2024-07-25,1,1,0
U1033,16,Tier 3,2024-11-19,1,0,1
U1034,15,Tier 1,2024-09-25,0,1,1
U1035,14,Tier 2,2024-12-18,0,0,1
U1036,20,Tier 1,2024-04-19,0,1,1
U1037,17,Tier 2,2024-01-28,1,1,0
U1038,21,Tier 3,2024-12-29,1,0,1
U1039,14,Tier 1,2024-05-03,0,1,0
U1040,17,Tier 3,2024-03-16,0,1,1
U1041,19,Tier 2,2024-02-18,1,1,0
U1042,21,Tier 1,2024-01-28,0,0,0
U1043,17,Tier 2,2024-04-10,0,1,0
U1044,20,Tier 1,2024-03-29,0,0,0
U1045,23,Tier 2,2024-01-16,1,1,0
U1046,19,Tier 3,2024-06-21,0,1,0
U1047,16,Tier 1,2024-03-21,1,0,1
U1048,13,Tier 2,2024-12-25,1,1,0
U1049,22,Tier 3,2024-02-07,1,1,0
U1050,13,Tier 3,2024-11-04,1,0,1
U1051,22,Tier 2,2024-08-07,1,0,0
U1052,19,Tier 3,2024-09-25,1,1,1
U1053,23,Tier 2,2024-09-13,0,1,0
U1054,21,Tier 1,2024-05-25,0,0,0
U1055,25,Tier 3,2024-04-08,0,0,0
U1056,17,Tier 2,2024-03-29,1,0,0
U1057,21,Tier 2,2024-05-02,1,1,0
U1058,18,Tier 2,2024-02-23,0,0,0
U1059,18,Tier 3,2024-11-18,1,1,0
U1060,20,Tier 3,2024-03-09,0,1,1
U1061,22,Tier 2,2024-08-07,0,1,0
U1062,25,Tier 1,2024-08-08,1,1,0
U1063,21,Tier 2,2024-02-16,0,1,1
U1064,18,Tier 2,2024-12-20,0,1,1
U1065,18,Tier 1,2024-12-22,1,1,0
U1066,21,Tier 3,2024-04-10,1,1,0
U1067,16,Tier 2,2024-11-10,1,1,0
U1068,14,Tier 1,2024-04-07,1,1,1
U1069,17,Tier 1,2024-07-22,1,1,1
U1070,16,Tier 1,2024-08-30,1,1,0
U1071,17,Tier 3,2024-12-30,1,1,1
U1072,16,Tier 1,2024-10-29,0,1,1
U1073,13,Tier 1,2024-03-16,1,0,1
U1074,13,Tier 2,2024-03-11,1,0,1
U1075,25,Tier 1,2024-07-04,1,0,1
U1076,18,Tier 1,2024-12-26,1,1,1
U1077,17,Tier 1,2024-02-18,1,1,1
U1078,20,Tier 2,2024-09-26,1,1,0
U1079,16,Tier 2,2024-06-11,1,0,1
U1080,24,Tier 1,2024-04-02,0,1,0
U1081,21,Tier 2,2024-01-02,0,1,0
U1082,14,Tier 3,2024-08-03,1,1,0
U1083,18,Tier 1,2024-06-20,1,1,1
U1084,22,Tier 1,2024-07-07,1,0,0
U1085,24,Tier 1,2024-02-03,0,0,1
U1086,18,Tier 2,2024-02-22,1,0,1
U1087,19,Tier 3,2024-05-29,0,1,0
U1088,15,Tier 1,2024-11-13,1,0,0
U1089,25,Tier 2,2024-09-16,1,1,0
U1090,16,Tier 1,2024-10-17,1,0,0
U1091,24,Tier 2,2024-06-24,0,1,0
U1092,20,Tier 3,2024-09-13,0,1,1
U1093,19,Tier 1,2024-04-04,1,1,1
U1094,19,Tier 2,2024-11-15,1,1,0
U1095,16,Tier 1,2024-11-12,1,0,0
U1096,15,Tier 2,2024-01-30,1,0,1
U1097,16,Tier 1,2024-05-13,0,1,0
U1098,15,Tier 3,2024-07-15,0,1,1
U1099,21,Tier 1,2024-04-22,0,1,0
U1100,17,Tier 3,2024-08-20,0,0,0
U1101,14,Tier 1,2024-08-20,1,1,0
U1102,24,Tier 2,2024-08-15,0,1,1
U1103,23,Tier 1,2024-08-06,0,1,0
U1104,23,Tier 3,2024-08-11,1,1,0
U1105,25,Tier 1,2024-06-02,0,0,1
U1106,15,Tier 1,2024-07-23,1,1,1
U1107,18,Tier 2,2024-02-28,0,1,0
U1108,21,Tier 1,2024-05-21,1,0,0
U1109,20,Tier 1,2024-12-13,1,1,1
U1110,15,Tier 3,2024-10-20,0,1,0
U1111,22,Tier 3,2024-07-06,1,1,0
U1112,16,Tier 1,2024-05-15,1,1,1
U1113,16,Tier 3,2024-11-01,1,1,0
U1114,19,Tier 2,2024-10-09,1,0,1
U1115,19,Tier 1,2024-09-22,1,0,1
U1116,19,Tier 2,2024-01-18,0,0,1
U1117,14,Tier 2,2024-09-02,0,0,0
U1118,22,Tier 3,2024-09-24,1,1,0
U1119,16,Tier 1,2024-09-14,0,1,1
U1120,15,Tier 2,2024-04-28,1,1,0
U1121,23,Tier 1,2024-11-24,0,0,0
U1122,24,Tier 1,2024-01-09,1,1,1
U1123,22,Tier 1,2024-09-25,1,1,0
U1124,21,Tier 3,2024-06-17,1,1,0
U1125,20,Tier 3,2024-02-19,1,1,0
U1126,19,Tier 3,2024-12-21,0,1,0
U1127,14,Tier 2,2024-01-24,0,0,1
U1128,18,Tier 1,2024-05-03,1,1,0
U1129,17,Tier 1,2024-01-23,1,0,1
U1130,16,Tier 1,2024-09-08,0,1,0
U1131,21,Tier 1,2024-11-04,0,0,0
U1132,18,Tier 3,2024-08-06,1,0,1
U1133,14,Tier 2,2024-06-25,1,0,0
U1134,16,Tier 1,2024-08-28,0,1,0
U1135,20,Tier 1,2024-03-06,1,1,0
U1136,14,Tier 1,2024-03-17,1,1,1
U1137,22,Tier 2,2024-07-29,1,1,0
U1138,18,Tier 3,2024-03-29,0,1,0
U1139,18,Tier 2,2024-05-16,0,0,1
U1140,19,Tier 3,2024-10-27,0,1,1
U1141,22,Tier 2,2024-12-11,0,1,0
U1142,17,Tier 1,2024-07-07,0,1,1
U1143,20,Tier 1,2024-11-08,1,0,1
U1144,19,Tier 3,2024-05-26,0,0,0
U1145,16,Tier 3,2024-12-18,1,1,0
U1146,22,Tier 1,2024-08-08,0,1,0
U1147,21,Tier 2,2024-08-20,1,0,1
U1148,20,Tier 2,2024-10-31,1,1,0
U1149,22,Tier 2,2024-02-15,0,1,0
U1150,22,Tier 3,2024-05-09,0,0,1
U1151,20,Tier 2,2024-09-27,1,0,0
U1152,22,Tier 2,2024-10-20,1,1,0
U1153,20,Tier 1,2024-03-28,1,1,0
U1154,20,Tier 1,2024-10-11,1,1,0
U1155,19,Tier 1,2024-03-26,0,1,1
U1156,21,Tier 1,2024-02-29,1,1,0
U1157,15,Tier 2,2024-06-23,0,1,0
U1158,23,Tier 2,2024-11-09,1,1,0
U1159,22,Tier 1,2024-01-31,0,1,0
U1160,13,Tier 3,2024-02-02,0,1,1
U1161,22,Tier 1,2024-11-25,1,1,1
U1162,15,Tier 1,2024-08-15,1,1,1
U1163,17,Tier 1,2024-02-10,0,1,0
U1164,21,Tier 1,2024-09-08,0,1,1
U1165,15,Tier 1,2024-04-12,1,1,0
U1166,22,Tier 2,2024-08-30,1,0,1
U1167,22,Tier 2,2024-03-13,1,1,0
U1168,18,Tier 3,2024-10-07,1,0,1
U1169,13,Tier 1,2024-02-10,1,1,0
U1170,16,Tier 1,2024-01-06,1,1,0
U1171,19,Tier 1,2024-09-23,0,1,0
U1172,25,Tier 2,2024-04-04,0,1,0
U1173,20,Tier 1,2024-05-22,0,0,1
U1174,16,Tier 3,2024-09-23,0,0,1
U1175,20,Tier 2,2024-02-21,0,0,0
U1176,19,Tier 2,2024-07-23,1,1,0
U1177,21,Tier 2,2024-10-30,1,1,1
U1178,14,Tier 1,2024-04-10,0,1,0
U1179,21,Tier 1,2024-05-10,1,1,0
U1180,19,Tier 1,2024-12-13,1,1,1
U1181,24,Tier 2,2024-07-13,0,0,1
U1182,17,Tier 1,2024-12-29,0,0,0
U1183,20,Tier 1,2024-09-16,0,1,1
U1184,23,Tier 3,2024-05-25,1,1,1
U1185,14,Tier 1,2024-01-09,0,1,1
U1186,23,Tier 3,2024-12-20,0,1,1
U1187,20,Tier 3,2024-06-24,1,1,0
U1188,14,Tier 1,2024-11-14,0,0,1
U1189,17,Tier 1,2024-11-10,1,1,1
U1190,20,Tier 1,2024-09-23,1,1,0
U1191,14,Tier 2,2024-03-03,1,1,1
U1192,19,Tier 2,2024-03-14,1,1,1
U1193,17,Tier 3,2024-04-01,1,0,0
U1194,20,Tier 3,2024-11-30,1,1,0
U1195,13,Tier 2,2024-08-22,1,0,0
U1196,22,Tier 1,2024-05-11,1,1,1
U1197,24,Tier 1,2024-06-26,0,0,0
U1198,24,Tier 3,2024-10-03,1,1,0
U1199,21,Tier 1,2024-05-04,1,1,0
U1200,15,Tier 1,2024-11-04,0,0,1
U1201,21,Tier 2,2024-09-22,1,0,1
U1202,13,Tier 2,2024-03-26,1,0,0
U1203,13,Tier 3,2024-07-25,1,1,0
U1204,17,Tier 2,2024-06-07,0,0,0
U1205,18,Tier 1,2024-12-22,0,0,1
U1206,21,Tier 3,2024-09-20,0,1,1
U1207,20,Tier 1,2024-01-16,0,0,0
U1208,18,Tier 1,2024-11-27,1,1,0
U1209,16,Tier 2,2024-05-20,1,1,1
U1210,25,Tier 1,2024-04-13,1,1,1
U1211,18,Tier 2,2024-08-23,1,0,0
U1212,18,Tier 1,2024-09-21,0,1,0
U1213,15,Tier 2,2024-11-10,0,1,0
U1214,21,Tier 1,2024-08-23,1,1,0
U1215,20,Tier 3,2024-04-19,0,1,0
U1216,16,Tier 3,2024-12-13,1,1,1
U1217,14,Tier 1,2024-11-09,1,1,0
U1218,20,Tier 1,2024-03-22,0,0,0
U1219,20,Tier 1,2024-04-29,1,0,0
U1220,16,Tier 1,2024-01-08,1,0,0
U1221,24,Tier 3,2024-10-22,1,0,1
U1222,15,Tier 2,2024-05-22,1,1,0
U1223,18,Tier 1,2024-08-21,0,1,0
U1224,24,Tier 1,2024-02-25,0,1,0
U1225,18,Tier 1,2024-06-04,1,1,1
U1226,20,Tier 2,2024-12-21,1,0,0
U1227,18,Tier 1,2024-05-21,0,1,0
U1228,16,Tier 3,2024-02-20,0,0,1
U1229,25,Tier 3,2024-12-02,1,1,1
U1230,18,Tier 1,2024-01-12,1,0,0
U1231,23,Tier 2,2024-10-26,0,1,0
U1232,16,Tier 3,2024-11-27,1,1,1
U1233,16,Tier 2,2024-03-02,1,0,0
U1234,13,Tier 1,2024-09-16,1,1,0
U1235,20,Tier 1,2024-08-17,1,0,0
U1236,17,Tier 3,2024-05-24,1,1,1
U1237,22,Tier 2,2024-07-08,1,1,0
U1238,18,Tier 2,2024-01-23,0,0,1
U1239,24,Tier 3,2024-07-14,1,1,1
U1240,15,Tier 3,2024-12-02,1,0,1
U1241,22,Tier 3,2024-04-16,1,1,0
U1242,21,Tier 1,2024-01-07,0,1,1
U1243,21,Tier 2,2024-05-25,1,1,1
U1244,22,Tier 2,2024-11-05,1,1,1
U1245,21,Tier 3,2024-08-29,1,1,0
U1246,20,Tier 2,2024-02-01,0,1,0
U1247,15,Tier 1,2024-02-12,1,1,0
U1248,13,Tier 3,2024-11-08,1,1,1
U1249,23,Tier 2,2024-09-10,1,1,1
U1250,19,Tier 1,2024-02-05,0,1,1
U1251,21,Tier 2,2024-11-19,1,1,0
U1252,18,Tier 1,2024-03-25,0,1,1
U1253,14,Tier 1,2024-09-07,0,1,1
U1254,15,Tier 1,2024-07-30,0,1,0
U1255,20,Tier 2,2024-02-13,1,1,1
U1256,18,Tier 2,2024-11-20,0,0,1
U1257,16,Tier 2,2024-12-10,1,0,1
U1258,18,Tier 2,2024-12-22,1,1,1
U1259,14,Tier 3,2024-10-23,0,1,0
U1260,19,Tier 1,2024-07-15,1,0,0
U1261,16,Tier 1,2024-03-19,1,1,1
U1262,21,Tier 3,2024-03-15,1,0,1
U1263,17,Tier 1,2024-04-08,1,0,0
U1264,18,Tier 3,2024-10-28,1,1,0
U1265,13,Tier 3,2024-06-24,0,1,1
U1266,14,Tier 2,2024-10-19,0,0,0
U1267,18,Tier 3,2024-02-25,0,0,1
U1268,18,Tier 1,2024-05-10,1,1,0
U1269,19,Tier 1,2024-11-29,0,1,0
U1270,17,Tier 2,2024-08-19,1,1,0
U1271,20,Tier 1,2024-06-05,1,1,0
U1272,22,Tier 3,2024-03-21,1,0,1
U1273,21,Tier 1,2024-07-11,1,0,0
U1274,13,Tier 2,2024-02-21,1,1,0
U1275,18,Tier 2,2024-02-02,1,0,0
U1276,14,Tier 2,2024-08-14,1,1,1
U1277,16,Tier 1,2024-04-12,1,1,0
U1278,25,Tier 1,2024-04-28,1,1,0
U1279,15,Tier 3,2024-06-07,0,1,1
U1280,18,Tier 1,2024-05-05,0,1,1
U1281,19,Tier 3,2024-10-11,1,1,1
U1282,20,Tier 2,2024-06-24,1,0,0
U1283,19,Tier 3,2024-11-09,0,0,0
U1284,13,Tier 2,2024-02-21,1,1,0
U1285,17,Tier 1,2024-12-17,0,1,1
U1286,19,Tier 2,2024-01-11,1,1,0
U1287,14,Tier 3,2024-09-05,0,0,0
U1288,17,Tier 2,2024-06-15,1,1,1
U1289,13,Tier 3,2024-06-07,1,1,1
U1290,14,Tier 2,2024-12-14,0,1,1
U1291,18,Tier 1,2024-03-15,1,1,0
U1292,15,Tier 1,2024-02-14,1,1,1
U1293,19,Tier 3,2024-12-16,1,0,1
U1294,20,Tier 1,2024-05-21,0,0,1
U1295,21,Tier 3,2024-11-18,1,1,0
U1296,16,Tier 3,2024-02-02,1,1,1
U1297,15,Tier 1,2024-08-16,1,1,1
U1298,14,Tier 1,2024-06-27,1,0,0
U1299,20,Tier 2,2024-04-02,0,1,0
U1300,20,Tier 1,2024-02-08,1,1,0
U1301,13,Tier 3,2024-11-13,1,1,0
U1302,23,Tier 2,2024-05-19,1,1,0
U1303,14,Tier 2,2024-10-12,1,1,0
U1304,19,Tier 3,2024-01-14,1,1,0
U1305,20,Tier 1,2024-12-21,1,1,1
U1306,22,Tier 2,2024-06-29,1,1,0
U1307,20,Tier 1,2024-03-05,0,1,1
U1308,21,Tier 1,2024-05-10,1,1,1
U1309,17,Tier 2,2024-11-03,0,1,0
U1310,22,Tier 3,2024-09-24,1,1,0
U1311,14,Tier 1,2024-05-22,1,1,0
U1312,23,Tier 2,2024-11-08,1,0,0
U1313,19,Tier 2,2024-07-15,1,1,0
U1314,22,Tier 1,2024-07-27,0,1,0
U1315,18,Tier 1,2024-07-21,0,1,0
U1316,20,Tier 3,2024-11-01,0,1,0
U1317,19,Tier 2,2024-09-13,1,1,1
U1318,21,Tier 2,2024-01-10,1,0,1
U1319,14,Tier 2,2024-08-14,1,1,0
U1320,14,Tier 1,2024-07-20,0,1,1
U1321,16,Tier 2,2024-02-10,1,0,1
U1322,15,Tier 2,2024-11-24,1,0,1
U1323,22,Tier 2,2024-04-18,1,0,1
U1324,16,Tier 1,2024-08-22,1,0,0
U1325,24,Tier 1,2024-06-03,0,0,0
U1326,17,Tier 1,2024-10-07,1,1,0
U1327,15,Tier 3,2024-12-18,1,1,0
U1328,21,Tier 2,2024-09-01,1,1,0
U1329,20,Tier 2,2024-11-16,0,0,0
U1330,18,Tier 1,2024-08-15,1,0,0
U1331,19,Tier 1,2024-12-16,0,1,0
U1332,20,Tier 2,2024-05-08,1,1,1
U1333,16,Tier 2,2024-06-16,0,0,1
U1334,25,Tier 2,2024-11-30,0,0,0
U1335,24,Tier 1,2024-05-23,1,1,0
U1336,20,Tier 2,2024-11-07,1,0,0
U1337,15,Tier 1,2024-11-11,1,1,0
U1338,20,Tier 1,2024-09-19,1,1,1
U1339,14,Tier 2,2024-04-19,0,1,1
U1340,13,Tier 1,2024-10-19,1,1,0
U1341,16,Tier 1,2024-08-29,1,1,1
U1342,18,Tier 2,2024-02-06,1,0,0
U1343,22,Tier 2,2024-05-23,1,0,0
U1344,21,Tier 3,2024-12-11,0,0,0
U1345,21,Tier 2,2024-10-10,1,1,1
U1346,18,Tier 1,2024-04-26,0,1,0
U1347,17,Tier 1,2024-02-12,0,1,0
U1348,17,Tier 3,2024-04-10,1,1,0
U1349,25,Tier 2,2024-07-21,1,1,0
U1350,13,Tier 2,2024-09-29,0,1,0
U1351,22,Tier 1,2024-10-22,1,1,1
U1352,19,Tier 2,2024-07-06,1,0,0
U1353,18,Tier 1,2024-09-15,1,1,0
U1354,21,Tier 2,2024-12-22,1,0,1
U1355,18,Tier 3,2024-04-07,0,1,1
U1356,22,Tier 3,2024-10-28,1,0,1
U1357,23,Tier 2,2024-07-12,1,1,0
U1358,18,Tier 2,2024-01-02,0,1,0
U1359,16,Tier 3,2024-03-30,0,1,1
U1360,19,Tier 2,2024-11-02,1,0,0
U1361,23,Tier 1,2024-02-21,0,1,0
U1362,16,Tier 2,2024-05-19,1,1,1
U1363,20,Tier 1,2024-08-09,0,0,1
U1364,20,Tier 2,2024-07-18,1,1,1
U1365,21,Tier 2,2024-09-28,1,1,0
U1366,15,Tier 2,2024-05-06,0,1,1
U1367,20,Tier 1,2024-06-13,1,1,0
U1368,23,Tier 1,2024-07-11,0,1,0
U1369,15,Tier 2,2024-06-30,1,1,0
U1370,16,Tier 3,2024-01-13,0,1,1
U1371,24,Tier 2,2024-10-17,0,1,0
U1372,15,Tier 1,2024-10-19,1,0,0
U1373,22,Tier 3,2024-07-04,0,1,1
U1374,18,Tier 3,2024-06-13,1,1,1
U1375,16,Tier 1,2024-03-13,0,1,0
U1376,22,Tier 1,2024-12-05,1,1,0
U1377,18,Tier 2,2024-03-16,0,1,1
U1378,19,Tier 3,2024-08-02,1,1,0
U1379,17,Tier 3,2024-02-13,1,1,0
U1380,19,Tier 3,2024-04-24,1,0,0
U1381,15,Tier 2,2024-07-28,1,1,1
U1382,18,Tier 2,2024-03-15,0,1,0
U1383,24,Tier 1,2024-10-31,1,1,1
U1384,16,Tier 1,2024-08-07,0,1,0
U1385,20,Tier 2,2024-09-05,1,0,0
U1386,17,Tier 2,2024-10-01,1,1,1
U1387,21,Tier 2,2024-09-28,1,1,0
U1388,15,Tier 2,2024-12-22,0,1,1
U1389,24,Tier 1,2024-03-17,0,1,0
U1390,18,Tier 2,2024-11-20,1,1,1
U1391,16,Tier 1,2024-08-09,1,1,0
U1392,14,Tier 2,2024-06-08,1,1,1
U1393,15,Tier 3,2024-05-04,0,1,0
U1394,19,Tier 2,2024-05-15,1,1,0
U1395,17,Tier 3,2024-08-02,0,1,0
U1396,22,Tier 1,2024-08-26,1,1,1
U1397,18,Tier 2,2024-11-25,0,1,0
U1398,16,Tier 1,2024-03-29,0,0,1
U1399,19,Tier 2,2024-10-22,1,1,0
U1400,20,Tier 3,2024-12-05,1,0,0
U1401,15,Tier 2,2024-04-21,1,1,0
U1402,15,Tier 3,2024-11-16,1,0,0
U1403,13,Tier 1,2024-06-22,0,1,1
U1404,21,Tier 3,2024-04-01,1,1,0
U1405,20,Tier 1,2024-07-16,0,0,1
U1406,18,Tier 3,2024-07-20,1,0,0
U1407,22,Tier 1,2024-05-24,1,1,0
U1408,21,Tier 1,2024-01-29,1,1,0
U1409,19,Tier 2,2024-08-25,1,1,0
U1410,22,Tier 3,2024-11-20,1,0,1
U1411,16,Tier 1,2024-07-05,1,1,0
U1412,14,Tier 1,2024-07-25,1,1,1
U1413,16,Tier 3,2024-09-18,1,0,0
U1414,14,Tier 1,2024-10-09,1,0,0
U1415,19,Tier 1,2024-09-07,1,1,1
U1416,23,Tier 2,2024-11-30,1,1,1
U1417,13,Tier 1,2024-05-04,0,0,1
U1418,15,Tier 3,2024-08-28,1,1,0
U1419,18,Tier 3,2024-03-15,0,0,1
U1420,23,Tier 2,2024-01-23,1,1,0
U1421,17,Tier 3,2024-03-09,0,1,0
U1422,18,Tier 2,2024-09-23,1,1,1
U1423,13,Tier 1,2024-04-20,0,1,0
U1424,15,Tier 1,2024-09-29,1,0,0
U1425,25,Tier 2,2024-03-04,0,1,1
U1426,24,Tier 1,2024-05-04,1,1,0
U1427,13,Tier 3,2024-03-20,1,1,1
U1428,24,Tier 3,2024-09-27,0,1,1
U1429,20,Tier 1,2024-01-28,1,1,0
U1430,22,Tier 2,2024-08-24,1,1,0
U1431,18,Tier 2,2024-07-04,1,1,0
U1432,19,Tier 3,2024-08-09,1,0,0
U1433,18,Tier 3,2024-04-21,0,0,0
U1434,20,Tier 2,2024-05-06,1,1,1
U1435,15,Tier 3,2024-07-23,0,1,1
U1436,13,Tier 2,2024-02-02,1,1,1
U1437,17,Tier 2,2024-06-19,1,1,0
U1438,20,Tier 1,2024-01-03,0,0,0
U1439,16,Tier 1,2024-10-09,0,1,1
U1440,20,Tier 2,2024-05-01,0,1,1
U1441,24,Tier 1,2024-08-17,1,1,0
U1442,14,Tier 1,2024-07-04,1,1,1
U1443,20,Tier 2,2024-10-07,1,1,0
U1444,18,Tier 1,2024-11-08,1,1,0
U1445,22,Tier 2,2024-08-12,1,1,0
U1446,15,Tier 2,2024-12-11,0,0,1
U1447,20,Tier 3,2024-07-16,0,0,0
U1448,22,Tier 2,2024-07-26,1,0,1
U1449,24,Tier 1,2024-02-06,1,0,0
U1450,20,Tier 2,2024-08-23,0,1,1
U1451,18,Tier 3,2024-09-30,1,0,0
U1452,19,Tier 3,2024-06-01,1,1,0
U1453,22,Tier 2,2024-04-29,1,1,1
U1454,19,Tier 1,2024-05-19,1,0,0
U1455,13,Tier 3,2024-05-11,0,1,0
U1456,23,Tier 1,2024-08-09,1,0,1
U1457,20,Tier 2,2024-01-15,1,1,1
U1458,20,Tier 2,2024-11-01,1,0,0
U1459,16,Tier 1,2024-08-31,0,1,0
U1460,20,Tier 1,2024-09-05,0,1,0
U1461,18,Tier 1,2024-09-25,1,1,0
U1462,20,Tier 2,2024-12-25,1,0,0
U1463,14,Tier 3,2024-03-25,1,1,0
U1464,20,Tier 1,2024-07-28,1,1,0
U1465,25,Tier 3,2024-03-11,0,1,1
U1466,13,Tier 1,2024-08-18,1,1,0
U1467,24,Tier 2,2024-11-17,1,1,1
U1468,18,Tier 1,2024-12-16,0,1,1
U1469,22,Tier 3,2024-02-16,1,0,0
U1470,21,Tier 3,2024-09-25,0,1,0
U1471,19,Tier 2,2024-07-21,1,1,1
U1472,21,Tier 3,2024-06-25,1,1,1
U1473,22,Tier 2,2024-11-03,0,1,0
U1474,18,Tier 3,2024-08-29,1,1,0
U1475,17,Tier 2,2024-03-15,0,0,0
U1476,20,Tier 3,2024-07-24,1,1,0
U1477,21,Tier 2,2024-04-12,1,1,1
U1478,21,Tier 1,2024-01-17,0,1,1
U1479,21,Tier 2,2024-09-22,1,1,1
U1480,18,Tier 1,2024-08-02,0,1,1
U1481,22,Tier 2,2024-10-24,1,1,0
U1482,15,Tier 2,2024-06-15,1,0,1
U1483,19,Tier 2,2024-06-22,1,1,1
U1484,13,Tier 1,2024-04-11,1,1,0
U1485,17,Tier 1,2024-11-06,1,1,0
U1486,17,Tier 2,2024-12-01,1,1,0
U1487,18,Tier 3,2024-02-13,1,0,0
U1488,20,Tier 1,2024-07-14,1,1,1
U1489,17,Tier 2,2024-01-30,0,0,0
U1490,18,Tier 2,2024-06-21,1,1,1
U1491,16,Tier 2,2024-07-02,0,1,0
U1492,17,Tier 1,2024-12-31,1,1,0
U1493,16,Tier 2,2024-10-11,1,1,0
U1494,14,Tier 1,2024-11-19,0,1,0
U1495,19,Tier 3,2024-10-07,1,1,0
U1496,20,Tier 1,2024-09-17,1,1,0
U1497,19,Tier 1,2024-11-27,1,1,1
U1498,18,Tier 1,2024-01-11,1,1,0
U1499,17,Tier 1,2024-04-12,1,1,1
U1500,22,Tier 3,2024-04-22,0,0,0
U1501,19,Tier 1,2024-02-21,1,1,1
U1502,18,Tier 1,2024-08-13,0,0,1
U1503,13,Tier 2,2024-09-22,0,1,0
U1504,17,Tier 1,2024-10-22,1,1,1
U1505,17,Tier 1,2024-09-24,1,1,0
U1506,18,Tier 3,2024-09-26,0,1,1
U1507,19,Tier 3,2024-12-17,0,1,0
U1508,19,Tier 3,2024-02-12,1,1,0
U1509,19,Tier 3,2024-06-17,1,1,0
U1510,21,Tier 2,2024-02-25,1,1,1
U1511,22,Tier 1,2024-06-02,1,0,1
U1512,20,Tier 3,2024-01-31,1,1,0
U1513,24,Tier 3,2024-01-27,0,1,1
U1514,13,Tier 3,2024-08-19,1,1,1
U1515,15,Tier 2,2024-06-21,0,0,0
U1516,13,Tier 1,2024-08-14,1,1,0
U1517,20,Tier 3,2024-10-16,1,1,1
U1518,23,Tier 2,2024-06-14,1,0,1
U1519,16,Tier 3,2024-08-17,0,0,1
U1520,23,Tier 1,2024-01-03,0,1,0
U1521,14,Tier 1,2024-04-01,0,1,1
U1522,23,Tier 1,2024-04-12,1,0,0
U1523,17,Tier 3,2024-10-24,1,0,1
U1524,14,Tier 1,2024-02-01,1,1,1
U1525,18,Tier 1,2024-05-24,1,1,0
U1526,16,Tier 3,2024-10-16,0,1,1
U1527,16,Tier 1,2024-12-30,1,1,0
U1528,17,Tier 3,2024-10-22,0,1,0
U1529,21,Tier 1,2024-06-24,1,1,1
U1530,19,Tier 3,2024-02-26,0,0,0
U1531,17,Tier 2,2024-04-25,0,0,1
U1532,19,Tier 3,2024-08-20,1,1,1
U1533,20,Tier 3,2024-06-07,0,1,1
U1534,16,Tier 1,2024-09-03,1,1,0
U1535,18,Tier 1,2024-11-02,1,1,1
U1536,15,Tier 1,2024-12-17,0,1,0
U1537,15,Tier 2,2024-05-02,0,1,0
U1538,20,Tier 3,2024-01-20,1,1,1
U1539,15,Tier 2,2024-03-14,1,1,0
U1540,19,Tier 2,2024-03-15,0,0,0
U1541,20,Tier 1,2024-02-04,0,1,0
U1542,14,Tier 3,2024-07-29,1,1,0
U1543,19,Tier 3,2024-09-17,0,0,0
U1544,16,Tier 1,2024-06-09,1,1,1
U1545,24,Tier 2,2024-11-24,1,1,0
U1546,18,Tier 1,2024-06-19,1,1,0
U1547,21,Tier 2,2024-08-03,1,0,0
U1548,19,Tier 2,2024-04-19,0,1,0
U1549,13,Tier 1,2024-04-19,1,1,0
U1550,20,Tier 2,2024-05-27,0,1,0
U1551,24,Tier 1,2024-07-22,1,1,0
U1552,19,Tier 2,2024-01-26,0,1,1
U1553,22,Tier 2,2024-07-25,0,1,0
U1554,23,Tier 1,2024-10-10,0,0,1
U1555,16,Tier 3,2024-07-05,1,0,0
U1556,16,Tier 2,2024-09-12,1,1,1
U1557,19,Tier 1,2024-09-28,0,1,1
U1558,18,Tier 1,2024-02-17,0,1,1
U1559,22,Tier 3,2024-06-18,1,0,0
U1560,23,Tier 3,2024-07-15,0,1,1
U1561,17,Tier 1,2024-04-16,1,1,0
U1562,16,Tier 1,2024-04-01,1,0,1
U1563,21,Tier 1,2024-11-06,0,0,0
U1564,16,Tier 2,2024-06-12,1,1,1
U1565,22,Tier 1,2024-10-22,0,0,1
U1566,18,Tier 1,2024-05-07,1,0,0
U1567,20,Tier 2,2024-06-10,1,1,0
U1568,14,Tier 2,2024-06-17,1,1,1
U1569,20,Tier 1,2024-12-12,1,0,0
U1570,18,Tier 2,2024-09-21,0,1,0
U1571,19,Tier 2,2024-07-05,1,1,1
U1572,15,Tier 1,2024-12-01,1,1,1
U1573,21,Tier 1,2024-06-24,1,0,0
U1574,22,Tier 3,2024-05-19,1,0,1
U1575,16,Tier 1,2024-04-24,0,1,0
U1576,14,Tier 2,2024-12-12,1,0,0
U1577,13,Tier 3,2024-03-23,1,0,0
U1578,20,Tier 1,2024-04-18,0,0,0
U1579,19,Tier 1,2024-09-21,0,1,0
U1580,19,Tier 2,2024-08-18,0,1,1
U1581,16,Tier 3,2024-05-22,1,1,0
U1582,18,Tier 3,2024-06-20,1,1,0
U1583,19,Tier 2,2024-01-22,0,1,1
U1584,18,Tier 1,2024-07-25,0,0,0
U1585,25,Tier 2,2024-02-05,1,1,1
U1586,15,Tier 2,2024-04-22,0,0,1
U1587,20,Tier 2,2024-05-15,1,1,0
U1588,18,Tier 1,2024-11-21,1,1,0
U1589,18,Tier 1,2024-04-08,0,1,0
U1590,20,Tier 3,2024-03-01,0,1,1
U1591,20,Tier 2,2024-09-05,1,1,0
U1592,25,Tier 1,2024-08-12,0,0,1
U1593,15,Tier 1,2024-04-29,1,1,0
U1594,14,Tier 3,2024-09-14,1,1,0
U1595,21,Tier 2,2024-01-21,0,1,0
U1596,19,Tier 1,2024-04-06,0,1,0
U1597,16,Tier 1,2024-01-09,1,1,0
U1598,14,Tier 1,2024-04-04,1,1,0
U1599,14,Tier 3,2024-12-31,1,1,0
U1600,23,Tier 2,2024-07-18,0,0,0
U1601,15,Tier 2,2024-01-30,1,1,0
U1602,17,Tier 2,2024-01-19,0,0,0
U1603,16,Tier 1,2024-07-09,0,1,0
U1604,17,Tier 3,2024-01-23,0,0,1
U1605,14,Tier 2,2024-10-21,1,1,1
U1606,19,Tier 1,2024-04-20,0,1,0
U1607,14,Tier 1,2024-03-09,1,1,0
U1608,21,Tier 2,2024-09-28,1,0,0
U1609,16,Tier 3,2024-01-28,1,1,1
U1610,19,Tier 1,2024-04-07,1,1,1
U1611,23,Tier 3,2024-02-04,0,1,0
U1612,20,Tier 3,2024-01-02,1,1,0
U1613,19,Tier 1,2024-12-13,1,1,1
U1614,17,Tier 1,2024-06-11,0,1,0
U1615,17,Tier 1,2024-02-07,1,1,0
U1616,20,Tier 2,2024-09-23,0,1,1
U1617,25,Tier 1,2024-01-22,1,1,1
U1618,20,Tier 1,2024-07-25,1,1,1
U1619,19,Tier 2,2024-10-04,0,1,1
U1620,21,Tier 2,2024-02-11,1,0,0
U1621,18,Tier 1,2024-05-24,1,1,1
U1622,14,Tier 2,2024-10-01,1,0,1
U1623,19,Tier 2,2024-11-07,1,1,0
U1624,24,Tier 2,2024-05-06,1,0,0
U1625,15,Tier 3,2024-10-27,1,1,0
U1626,20,Tier 1,2024-06-22,1,1,1
U1627,16,Tier 3,2024-02-09,0,1,0
U1628,19,Tier 2,2024-04-22,1,0,0
U1629,14,Tier 2,2024-06-06,1,1,0
U1630,18,Tier 2,2024-02-16,1,1,0
U1631,21,Tier 2,2024-04-25,0,1,0
U1632,17,Tier 1,2024-02-18,0,1,0
U1633,20,Tier 2,2024-05-02,0,1,0
U1634,21,Tier 2,2024-03-10,0,1,1
U1635,23,Tier 2,2024-03-03,1,1,1
U1636,16,Tier 1,2024-08-23,1,1,1
U1637,18,Tier 3,2024-08-23,1,0,1
U1638,15,Tier 2,2024-07-24,1,1,1
U1639,25,Tier 1,2024-03-10,1,1,0
U1640,23,Tier 2,2024-08-21,1,0,1
U1641,19,Tier 3,2024-12-01,0,1,0
U1642,22,Tier 3,2024-03-18,0,1,0
U1643,19,Tier 2,2024-10-24,1,0,1
U1644,20,Tier 3,2024-12-18,0,1,0
U1645,14,Tier 1,2024-04-21,1,1,1
U1646,21,Tier 2,2024-10-28,1,0,0
U1647,15,Tier 3,2024-09-10,1,0,0
U1648,22,Tier 3,2024-12-24,1,1,1
U1649,21,Tier 2,2024-07-03,1,1,0
U1650,20,Tier 3,2024-07-26,0,1,0
U1651,13,Tier 1,2024-04-22,1,1,1
U1652,17,Tier 3,2024-10-09,1,1,0
U1653,16,Tier 1,2024-01-06,1,1,0
U1654,17,Tier 1,2024-10-25,1,0,1
U1655,14,Tier 1,2024-12-19,0,0,0
U1656,23,Tier 2,2024-10-24,1,1,1
U1657,19,Tier 1,2024-05-13,0,1,0
U1658,17,Tier 1,2024-11-05,0,1,1
U1659,18,Tier 1,2024-05-15,1,1,0
U1660,18,Tier 1,2024-08-15,1,1,0
U1661,19,Tier 2,2024-04-30,0,0,1
U1662,19,Tier 2,2024-07-12,0,1,1
U1663,23,Tier 1,2024-12-08,1,0,1
U1664,18,Tier 2,2024-10-30,0,1,0
U1665,25,Tier 3,2024-03-15,0,1,1
U1666,22,Tier 3,2024-11-15,1,1,0
U1667,16,Tier 1,2024-09-29,1,1,0
U1668,23,Tier 2,2024-12-30,0,0,0
U1669,14,Tier 1,2024-08-03,0,0,1
U1670,22,Tier 1,2024-03-27,1,1,1
U1671,17,Tier 1,2024-10-09,1,1,0
U1672,22,Tier 3,2024-05-10,1,1,0
U1673,22,Tier 1,2024-12-22,1,0,0
U1674,21,Tier 1,2024-12-01,0,0,0
U1675,21,Tier 1,2024-10-21,1,1,1
U1676,17,Tier 3,2024-02-17,1,1,0
U1677,14,Tier 2,2024-09-29,1,1,1
U1678,18,Tier 1,2024-01-27,1,1,0
U1679,15,Tier 2,2024-01-10,1,1,0
U1680,20,Tier 2,2024-11-20,1,1,1
U1681,17,Tier 2,2024-05-16,1,0,0
U1682,24,Tier 1,2024-10-24,1,1,0
U1683,20,Tier 3,2024-04-06,1,1,0
U1684,22,Tier 1,2024-05-12,1,0,1
U1685,15,Tier 2,2024-03-18,0,1,1
U1686,22,Tier 1,2024-04-28,1,1,1
U1687,23,Tier 1,2024-01-18,1,1,1
U1688,18,Tier 1,2024-04-21,0,1,0
U1689,19,Tier 2,2024-05-13,1,1,0
U1690,21,Tier 1,2024-02-26,0,1,1
U1691,15,Tier 3,2024-05-17,1,0,0
U1692,18,Tier 1,2024-10-17,1,1,0
U1693,18,Tier 2,2024-05-04,0,0,1
U1694,15,Tier 3,2024-10-15,0,1,1
U1695,17,Tier 2,2024-12-21,1,0,1
U1696,14,Tier 2,2024-06-11,1,1,0
U1697,13,Tier 2,2024-01-11,1,1,0
U1698,15,Tier 1,2024-12-21,0,1,0
U1699,24,Tier 3,2024-02-01,0,1,1
U1700,19,Tier 1,2024-07-02,1,1,0
U1701,24,Tier 2,2024-04-07,1,0,1
U1702,18,Tier 2,2024-10-01,1,1,0
U1703,17,Tier 1,2024-09-15,1,1,0
U1704,18,Tier 1,2024-09-22,1,1,1
U1705,18,Tier 2,2024-01-27,1,0,0
U1706,14,Tier 3,2024-12-21,1,1,0
U1707,20,Tier 3,2024-02-09,0,0,0
U1708,16,Tier 2,2024-12-06,0,0,1
U1709,19,Tier 2,2024-07-23,1,1,0
U1710,20,Tier 3,2024-12-24,1,1,0
U1711,15,Tier 1,2024-08-10,0,0,0
U1712,14,Tier 1,2024-03-12,1,1,1
U1713,21,Tier 2,2024-05-07,0,1,0
U1714,18,Tier 3,2024-01-08,1,0,1
U1715,14,Tier 3,2024-02-25,1,0,0
U1716,25,Tier 2,2024-09-09,1,0,1
U1717,14,Tier 1,2024-02-23,1,1,1
U1718,20,Tier 2,2024-06-17,0,1,0
U1719,25,Tier 1,2024-10-26,1,1,0
U1720,16,Tier 1,2024-01-02,1,1,0
U1721,15,Tier 3,2024-08-25,1,1,0
U1722,15,Tier 1,2024-08-11,0,1,1
U1723,17,Tier 3,2024-12-29,1,1,1
U1724,14,Tier 2,2024-01-18,1,0,0
U1725,20,Tier 2,2024-01-03,1,0,1
U1726,14,Tier 1,2024-08-08,1,0,0
U1727,18,Tier 1,2024-02-07,1,1,0
U1728,25,Tier 1,2024-12-29,0,1,0
U1729,22,Tier 3,2024-02-05,1,0,0
U1730,19,Tier 3,2024-04-09,1,1,1
U1731,17,Tier 2,2024-05-18,0,1,0
U1732,20,Tier 1,2024-10-04,1,1,0
U1733,19,Tier 3,2024-10-12,1,1,0
U1734,18,Tier 1,2024-10-26,1,1,0
U1735,15,Tier 1,2024-01-31,1,0,0
U1736,23,Tier 2,2024-12-07,0,0,0
U1737,18,Tier 3,2024-01-27,1,1,1
U1738,15,Tier 1,2024-11-30,1,1,0
U1739,17,Tier 1,2024-03-01,0,0,1
U1740,18,Tier 3,2024-02-27,1,1,1
U1741,22,Tier 1,2024-11-15,1,1,1
U1742,21,Tier 1,2024-12-14,1,0,1
U1743,21,Tier 2,2024-04-29,1,0,1
U1744,13,Tier 3,2024-09-01,0,0,0
U1745,18,Tier 2,2024-05-09,0,1,1
U1746,18,Tier 3,2024-10-07,1,1,0
U1747,13,Tier 2,2024-03-09,1,0,1
U1748,16,Tier 1,2024-04-22,1,1,0
U1749,21,Tier 3,2024-06-20,1,0,1
U1750,15,Tier 2,2024-02-18,1,1,1
U1751,19,Tier 1,2024-01-03,1,0,1
U1752,16,Tier 2,2024-12-11,0,1,0
U1753,13,Tier 1,2024-03-05,0,1,0
U1754,16,Tier 1,2024-06-06,1,1,1
U1755,24,Tier 1,2024-04-27,1,1,1
U1756,21,Tier 2,2024-08-08,1,1,1
U1757,24,Tier 3,2024-06-30,0,1,0
U1758,18,Tier 2,2024-08-02,0,0,0
U1759,14,Tier 3,2024-10-16,0,1,1
U1760,19,Tier 1,2024-07-10,1,1,1
U1761,18,Tier 1,2024-04-18,0,1,0
U1762,22,Tier 1,2024-03-07,1,0,1
U1763,14,Tier 1,2024-08-29,1,1,0
U1764,18,Tier 1,2024-10-08,1,1,1
U1765,15,Tier 3,2024-01-19,1,0,0
U1766,17,Tier 3,2024-11-17,1,1,0
U1767,21,Tier 3,2024-02-04,1,1,0
U1768,18,Tier 1,2024-11-09,1,1,0
U1769,17,Tier 3,2024-12-01,1,0,0
U1770,18,Tier 1,2024-05-23,1,1,0
U1771,18,Tier 1,2024-04-29,1,0,1
U1772,21,Tier 3,2024-02-02,1,0,0
U1773,23,Tier 2,2024-12-23,1,1,0
U1774,24,Tier 1,2024-06-01,1,0,0
U1775,21,Tier 2,2024-12-02,0,1,1
U1776,17,Tier 1,2024-09-19,1,1,0
U1777,20,Tier 2,2024-12-02,1,1,0
U1778,18,Tier 2,2024-05-24,1,0,0
U1779,16,Tier 3,2024-08-26,0,1,1
U1780,22,Tier 1,2024-06-14,0,1,1
U1781,13,Tier 1,2024-05-05,1,1,1
U1782,23,Tier 2,2024-09-02,1,1,0
U1783,18,Tier 2,2024-01-06,0,1,0
U1784,20,Tier 1,2024-08-16,0,1,0
U1785,20,Tier 2,2024-04-24,0,1,0
U1786,23,Tier 3,2024-10-03,0,1,0
U1787,20,Tier 3,2024-01-20,0,1,0
U1788,19,Tier 3,2024-01-28,1,1,0
U1789,14,Tier 3,2024-01-02,1,0,0
U1790,19,Tier 2,2024-03-16,1,0,0
U1791,15,Tier 3,2024-12-11,0,1,0
U1792,21,Tier 1,2024-09-09,1,1,1
U1793,19,Tier 1,2024-02-20,0,0,1
U1794,20,Tier 1,2024-09-14,1,0,0
U1795,13,Tier 2,2024-06-11,1,1,0
U1796,14,Tier 1,2024-06-11,0,1,0
U1797,20,Tier 3,2024-01-14,1,1,1
U1798,14,Tier 1,2024-08-11,1,1,0
U1799,14,Tier 1,2024-08-16,1,1,0
U1800,13,Tier 2,2024-02-07,1,0,0
U1801,24,Tier 1,2024-09-19,1,1,0
U1802,21,Tier 1,2024-04-25,1,1,0
U1803,17,Tier 1,2024-02-07,1,0,0
U1804,17,Tier 2,2024-11-18,0,0,0
U1805,17,Tier 2,2024-01-21,0,0,1
U1806,21,Tier 3,2024-07-09,1,0,1
U1807,20,Tier 2,2024-05-15,0,1,1
U1808,15,Tier 2,2024-02-11,1,0,1
U1809,15,Tier 1,2024-10-24,1,0,1
U1810,14,Tier 1,2024-10-16,1,1,1
U1811,20,Tier 3,2024-01-05,0,1,1
U1812,21,Tier 1,2024-03-25,0,1,1
U1813,16,Tier 1,2024-04-02,1,0,1
U1814,13,Tier 3,2024-11-25,1,1,1
U1815,14,Tier 2,2024-12-01,1,1,0
U1816,24,Tier 1,2024-06-09,1,1,0
U1817,17,Tier 1,2024-03-16,1,1,1
U1818,21,Tier 3,2024-01-13,1,1,0
U1819,20,Tier 3,2024-03-12,0,1,0
U1820,17,Tier 2,2024-01-11,1,0,0
U1821,16,Tier 2,2024-02-14,0,1,1
U1822,15,Tier 2,2024-06-29,0,1,0
U1823,19,Tier 3,2024-06-19,1,1,1
U1824,21,Tier 3,2024-01-19,0,1,1
U1825,20,Tier 1,2024-10-19,0,1,1
U1826,19,Tier 3,2024-07-29,1,1,1
U1827,13,Tier 1,2024-08-13,1,1,0
U1828,24,Tier 1,2024-02-05,0,1,0
U1829,21,Tier 2,2024-11-27,1,1,0
U1830,17,Tier 2,2024-01-28,1,1,1
U1831,24,Tier 3,2024-06-10,1,1,1
U1832,19,Tier 1,2024-12-04,0,1,1
U1833,19,Tier 2,2024-05-05,0,1,1
U1834,21,Tier 3,2024-10-02,0,0,0
U1835,22,Tier 3,2024-09-01,1,0,0
U1836,20,Tier 1,2024-04-11,1,1,0
U1837,15,Tier 1,2024-05-07,1,1,0
U1838,17,Tier 2,2024-07-09,0,1,0
U1839,23,Tier 1,2024-02-18,1,1,1
U1840,16,Tier 3,2024-07-07,1,0,0
U1841,17,Tier 3,2024-12-20,1,0,0
U1842,18,Tier 1,2024-10-29,1,0,0
U1843,18,Tier 1,2024-08-13,0,0,0
U1844,19,Tier 1,2024-03-11,0,0,1
U1845,24,Tier 3,2024-02-09,0,1,0
U1846,16,Tier 1,2024-03-19,1,1,0
U1847,15,Tier 2,2024-10-30,0,0,0
U1848,15,Tier 2,2024-03-27,0,1,0
U1849,23,Tier 2,2024-12-29,1,1,1
U1850,20,Tier 1,2024-10-15,0,1,0
U1851,16,Tier 1,2024-12-23,1,0,1
U1852,22,Tier 3,2024-08-22,0,1,1
U1853,22,Tier 3,2024-05-16,0,1,0
U1854,22,Tier 3,2024-11-25,0,0,1
U1855,23,Tier 1,2024-06-24,1,0,0
U1856,16,Tier 1,2024-06-07,1,0,0
U1857,21,Tier 2,2024-03-26,1,1,1
U1858,18,Tier 1,2024-09-26,1,1,0
U1859,22,Tier 3,2024-11-26,0,0,0
U1860,21,Tier 2,2024-12-11,0,1,1
U1861,21,Tier 1,2024-10-24,0,1,0
U1862,20,Tier 3,2024-07-26,1,1,0
U1863,15,Tier 3,2024-12-21,0,1,0
U1864,19,Tier 1,2024-06-17,0,1,0
U1865,25,Tier 2,2024-07-21,0,1,0
U1866,23,Tier 1,2024-04-15,1,1,0
U1867,13,Tier 1,2024-04-27,1,0,0
U1868,15,Tier 1,2024-09-09,1,1,1
U1869,15,Tier 2,2024-03-29,1,1,0
U1870,21,Tier 3,2024-09-09,1,1,1
U1871,22,Tier 2,2024-11-30,0,1,0
U1872,16,Tier 1,2024-06-13,1,0,0
U1873,18,Tier 2,2024-05-23,1,1,0
U1874,22,Tier 1,2024-04-09,1,0,1
U1875,21,Tier 3,2024-06-01,0,1,0
U1876,19,Tier 2,2024-05-02,0,1,1
U1877,19,Tier 1,2024-12-12,0,1,0
U1878,18,Tier 1,2024-03-05,1,1,0
U1879,17,Tier 3,2024-12-15,1,1,0
U1880,19,Tier 1,2024-01-31,0,1,1
U1881,20,Tier 3,2024-03-10,1,1,0
U1882,22,Tier 1,2024-05-12,1,0,0
U1883,20,Tier 1,2024-05-31,1,0,0
U1884,21,Tier 2,2024-06-16,1,1,0
U1885,15,Tier 3,2024-08-19,0,1,1
U1886,18,Tier 3,2024-06-14,1,1,0
U1887,13,Tier 1,2024-07-22,1,0,0
U1888,16,Tier 1,2024-10-06,1,1,0
U1889,21,Tier 1,2024-01-25,1,1,0
U1890,25,Tier 2,2024-06-16,1,1,1
U1891,14,Tier 2,2024-04-04,0,1,0
U1892,18,Tier 3,2024-05-17,1,1,1
U1893,21,Tier 3,2024-01-09,1,1,0
U1894,16,Tier 1,2024-06-02,1,0,0
U1895,19,Tier 2,2024-06-19,1,0,0
U1896,21,Tier 3,2024-10-25,1,1,0
U1897,19,Tier 3,2024-05-20,1,1,1
U1898,15,Tier 1,2024-05-13,0,1,1
U1899,17,Tier 1,2024-09-26,0,0,1
U1900,21,Tier 2,2024-06-04,1,0,1
U1901,19,Tier 1,2024-09-03,1,1,0
U1902,13,Tier 1,2024-09-06,0,1,1
U1903,21,Tier 1,2024-05-04,0,1,0
U1904,13,Tier 2,2024-03-01,1,1,0
U1905,21,Tier 1,2024-11-01,0,1,0
U1906,16,Tier 1,2024-03-31,0,0,0
U1907,24,Tier 1,2024-09-15,0,1,1
U1908,17,Tier 3,2024-03-14,1,1,1
U1909,17,Tier 3,2024-01-21,1,0,1
U1910,15,Tier 2,2024-11-07,1,1,0
U1911,17,Tier 2,2024-03-23,0,0,0
U1912,22,Tier 3,2024-05-22,1,1,1
U1913,25,Tier 1,2024-04-10,1,0,0
U1914,17,Tier 1,2024-09-19,0,1,1
U1915,18,Tier 1,2024-09-10,0,1,0
U1916,21,Tier 1,2024-01-05,0,1,0
U1917,23,Tier 1,2024-07-13,0,1,0
U1918,19,Tier 3,2024-08-10,0,1,0
U1919,18,Tier 2,2024-02-14,1,0,0
U1920,18,Tier 2,2024-11-12,0,0,0
U1921,20,Tier 3,2024-01-30,0,1,1
U1922,13,Tier 1,2024-05-29,1,1,0
U1923,19,Tier 1,2024-06-10,1,0,0
U1924,17,Tier 2,2024-08-15,0,0,1
U1925,21,Tier 2,2024-11-17,1,1,0
U1926,14,Tier 1,2024-05-16,0,0,1
U1927,19,Tier 2,2024-08-09,1,1,1
U1928,18,Tier 2,2024-07-24,1,1,0
U1929,20,Tier 2,2024-08-31,1,1,0
U1930,14,Tier 2,2024-05-26,1,0,1
U1931,19,Tier 1,2024-12-26,0,1,0
U1932,19,Tier 1,2024-06-05,1,1,0
U1933,19,Tier 2,2024-08-30,1,1,1
U1934,19,Tier 1,2024-07-09,1,1,0
U1935,20,Tier 3,2024-07-04,1,1,0
U1936,21,Tier 2,2024-11-26,1,1,1
U1937,16,Tier 1,2024-12-05,0,1,0
U1938,22,Tier 3,2024-11-20,1,1,1
U1939,18,Tier 2,2024-09-04,1,0,0
U1940,14,Tier 1,2024-11-23,1,1,0
U1941,14,Tier 3,2024-12-29,1,0,1
U1942,17,Tier 3,2024-03-02,1,1,0
U1943,21,Tier 2,2024-11-11,1,1,0
U1944,20,Tier 1,2024-03-13,0,1,1
U1945,21,Tier 2,2024-04-07,0,1,0
U1946,19,Tier 3,2024-01-09,0,1,1
U1947,18,Tier 1,2024-03-31,1,0,0
U1948,15,Tier 1,2024-10-07,1,0,0
U1949,17,Tier 3,2024-09-11,1,1,0
U1950,18,Tier 1,2024-06-08,0,1,0
U1951,14,Tier 3,2024-05-24,0,0,0
U1952,16,Tier 2,2024-10-31,1,1,0
U1953,19,Tier 2,2024-06-17,1,1,0
U1954,21,Tier 1,2024-08-13,0,0,0
U1955,25,Tier 3,2024-03-26,0,0,0
U1956,23,Tier 1,2024-10-23,0,1,1
U1957,20,Tier 2,2024-11-08,0,1,0
U1958,18,Tier 2,2024-08-28,0,1,0
U1959,20,Tier 2,2024-03-28,1,0,0
U1960,21,Tier 3,2024-09-26,0,0,0
U1961,14,Tier 2,2024-03-27,0,1,1
U1962,18,Tier 1,2024-05-18,0,0,0
U1963,22,Tier 3,2024-01-06,1,0,1
U1964,17,Tier 2,2024-05-10,1,1,0
U1965,19,Tier 1,2024-09-10,1,0,0
U1966,19,Tier 1,2024-07-30,1,1,0
U1967,15,Tier 3,2024-05-07,0,1,0
U1968,17,Tier 1,2024-10-14,1,1,0
U1969,17,Tier 2,2024-01-07,1,0,0
U1970,13,Tier 2,2024-10-04,0,1,0
U1971,13,Tier 1,2024-03-02,1,1,1
U1972,22,Tier 2,2024-07-17,1,0,0
U1973,16,Tier 1,2024-01-12,1,1,0
U1974,19,Tier 2,2024-10-12,1,0,0
U1975,17,Tier 2,2024-04-12,1,1,0
U1976,24,Tier 2,2024-06-19,0,1,0
U1977,16,Tier 2,2024-02-25,1,1,1
U1978,18,Tier 3,2024-04-26,0,0,1
U1979,22,Tier 3,2024-01-10,1,1,0
U1980,22,Tier 1,2024-05-31,1,1,1
U1981,15,Tier 1,2024-07-08,1,0,1
U1982,21,Tier 2,2024-01-17,1,1,0
U1983,18,Tier 3,2024-10-21,1,0,0
U1984,18,Tier 3,2024-08-06,1,0,0
U1985,15,Tier 3,2024-10-27,1,1,1
U1986,14,Tier 1,2024-02-24,1,1,0
U1987,21,Tier 2,2024-11-24,1,1,0
U1988,18,Tier 2,2024-07-07,1,1,1
U1989,18,Tier 1,2024-02-24,0,0,0
U1990,21,Tier 1,2024-11-29,0,0,0
U1991,21,Tier 3,2024-08-23,1,1,0
U1992,15,Tier 1,2024-01-24,1,1,1
U1993,19,Tier 1,2024-02-27,0,1,0
U1994,15,Tier 1,2024-12-31,1,1,1
U1995,21,Tier 3,2024-05-20,0,1,1
U1996,20,Tier 2,2024-09-02,1,1,0
U1997,24,Tier 2,2024-04-09,0,1,0
U1998,14,Tier 3,2024-07-17,1,1,0
U1999,14,Tier 1,2024-07-01,0,0,0
U2000,16,Tier 2,2024-10-16,1,1,1
U2001,16,Tier 1,2024-06-20,0,0,0
U2002,16,Tier 1,2024-07-15,1,1,1
U2003,23,Tier 3,2024-09-03,1,0,0
U2004,16,Tier 3,2024-07-28,0,1,0
U2005,16,Tier 1,2024-10-03,1,0,0
U2006,21,Tier 1,2024-05-05,0,0,0
U2007,18,Tier 2,2024-11-03,1,1,0
U2008,21,Tier 1,2024-12-06,0,1,0
U2009,14,Tier 1,2024-02-21,1,0,0
U2010,18,Tier 1,2024-10-14,0,0,0
U2011,13,Tier 1,2024-02-26,0,0,0
U2012,14,Tier 3,2024-08-30,1,0,0
U2013,23,Tier 1,2024-09-09,0,1,0
U2014,15,Tier 1,2024-06-26,0,1,1
U2015,19,Tier 2,2024-01-15,1,1,1
U2016,18,Tier 3,2024-02-14,1,0,0
U2017,17,Tier 1,2024-07-07,1,1,0
U2018,23,Tier 1,2024-04-14,0,1,0
U2019,13,Tier 1,2024-05-04,1,0,0
U2020,20,Tier 2,2024-12-31,1,0,1
U2021,24,Tier 2,2024-01-09,1,1,0
U2022,19,Tier 3,2024-10-25,1,1,0
U2023,23,Tier 3,2024-01-16,0,1,0
U2024,14,Tier 3,2024-07-06,0,1,0
U2025,18,Tier 2,2024-05-18,1,0,1
U2026,16,Tier 2,2024-10-12,1,1,1
U2027,21,Tier 1,2024-11-12,0,0,0
U2028,25,Tier 3,2024-04-11,1,0,0
U2029,16,Tier 1,2024-06-15,1,1,0
U2030,20,Tier 1,2024-08-07,1,1,0
U2031,15,Tier 2,2024-08-28,1,1,1
U2032,19,Tier 1,2024-04-26,1,1,0
U2033,18,Tier 2,2024-07-23,0,1,0
U2034,24,Tier 2,2024-12-07,1,0,0
U2035,19,Tier 2,2024-08-20,0,1,0
U2036,17,Tier 3,2024-01-01,1,0,0
U2037,14,Tier 1,2024-03-26,1,1,0
U2038,15,Tier 2,2024-03-10,0,1,1
U2039,16,Tier 2,2024-06-26,1,0,1
U2040,16,Tier 2,2024-03-12,1,1,0
U2041,22,Tier 3,2024-12-31,1,1,0
U2042,19,Tier 1,2024-11-08,1,1,0
U2043,19,Tier 2,2024-07-14,0,1,0
U2044,14,Tier 1,2024-12-30,1,0,0
U2045,22,Tier 3,2024-05-14,0,1,0
U2046,21,Tier 1,2024-11-04,1,1,1
U2047,14,Tier 2,2024-08-04,1,1,1
U2048,20,Tier 1,2024-06-02,0,0,1
U2049,19,Tier 1,2024-07-30,0,1,0
U2050,14,Tier 2,2024-01-11,1,1,1
U2051,18,Tier 3,2024-03-03,1,1,0
U2052,18,Tier 2,2024-06-20,1,1,1
U2053,15,Tier 3,2024-07-02,0,1,0
U2054,24,Tier 2,2024-07-28,0,1,0
U2055,22,Tier 2,2024-05-12,0,1,0
U2056,20,Tier 1,2024-12-04,1,1,1
U2057,18,Tier 3,2024-06-21,0,1,1
U2058,18,Tier 1,2024-09-19,1,0,0
U2059,20,Tier 3,2024-12-16,1,0,0
U2060,19,Tier 3,2024-01-02,1,1,0
U2061,14,Tier 3,2024-04-10,0,1,0
U2062,19,Tier 2,2024-07-15,0,1,1
U2063,21,Tier 2,2024-10-06,1,0,1
U2064,18,Tier 3,2024-05-20,1,1,0
U2065,14,Tier 1,2024-02-05,0,0,0
U2066,21,Tier 2,2024-12-16,1,1,1
U2067,16,Tier 1,2024-10-15,1,1,0
U2068,16,Tier 2,2024-08-18,0,0,0
U2069,15,Tier 1,2024-05-16,0,0,0
U2070,17,Tier 1,2024-12-14,1,0,1
U2071,21,Tier 1,2024-07-19,1,1,1
U2072,19,Tier 2,2024-01-06,1,1,0
U2073,16,Tier 2,2024-03-23,1,1,1
U2074,22,Tier 1,2024-12-25,0,1,1
U2075,22,Tier 2,2024-03-05,1,1,0
U2076,22,Tier 1,2024-10-28,0,1,1
U2077,16,Tier 2,2024-12-31,1,1,0
U2078,18,Tier 2,2024-01-25,1,1,0
U2079,25,Tier 2,2024-12-14,1,0,0
U2080,21,Tier 2,2024-09-03,0,0,1
U2081,13,Tier 1,2024-08-27,1,1,0
U2082,14,Tier 3,2024-11-18,1,1,0
U2083,18,Tier 2,2024-02-12,1,1,0
U2084,23,Tier 2,2024-02-11,1,0,1
U2085,19,Tier 2,2024-03-01,1,1,1
U2086,18,Tier 1,2024-01-17,1,0,0
U2087,14,Tier 2,2024-03-07,1,0,0
U2088,20,Tier 2,2024-08-15,1,1,0
U2089,22,Tier 1,2024-06-20,1,1,0
U2090,17,Tier 1,2024-04-02,1,0,0
U2091,21,Tier 1,2024-05-27,1,1,0
U2092,24,Tier 3,2024-06-08,1,1,0
U2093,16,Tier 2,2024-07-02,1,0,0
U2094,19,Tier 1,2024-04-07,0,1,1
U2095,16,Tier 1,2024-10-12,1,0,0
U2096,21,Tier 2,2024-03-02,1,0,0
U2097,19,Tier 3,2024-10-01,1,0,0
U2098,20,Tier 1,2024-09-04,0,1,0
U2099,21,Tier 1,2024-03-14,0,1,0
U2100,18,Tier 3,2024-01-04,0,1,1
U2101,23,Tier 1,2024-12-05,1,0,1
U2102,19,Tier 1,2024-11-07,1,0,0
U2103,15,Tier 3,2024-09-05,0,1,1
U2104,20,Tier 2,2024-03-09,0,1,0
U2105,21,Tier 1,2024-04-19,1,1,1
U2106,17,Tier 1,2024-08-08,0,0,1
U2107,22,Tier 1,2024-05-18,0,0,1
U2108,23,Tier 1,2024-06-29,1,0,0
U2109,16,Tier 3,2024-01-22,1,0,0
U2110,25,Tier 2,2024-12-02,1,0,1
U2111,15,Tier 2,2024-02-11,1,0,1
U2112,16,Tier 3,2024-01-21,0,1,0
U2113,15,Tier 2,2024-03-24,1,1,0
U2114,23,Tier 1,2024-04-06,0,0,0
U2115,20,Tier 2,2024-05-30,0,1,0
U2116,15,Tier 3,2024-09-10,1,1,0
U2117,18,Tier 3,2024-01-30,1,1,0
U2118,19,Tier 1,2024-07-01,0,1,1
U2119,14,Tier 2,2024-04-29,0,1,0
U2120,23,Tier 2,2024-07-15,0,1,0
U2121,21,Tier 3,2024-04-07,1,1,0
U2122,18,Tier 1,2024-03-09,1,1,1
U2123,24,Tier 2,2024-01-15,1,1,0
U2124,18,Tier 3,2024-06-19,0,0,0
U2125,25,Tier 2,2024-10-10,1,1,0
U2126,20,Tier 2,2024-04-15,0,1,1
U2127,20,Tier 1,2024-02-11,1,1,1
U2128,15,Tier 1,2024-07-25,0,1,0
U2129,23,Tier 1,2024-10-03,0,1,0
U2130,18,Tier 3,2024-07-26,1,0,1
U2131,15,Tier 1,2024-10-29,1,0,0
U2132,13,Tier 2,2024-05-04,1,1,1
U2133,19,Tier 2,2024-07-16,1,1,0
U2134,19,Tier 1,2024-11-29,1,1,1
U2135,20,Tier 2,2024-07-17,1,0,1
U2136,23,Tier 2,2024-03-07,1,0,1
U2137,14,Tier 3,2024-12-03,0,1,1
U2138,21,Tier 2,2024-02-23,1,1,1
U2139,15,Tier 2,2024-03-22,1,0,0
U2140,22,Tier 1,2024-06-15,0,0,0
U2141,22,Tier 3,2024-11-25,1,1,0
U2142,19,Tier 1,2024-04-06,0,0,1
U2143,20,Tier 3,2024-03-30,0,1,1
U2144,17,Tier 1,2024-10-22,1,1,0
U2145,18,Tier 3,2024-05-17,1,0,0
U2146,22,Tier 2,2024-07-19,1,1,1
U2147,18,Tier 3,2024-12-26,1,0,1
U2148,17,Tier 1,2024-08-30,1,1,0
U2149,18,Tier 2,2024-01-30,1,1,0
U2150,22,Tier 2,2024-10-27,1,1,0
U2151,17,Tier 3,2024-11-28,1,1,0
U2152,15,Tier 1,2024-10-20,1,1,0
U2153,20,Tier 3,2024-04-03,1,0,0
U2154,22,Tier 3,2024-02-25,0,1,1
U2155,14,Tier 1,2024-03-21,1,0,0
U2156,16,Tier 3,2024-08-25,1,1,1
U2157,15,Tier 2,2024-06-07,1,0,0
U2158,17,Tier 2,2024-05-04,1,1,0
U2159,18,Tier 1,2024-09-23,1,1,0
U2160,21,Tier 2,2024-04-16,1,1,0
U2161,20,Tier 2,2024-07-31,1,1,1
U2162,20,Tier 2,2024-02-15,1,1,1
U2163,17,Tier 2,2024-06-28,1,1,0
U2164,22,Tier 2,2024-09-07,1,0,0
U2165,18,Tier 2,2024-12-09,1,0,1
U2166,24,Tier 1,2024-04-30,1,0,0
U2167,20,Tier 3,2024-04-16,0,1,1
U2168,15,Tier 2,2024-12-23,0,0,0
U2169,20,Tier 1,2024-04-18,1,0,1
U2170,17,Tier 1,2024-01-08,1,1,0
U2171,20,Tier 2,2024-02-07,1,1,1
U2172,14,Tier 3,2024-03-25,0,1,0
U2173,15,Tier 1,2024-09-11,1,1,1
U2174,22,Tier 2,2024-10-21,0,1,1
U2175,16,Tier 1,2024-04-04,0,1,0
U2176,22,Tier 2,2024-07-29,0,0,0
U2177,16,Tier 3,2024-03-19,1,1,1
U2178,20,Tier 3,2024-02-05,1,1,1
U2179,20,Tier 1,2024-07-05,1,0,0
U2180,19,Tier 2,2024-06-10,1,0,1
U2181,17,Tier 1,2024-09-06,1,0,0
U2182,16,Tier 2,2024-09-05,0,1,0
U2183,13,Tier 3,2024-03-05,1,1,1
U2184,17,Tier 3,2024-09-07,1,1,0
U2185,20,Tier 1,2024-04-30,1,1,0
U2186,23,Tier 3,2024-08-27,0,1,1
U2187,22,Tier 2,2024-12-10,0,1,0
U2188,21,Tier 1,2024-09-04,1,0,0
U2189,21,Tier 2,2024-02-24,1,1,0
U2190,20,Tier 2,2024-11-16,1,1,0
U2191,16,Tier 2,2024-05-28,1,1,1
U2192,23,Tier 2,2024-04-15,1,0,1
U2193,20,Tier 2,2024-07-30,0,1,1
U2194,19,Tier 1,2024-03-03,1,1,1
U2195,14,Tier 3,2024-02-03,1,1,1
U2196,18,Tier 2,2024-01-15,1,1,0
U2197,18,Tier 1,2024-04-05,0,1,1
U2198,22,Tier 3,2024-01-09,1,1,1
U2199,19,Tier 3,2024-09-27,1,1,0
U2200,17,Tier 3,2024-12-02,0,0,1
U2201,24,Tier 1,2024-08-09,1,1,1
U2202,14,Tier 1,2024-10-05,0,0,1
U2203,18,Tier 2,2024-05-20,1,1,1
U2204,13,Tier 1,2024-07-08,0,1,0
U2205,21,Tier 3,2024-04-10,1,1,0
U2206,23,Tier 1,2024-08-10,1,1,1
U2207,16,Tier 1,2024-09-06,0,1,1
U2208,22,Tier 2,2024-06-26,1,1,1
U2209,17,Tier 1,2024-12-09,1,0,0
U2210,23,Tier 3,2024-09-16,1,0,0
U2211,21,Tier 2,2024-09-03,1,0,0
U2212,21,Tier 1,2024-04-15,1,1,1
U2213,13,Tier 1,2024-12-17,0,1,1
U2214,24,Tier 2,2024-10-20,0,1,0
U2215,21,Tier 1,2024-09-11,1,1,0
U2216,17,Tier 2,2024-10-02,1,1,0
U2217,22,Tier 2,2024-11-29,1,1,1
U2218,16,Tier 2,2024-09-08,0,0,0
U2219,22,Tier 3,2024-06-17,1,1,0
U2220,14,Tier 3,2024-10-27,1,1,0
U2221,20,Tier 3,2024-03-22,1,1,1
U2222,19,Tier 1,2024-11-27,1,1,0
U2223,14,Tier 1,2024-03-30,1,0,1
U2224,16,Tier 1,2024-07-15,1,1,0
U2225,13,Tier 3,2024-02-20,0,0,1
U2226,18,Tier 3,2024-04-27,1,1,0
U2227,17,Tier 3,2024-08-11,1,1,0
U2228,19,Tier 1,2024-12-30,1,0,1
U2229,17,Tier 3,2024-08-18,1,1,0
U2230,17,Tier 2,2024-09-27,1,1,1
U2231,21,Tier 1,2024-06-21,1,1,0
U2232,13,Tier 2,2024-08-21,0,1,1
U2233,23,Tier 1,2024-11-15,1,0,1
U2234,22,Tier 2,2024-06-09,1,0,0
U2235,20,Tier 1,2024-03-29,1,0,1
U2236,19,Tier 2,2024-06-15,0,1,0
U2237,23,Tier 2,2024-01-20,0,1,0
U2238,15,Tier 3,2024-01-27,0,1,0
U2239,14,Tier 2,2024-01-15,1,0,0
U2240,16,Tier 2,2024-04-05,0,0,1
U2241,21,Tier 3,2024-05-07,1,1,0
U2242,13,Tier 3,2024-12-16,1,1,1
U2243,19,Tier 1,2024-03-26,0,1,0
U2244,25,Tier 2,2024-07-31,0,1,0
U2245,22,Tier 1,2024-10-11,1,1,0
U2246,19,Tier 1,2024-05-27,1,1,1
U2247,14,Tier 2,2024-01-25,1,1,0
U2248,22,Tier 3,2024-10-08,1,0,0
U2249,19,Tier 1,2024-08-14,1,0,0
U2250,14,Tier 3,2024-02-26,0,0,1
U2251,14,Tier 3,2024-12-16,0,1,0
U2252,23,Tier 3,2024-08-11,0,1,1
U2253,20,Tier 1,2024-12-26,0,1,0
U2254,22,Tier 3,2024-07-23,1,1,0
U2255,22,Tier 1,2024-11-03,0,1,1
U2256,19,Tier 2,2024-05-30,1,0,1
U2257,19,Tier 1,2024-05-21,1,1,0
U2258,18,Tier 1,2024-08-05,1,0,1
U2259,17,Tier 2,2024-08-29,1,0,1
U2260,18,Tier 2,2024-12-23,0,0,0
U2261,21,Tier 1,2024-01-13,0,0,0
U2262,19,Tier 1,2024-07-18,1,1,0
U2263,23,Tier 2,2024-11-24,0,0,1
U2264,18,Tier 1,2024-10-30,1,1,1
U2265,19,Tier 3,2024-11-08,0,0,0
U2266,20,Tier 1,2024-09-11,1,1,0
U2267,19,Tier 1,2024-08-20,1,1,0
U2268,20,Tier 1,2024-05-25,1,1,0
U2269,16,Tier 2,2024-10-25,1,1,0
U2270,19,Tier 1,2024-09-20,1,1,1
U2271,14,Tier 1,2024-02-25,0,1,0
U2272,17,Tier 3,2024-06-01,1,0,0
U2273,18,Tier 2,2024-03-29,0,1,0
U2274,20,Tier 1,2024-11-13,0,1,0
U2275,24,Tier 2,2024-07-01,1,1,0
U2276,19,Tier 3,2024-10-30,1,1,0
U2277,21,Tier 1,2024-09-10,0,1,1
U2278,18,Tier 1,2024-09-26,1,0,0
U2279,20,Tier 3,2024-04-21,0,1,0
U2280,14,Tier 2,2024-03-21,1,1,0
U2281,16,Tier 2,2024-12-25,1,1,0
U2282,17,Tier 1,2024-08-27,0,1,0
U2283,18,Tier 1,2024-09-15,1,1,0
U2284,13,Tier 2,2024-11-13,1,0,0
U2285,15,Tier 1,2024-06-07,1,1,0
U2286,16,Tier 2,2024-11-01,0,1,0
U2287,24,Tier 2,2024-03-18,0,1,0
U2288,17,Tier 1,2024-10-19,1,1,0
U2289,18,Tier 3,2024-12-19,1,0,0
U2290,15,Tier 3,2024-12-21,1,1,1
U2291,19,Tier 2,2024-06-14,1,1,1
U2292,16,Tier 1,2024-07-18,1,0,0
U2293,16,Tier 1,2024-06-02,0,1,0
U2294,19,Tier 2,2024-08-01,1,0,1
U2295,13,Tier 1,2024-04-21,1,1,1
U2296,13,Tier 3,2024-02-01,0,1,1
U2297,16,Tier 1,2024-07-11,1,0,0
U2298,13,Tier 2,2024-11-22,1,0,0
U2299,14,Tier 1,2024-01-21,1,1,1
U2300,17,Tier 2,2024-12-20,1,0,0
U2301,21,Tier 1,2024-11-28,0,1,1
U2302,19,Tier 2,2024-07-18,1,1,0
U2303,19,Tier 1,2024-04-06,1,1,0
U2304,17,Tier 3,2024-09-01,1,1,0
U2305,23,Tier 1,2024-05-18,0,0,1
U2306,18,Tier 3,2024-05-12,1,1,1
U2307,14,Tier 3,2024-05-29,1,1,0
U2308,19,Tier 1,2024-05-08,0,0,1
U2309,14,Tier 3,2024-04-30,1,1,0
U2310,17,Tier 1,2024-06-20,0,1,0
U2311,18,Tier 3,2024-11-29,1,1,0
U2312,22,Tier 2,2024-05-07,0,1,0
U2313,18,Tier 1,2024-04-01,1,0,1
U2314,20,Tier 1,2024-04-16,1,1,0
U2315,25,Tier 1,2024-07-07,0,1,0
U2316,15,Tier 3,2024-12-10,1,0,1
U2317,16,Tier 1,2024-09-03,1,1,0
U2318,18,Tier 2,2024-10-04,1,1,0
U2319,18,Tier 2,2024-03-03,1,0,0
U2320,18,Tier 3,2024-08-24,0,1,1
U2321,23,Tier 1,2024-08-17,1,1,0
U2322,20,Tier 2,2024-01-23,0,1,0
U2323,19,Tier 2,2024-08-04,1,1,1
U2324,17,Tier 2,2024-12-22,1,1,0
U2325,22,Tier 1,2024-03-23,1,1,0
U2326,24,Tier 1,2024-11-21,0,0,0
U2327,22,Tier 1,2024-12-26,0,1,0
U2328,13,Tier 2,2024-08-19,1,1,0
U2329,20,Tier 1,2024-02-11,0,0,1
U2330,14,Tier 2,2024-05-28,1,1,0
U2331,16,Tier 1,2024-01-12,1,0,0
U2332,14,Tier 3,2024-06-01,0,1,1
U2333,19,Tier 3,2024-07-27,0,1,0
U2334,20,Tier 2,2024-07-07,0,0,0
U2335,14,Tier 1,2024-07-07,1,1,0
U2336,17,Tier 1,2024-11-07,1,0,0
U2337,18,Tier 1,2024-03-15,1,1,0
U2338,17,Tier 1,2024-04-25,1,1,1
U2339,15,Tier 2,2024-06-15,0,1,0
U2340,18,Tier 2,2024-07-07,1,1,0
U2341,21,Tier 3,2024-07-05,0,0,1
U2342,14,Tier 1,2024-04-10,1,1,1
U2343,14,Tier 2,2024-01-01,1,0,0
U2344,17,Tier 2,2024-05-01,0,1,0
U2345,24,Tier 2,2024-01-22,1,1,1
U2346,20,Tier 1,2024-10-28,0,1,1
U2347,20,Tier 2,2024-06-30,1,1,1
U2348,17,Tier 2,2024-06-22,0,1,0
U2349,19,Tier 2,2024-08-24,1,1,1
U2350,13,Tier 3,2024-06-16,1,1,0
U2351,20,Tier 1,2024-01-31,0,0,1
U2352,23,Tier 1,2024-06-10,0,0,0
U2353,19,Tier 2,2024-03-11,1,1,0
U2354,22,Tier 2,2024-07-14,1,1,0
U2355,21,Tier 1,2024-11-18,1,1,0
U2356,15,Tier 3,2024-06-14,1,1,1
U2357,23,Tier 3,2024-12-25,0,1,0
U2358,14,Tier 3,2024-05-14,0,1,1
U2359,19,Tier 1,2024-03-17,1,0,0
U2360,15,Tier 3,2024-06-17,1,1,1
U2361,13,Tier 2,2024-02-08,0,1,0
U2362,18,Tier 2,2024-08-05,1,1,0
U2363,17,Tier 2,2024-02-22,1,0,0
U2364,18,Tier 3,2024-02-03,1,1,0
U2365,19,Tier 2,2024-08-24,1,0,0
U2366,13,Tier 1,2024-08-27,1,0,0
U2367,15,Tier 2,2024-10-13,0,0,0
U2368,19,Tier 2,2024-11-07,1,0,1
U2369,17,Tier 1,2024-06-12,1,1,0
U2370,21,Tier 3,2024-08-08,0,1,0
U2371,20,Tier 2,2024-07-09,1,1,1
U2372,22,Tier 2,2024-09-01,1,1,0
U2373,20,Tier 1,2024-06-24,1,1,0
U2374,18,Tier 2,2024-08-12,1,1,0
U2375,20,Tier 1,2024-07-24,0,1,0
U2376,16,Tier 1,2024-07-23,0,0,0
U2377,17,Tier 2,2024-08-14,1,1,1
U2378,21,Tier 2,2024-02-26,0,1,1
U2379,18,Tier 2,2024-01-29,1,0,0
U2380,21,Tier 1,2024-03-20,0,1,0
U2381,22,Tier 2,2024-05-11,1,0,0
U2382,22,Tier 1,2024-04-22,1,0,0
U2383,23,Tier 3,2024-01-31,1,1,1
U2384,18,Tier 2,2024-02-08,1,1,0
U2385,17,Tier 2,2024-07-28,1,1,1
U2386,19,Tier 1,2024-12-05,1,0,1
U2387,17,Tier 1,2024-10-12,0,1,0
U2388,19,Tier 3,2024-06-13,1,1,1
U2389,20,Tier 1,2024-05-31,0,0,0
U2390,20,Tier 2,2024-12-22,1,1,1
U2391,17,Tier 2,2024-11-03,0,0,1
U2392,15,Tier 1,2024-11-12,0,0,0
U2393,18,Tier 3,2024-09-04,0,0,0
U2394,15,Tier 2,2024-07-04,0,0,1
U2395,23,Tier 1,2024-11-21,0,1,0
U2396,17,Tier 1,2024-09-05,1,0,0
U2397,15,Tier 1,2024-06-08,1,1,0
U2398,13,Tier 3,2024-12-26,1,1,1
U2399,20,Tier 2,2024-01-31,1,1,0
U2400,20,Tier 1,2024-06-03,1,0,0
U2401,17,Tier 1,2024-07-13,0,0,1
U2402,14,Tier 2,2024-03-08,1,0,1
U2403,18,Tier 2,2024-02-12,1,1,0
U2404,17,Tier 2,2024-09-22,1,0,1
U2405,20,Tier 1,2024-10-04,0,0,1
U2406,19,Tier 1,2024-05-27,1,1,1
U2407,17,Tier 2,2024-11-19,1,1,0
U2408,16,Tier 3,2024-03-09,1,1,0
U2409,25,Tier 1,2024-12-17,0,1,1
U2410,18,Tier 2,2024-01-06,0,1,0
U2411,20,Tier 2,2024-11-12,0,1,0
U2412,15,Tier 2,2024-02-20,0,1,1
U2413,18,Tier 1,2024-11-25,1,1,0
U2414,13,Tier 3,2024-05-26,0,1,0
U2415,18,Tier 2,2024-10-12,1,1,0
U2416,24,Tier 2,2024-03-30,1,0,1
U2417,17,Tier 1,2024-09-24,1,1,0
U2418,13,Tier 1,2024-05-12,1,1,0
U2419,13,Tier 1,2024-08-03,0,1,0
U2420,17,Tier 2,2024-02-03,1,1,0
U2421,15,Tier 1,2024-05-11,0,0,1
U2422,13,Tier 2,2024-08-20,1,1,0
U2423,21,Tier 1,2024-02-13,1,1,0
U2424,18,Tier 2,2024-02-05,1,0,1
U2425,16,Tier 2,2024-08-01,0,1,1
U2426,23,Tier 1,2024-03-15,0,1,1
U2427,14,Tier 1,2024-04-07,1,1,0
U2428,24,Tier 1,2024-10-08,1,1,0
U2429,17,Tier 2,2024-06-15,1,0,0
U2430,23,Tier 2,2024-02-26,1,1,1
U2431,19,Tier 1,2024-11-22,0,0,0
U2432,22,Tier 2,2024-03-29,1,0,0
U2433,25,Tier 1,2024-12-15,0,1,1
U2434,16,Tier 1,2024-05-30,1,1,1
U2435,24,Tier 1,2024-07-22,1,1,1
U2436,17,Tier 3,2024-02-26,0,1,0
U2437,17,Tier 1,2024-05-03,1,1,0
U2438,17,Tier 1,2024-12-12,1,1,0
U2439,19,Tier 1,2024-10-11,1,1,1
U2440,15,Tier 1,2024-10-17,1,0,0
U2441,19,Tier 2,2024-07-11,0,1,0
U2442,19,Tier 1,2024-03-15,1,1,0
U2443,21,Tier 1,2024-11-28,0,0,1
U2444,22,Tier 2,2024-01-28,1,1,0
U2445,18,Tier 1,2024-01-18,1,1,0
U2446,17,Tier 2,2024-10-21,1,1,1
U2447,16,Tier 2,2024-09-17,1,1,1
U2448,15,Tier 1,2024-06-17,0,1,0
U2449,14,Tier 2,2024-09-28,0,1,0
U2450,17,Tier 1,2024-12-15,1,1,0
U2451,16,Tier 2,2024-05-15,0,0,1
U2452,24,Tier 2,2024-05-05,0,1,0
U2453,19,Tier 1,2024-06-27,1,1,1
U2454,17,Tier 2,2024-05-28,0,1,0
U2455,19,Tier 3,2024-03-30,1,1,0
U2456,15,Tier 3,2024-09-14,1,1,0
U2457,18,Tier 2,2024-11-03,1,0,1
U2458,20,Tier 2,2024-01-11,1,1,0
U2459,18,Tier 1,2024-08-23,1,1,0
U2460,18,Tier 1,2024-01-30,1,1,0
U2461,25,Tier 2,2024-05-15,1,1,0
U2462,23,Tier 1,2024-10-29,0,1,0
U2463,20,Tier 3,2024-04-07,0,1,0
U2464,19,Tier 1,2024-02-21,0,1,1
U2465,20,Tier 1,2024-09-04,1,1,0
U2466,16,Tier 1,2024-06-18,1,1,1
U2467,18,Tier 3,2024-09-27,1,1,0
U2468,13,Tier 2,2024-12-01,1,1,0
U2469,18,Tier 2,2024-09-24,1,0,1
U2470,19,Tier 1,2024-02-06,1,1,0
U2471,16,Tier 3,2024-09-03,0,0,0
U2472,24,Tier 1,2024-11-23,0,1,0
U2473,23,Tier 3,2024-11-16,1,1,0
U2474,21,Tier 2,2024-10-01,1,1,0
U2475,19,Tier 1,2024-03-15,0,1,0
U2476,22,Tier 2,2024-04-20,1,1,1
U2477,15,Tier 2,2024-09-19,1,1,1
U2478,21,Tier 1,2024-01-17,1,0,0
U2479,15,Tier 3,2024-08-14,1,1,0
U2480,21,Tier 2,2024-05-09,1,1,1
U2481,16,Tier 1,2024-07-29,0,1,0
U2482,22,Tier 1,2024-07-11,0,0,1
U2483,24,Tier 2,2024-04-02,1,0,0
U2484,15,Tier 2,2024-01-12,1,1,1
U2485,18,Tier 2,2024-09-12,0,0,0
U2486,25,Tier 2,2024-01-04,1,1,0
U2487,18,Tier 2,2024-03-04,1,1,0
U2488,22,Tier 3,2024-11-25,1,1,0
U2489,19,Tier 2,2024-08-09,1,0,0
U2490,17,Tier 3,2024-07-08,0,0,0
U2491,16,Tier 1,2024-10-21,0,0,0
U2492,16,Tier 1,2024-12-13,1,1,1
U2493,21,Tier 1,2024-07-28,1,0,0
U2494,17,Tier 2,2024-05-24,1,1,0
U2495,19,Tier 3,2024-03-06,1,1,0
U2496,18,Tier 1,2024-06-20,0,1,0
U2497,19,Tier 1,2024-03-24,0,1,0
U2498,22,Tier 3,2024-01-29,1,1,0
U2499,25,Tier 1,2024-08-07,0,1,0
U2500,18,Tier 2,2024-07-05,0,0,1
U2501,22,Tier 2,2024-03-02,0,1,0
U2502,21,Tier 3,2024-06-13,1,1,1
U2503,19,Tier 1,2024-09-21,1,0,1
U2504,24,Tier 1,2024-11-05,0,1,0
U2505,16,Tier 2,2024-12-10,1,1,1
U2506,14,Tier 3,2024-06-03,0,1,0
U2507,22,Tier 2,2024-07-05,0,1,0
U2508,18,Tier 1,2024-01-21,0,1,0
U2509,22,Tier 2,2024-12-01,1,1,1
U2510,23,Tier 3,2024-05-26,0,0,1
U2511,14,Tier 3,2024-01-06,1,1,0
U2512,23,Tier 3,2024-08-06,0,1,1
U2513,18,Tier 1,2024-04-02,1,1,0
U2514,19,Tier 1,2024-11-29,1,1,0
U2515,20,Tier 2,2024-07-24,0,1,0
U2516,23,Tier 3,2024-06-24,1,0,0
U2517,13,Tier 1,2024-02-17,1,0,1
U2518,18,Tier 1,2024-01-04,0,1,0
U2519,20,Tier 3,2024-11-09,1,0,1
U2520,21,Tier 1,2024-08-07,1,1,0
U2521,20,Tier 1,2024-11-05,1,1,0
U2522,15,Tier 2,2024-05-30,0,1,1
U2523,17,Tier 2,2024-10-23,1,1,1
U2524,17,Tier 2,2024-11-12,1,0,0
U2525,21,Tier 1,2024-04-10,1,1,0
U2526,16,Tier 2,2024-08-10,1,1,1
U2527,16,Tier 2,2024-11-06,1,0,0
U2528,24,Tier 2,2024-04-17,1,0,0
U2529,13,Tier 2,2024-06-26,1,0,0
U2530,25,Tier 1,2024-12-24,1,1,0
U2531,20,Tier 1,2024-07-11,1,1,1
U2532,22,Tier 1,2024-10-12,0,1,0
U2533,17,Tier 1,2024-04-18,1,1,0
U2534,13,Tier 2,2024-02-29,1,0,0
U2535,21,Tier 3,2024-01-19,1,0,0
U2536,22,Tier 2,2024-11-10,1,0,0
U2537,21,Tier 3,2024-04-04,0,1,1
U2538,15,Tier 1,2024-11-13,0,0,0
U2539,21,Tier 2,2024-09-19,1,0,0
U2540,21,Tier 1,2024-03-19,1,1,1
U2541,20,Tier 1,2024-08-29,1,1,0
U2542,21,Tier 1,2024-03-26,1,0,1
U2543,22,Tier 2,2024-01-12,0,1,0
U2544,19,Tier 3,2024-10-22,1,0,0
U2545,14,Tier 1,2024-06-07,1,1,0
U2546,18,Tier 1,2024-02-02,1,0,0
U2547,14,Tier 3,2024-09-15,1,0,0
U2548,18,Tier 1,2024-04-30,0,1,0
U2549,18,Tier 3,2024-07-11,1,0,0
U2550,14,Tier 2,2024-03-02,0,1,1
U2551,17,Tier 3,2024-08-07,1,1,1
U2552,14,Tier 2,2024-03-01,1,1,0
U2553,21,Tier 2,2024-11-03,1,1,0
U2554,24,Tier 2,2024-05-18,0,0,0
U2555,14,Tier 2,2024-01-23,1,0,0
U2556,24,Tier 2,2024-01-26,1,1,0
U2557,19,Tier 1,2024-10-11,0,1,1
U2558,17,Tier 2,2024-05-27,1,1,0
U2559,14,Tier 2,2024-01-07,0,1,0
U2560,18,Tier 3,2024-01-21,1,0,0
U2561,21,Tier 2,2024-11-16,0,1,0
U2562,20,Tier 2,2024-12-26,1,1,0
U2563,14,Tier 1,2024-02-05,0,1,0
U2564,14,Tier 2,2024-12-03,0,1,0
U2565,18,Tier 2,2024-10-07,1,0,0
U2566,17,Tier 3,2024-10-04,0,1,0
U2567,16,Tier 3,2024-09-15,0,1,1
U2568,16,Tier 1,2024-12-17,1,0,1
U2569,21,Tier 3,2024-08-16,1,0,1
U2570,23,Tier 1,2024-10-27,1,0,0
U2571,18,Tier 1,2024-09-18,0,0,1
U2572,23,Tier 2,2024-09-06,0,0,0
U2573,17,Tier 1,2024-03-07,1,1,0
U2574,18,Tier 2,2024-07-16,1,1,0
U2575,16,Tier 1,2024-10-16,1,1,1
U2576,20,Tier 1,2024-07-10,1,0,1
U2577,24,Tier 2,2024-04-20,1,1,1
U2578,19,Tier 2,2024-11-11,1,1,0
U2579,17,Tier 3,2024-03-28,1,1,0
U2580,20,Tier 2,2024-02-26,1,0,0
U2581,15,Tier 2,2024-06-29,0,1,0
U2582,23,Tier 1,2024-06-06,0,1,0
U2583,18,Tier 1,2024-03-15,0,1,1
U2584,18,Tier 1,2024-04-13,0,0,0
U2585,19,Tier 2,2024-10-06,1,1,0
U2586,20,Tier 2,2024-07-06,1,1,0
U2587,14,Tier 2,2024-03-31,1,1,1
U2588,20,Tier 2,2024-03-12,0,1,0
U2589,16,Tier 2,2024-06-04,0,1,1
U2590,20,Tier 1,2024-06-22,0,1,0
U2591,22,Tier 1,2024-08-21,0,1,0
U2592,21,Tier 3,2024-09-27,1,0,0
U2593,19,Tier 2,2024-10-28,1,1,0
U2594,19,Tier 3,2024-12-13,1,1,1
U2595,15,Tier 1,2024-07-11,1,0,0
U2596,21,Tier 3,2024-07-09,1,0,1
U2597,16,Tier 1,2024-11-13,0,1,0
U2598,18,Tier 1,2024-04-16,1,1,0
U2599,16,Tier 3,2024-02-07,1,0,0
U2600,15,Tier 1,2024-11-01,1,0,0
U2601,20,Tier 2,2024-10-27,1,1,0
U2602,14,Tier 1,2024-10-13,1,1,0
U2603,21,Tier 2,2024-03-12,1,1,1
U2604,17,Tier 3,2024-01-04,1,1,0
U2605,13,Tier 1,2024-09-01,0,1,0
U2606,19,Tier 2,2024-02-08,1,1,0
U2607,13,Tier 1,2024-07-04,1,1,0
U2608,16,Tier 2,2024-10-21,0,1,0
U2609,20,Tier 1,2024-03-29,0,1,0
U2610,14,Tier 1,2024-07-28,0,1,1
U2611,22,Tier 1,2024-07-08,1,1,0
U2612,13,Tier 1,2024-02-09,1,1,0
U2613,16,Tier 3,2024-08-25,1,0,0
U2614,21,Tier 1,2024-06-11,1,1,1
U2615,17,Tier 1,2024-02-09,0,0,0
U2616,14,Tier 2,2024-09-03,1,1,1
U2617,17,Tier 1,2024-10-06,1,1,0
U2618,16,Tier 2,2024-06-18,1,1,1
U2619,22,Tier 3,2024-05-02,1,0,0
U2620,17,Tier 2,2024-05-14,1,1,1
U2621,21,Tier 3,2024-11-04,0,1,1
U2622,23,Tier 2,2024-03-29,0,1,0
U2623,18,Tier 1,2024-10-06,0,0,1
U2624,23,Tier 2,2024-01-05,1,0,1
U2625,17,Tier 2,2024-09-29,1,1,1
U2626,24,Tier 2,2024-07-11,1,1,0
U2627,14,Tier 3,2024-03-03,1,1,0
U2628,20,Tier 2,2024-02-04,0,1,1
U2629,18,Tier 3,2024-01-04,1,1,0
U2630,17,Tier 3,2024-10-03,0,0,1
U2631,20,Tier 2,2024-06-05,1,0,0
U2632,20,Tier 2,2024-11-21,1,1,0
U2633,13,Tier 1,2024-09-06,1,1,0
U2634,15,Tier 3,2024-08-20,1,1,0
U2635,20,Tier 2,2024-09-09,0,1,1
U2636,20,Tier 1,2024-02-20,1,1,1
U2637,24,Tier 1,2024-04-15,0,1,0
U2638,21,Tier 2,2024-12-15,0,1,1
U2639,24,Tier 1,2024-08-25,1,1,1
U2640,20,Tier 1,2024-03-14,0,0,1
U2641,17,Tier 2,2024-12-31,1,1,0
U2642,14,Tier 1,2024-08-01,0,1,0
U2643,21,Tier 2,2024-09-02,0,1,1
U2644,20,Tier 1,2024-03-11,0,1,1
U2645,13,Tier 1,2024-01-04,1,0,0
U2646,17,Tier 2,2024-01-24,1,0,1
U2647,24,Tier 2,2024-11-19,1,1,0
U2648,18,Tier 1,2024-08-22,1,0,1
U2649,18,Tier 1,2024-08-17,0,1,0
U2650,18,Tier 2,2024-06-27,0,0,0
U2651,16,Tier 1,2024-09-17,1,1,1
U2652,17,Tier 1,2024-04-14,1,1,0
U2653,17,Tier 1,2024-11-21,1,1,0
U2654,14,Tier 3,2024-09-02,1,0,0
U2655,21,Tier 3,2024-12-04,1,1,0
U2656,18,Tier 3,2024-12-08,1,0,1
U2657,22,Tier 2,2024-02-26,0,1,1
U2658,22,Tier 2,2024-09-11,1,0,1
U2659,16,Tier 2,2024-10-20,1,1,1
U2660,20,Tier 2,2024-06-06,0,0,0
U2661,18,Tier 1,2024-05-26,1,1,0
U2662,23,Tier 2,2024-01-29,1,1,0
U2663,16,Tier 3,2024-09-06,0,0,0
U2664,20,Tier 2,2024-03-08,0,0,0
U2665,19,Tier 1,2024-08-30,1,1,0
U2666,17,Tier 1,2024-06-30,1,1,1
U2667,15,Tier 2,2024-01-07,0,1,0
U2668,20,Tier 2,2024-04-28,0,1,0
U2669,21,Tier 3,2024-06-13,1,1,1
U2670,17,Tier 1,2024-07-13,1,1,1
U2671,20,Tier 3,2024-04-24,1,1,0
U2672,18,Tier 2,2024-11-23,1,0,0
U2673,20,Tier 3,2024-08-06,1,0,1
U2674,15,Tier 2,2024-07-12,1,1,0
U2675,23,Tier 2,2024-07-02,1,1,0
U2676,16,Tier 2,2024-07-16,0,1,0
U2677,17,Tier 2,2024-06-25,1,1,1
U2678,14,Tier 3,2024-04-06,0,1,1
U2679,14,Tier 1,2024-12-21,0,1,0
U2680,19,Tier 1,2024-03-10,1,1,0
U2681,16,Tier 3,2024-10-11,0,1,0
U2682,22,Tier 2,2024-09-05,0,0,1
U2683,13,Tier 2,2024-06-02,1,0,0
U2684,17,Tier 2,2024-01-16,1,1,1
U2685,17,Tier 1,2024-07-26,1,1,0
U2686,13,Tier 3,2024-05-24,0,0,0
U2687,15,Tier 2,2024-05-22,1,1,0
U2688,18,Tier 1,2024-09-25,1,0,1
U2689,18,Tier 1,2024-06-11,0,0,1
U2690,18,Tier 3,2024-08-12,1,0,0
U2691,19,Tier 1,2024-02-16,1,1,0
U2692,19,Tier 3,2024-01-20,0,1,0
U2693,13,Tier 1,2024-01-14,1,0,0
U2694,18,Tier 2,2024-10-26,0,1,0
U2695,24,Tier 3,2024-01-06,0,1,0
U2696,19,Tier 2,2024-07-29,1,1,0
U2697,20,Tier 2,2024-04-11,1,1,1
U2698,17,Tier 2,2024-10-20,0,0,0
U2699,21,Tier 1,2024-01-05,0,1,1
U2700,21,Tier 1,2024-08-05,1,0,0
U2701,19,Tier 3,2024-10-11,1,0,1
U2702,24,Tier 3,2024-03-10,1,1,0
U2703,15,Tier 2,2024-10-28,0,1,0
U2704,13,Tier 1,2024-09-29,0,0,0
U2705,21,Tier 1,2024-12-20,1,1,0
U2706,21,Tier 1,2024-06-24,0,0,1
U2707,15,Tier 2,2024-08-29,1,0,0
U2708,16,Tier 3,2024-09-06,0,1,1
U2709,13,Tier 2,2024-04-04,1,0,1
U2710,17,Tier 3,2024-07-20,1,1,1
U2711,21,Tier 1,2024-11-19,1,1,1
U2712,19,Tier 1,2024-05-31,1,0,0
U2713,17,Tier 1,2024-08-14,0,0,0
U2714,17,Tier 2,2024-12-20,1,1,0
U2715,13,Tier 1,2024-08-02,1,1,1
U2716,17,Tier 3,2024-07-12,1,1,1
U2717,20,Tier 1,2024-08-18,1,1,1
U2718,24,Tier 3,2024-09-19,0,1,1
U2719,22,Tier 2,2024-09-02,0,1,1
U2720,13,Tier 3,2024-02-25,1,1,1
U2721,23,Tier 2,2024-06-26,1,0,0
U2722,21,Tier 3,2024-06-15,1,1,0
U2723,21,Tier 1,2024-01-05,0,1,0
U2724,18,Tier 2,2024-03-04,0,0,1
U2725,18,Tier 3,2024-04-07,0,0,0
U2726,17,Tier 1,2024-11-16,0,0,0
U2727,14,Tier 1,2024-10-11,0,1,1
U2728,16,Tier 2,2024-03-22,0,1,1
U2729,16,Tier 3,2024-11-24,1,1,1
U2730,18,Tier 2,2024-11-08,1,1,1
U2731,21,Tier 2,2024-08-23,1,1,0
U2732,18,Tier 1,2024-03-02,1,1,1
U2733,14,Tier 1,2024-02-20,1,1,0
U2734,24,Tier 3,2024-06-03,1,1,1
U2735,24,Tier 1,2024-10-20,1,1,0
U2736,21,Tier 2,2024-05-02,1,1,1
U2737,25,Tier 3,2024-02-15,1,1,0
U2738,19,Tier 1,2024-10-26,1,1,1
U2739,24,Tier 2,2024-01-23,0,1,1
U2740,14,Tier 1,2024-02-04,0,1,0
U2741,17,Tier 2,2024-12-03,0,1,0
U2742,16,Tier 1,2024-07-25,1,1,1
U2743,15,Tier 2,2024-06-27,1,1,0
U2744,15,Tier 1,2024-12-27,1,0,0
U2745,20,Tier 2,2024-03-15,0,1,0
U2746,21,Tier 2,2024-05-06,1,1,0
U2747,19,Tier 1,2024-07-27,1,0,0
U2748,15,Tier 2,2024-03-28,0,1,1
U2749,22,Tier 1,2024-08-06,1,1,1
U2750,20,Tier 2,2024-08-18,1,1,1
U2751,17,Tier 1,2024-07-16,1,0,0
U2752,20,Tier 2,2024-03-25,1,1,0
U2753,16,Tier 1,2024-12-07,1,1,0
U2754,17,Tier 2,2024-03-04,1,1,0
U2755,23,Tier 1,2024-08-18,0,1,0
U2756,17,Tier 2,2024-10-04,0,1,0
U2757,18,Tier 1,2024-11-18,1,0,0
U2758,23,Tier 3,2024-11-20,0,1,0
U2759,20,Tier 3,2024-06-06,1,1,1
U2760,14,Tier 1,2024-05-31,1,1,0
U2761,15,Tier 2,2024-03-10,1,1,0
U2762,13,Tier 1,2024-07-20,1,0,0
U2763,20,Tier 1,2024-03-12,1,1,0
U2764,18,Tier 2,2024-06-01,1,1,0
U2765,15,Tier 2,2024-11-30,0,1,0
U2766,24,Tier 2,2024-08-10,1,1,0
U2767,19,Tier 1,2024-11-19,1,1,1
U2768,16,Tier 1,2024-07-27,0,0,1
U2769,18,Tier 1,2024-08-04,1,1,0
U2770,20,Tier 2,2024-04-29,1,0,0
U2771,14,Tier 2,2024-09-21,0,0,0
U2772,16,Tier 2,2024-01-16,1,0,0
U2773,21,Tier 1,2024-01-20,1,1,0
U2774,18,Tier 1,2024-05-11,1,1,1
U2775,19,Tier 1,2024-05-07,1,0,0
U2776,18,Tier 1,2024-10-13,1,0,0
U2777,13,Tier 1,2024-07-03,1,0,0
U2778,15,Tier 3,2024-06-13,0,1,0
U2779,18,Tier 3,2024-02-07,0,1,0
U2780,16,Tier 2,2024-10-19,1,0,0
U2781,13,Tier 2,2024-06-12,0,1,1
U2782,22,Tier 1,2024-06-24,0,1,1
U2783,25,Tier 3,2024-06-25,1,1,1
U2784,21,Tier 1,2024-01-09,1,1,1
U2785,22,Tier 3,2024-01-13,1,1,1
U2786,16,Tier 2,2024-11-20,0,1,1
U2787,24,Tier 1,2024-03-14,1,1,0
U2788,15,Tier 3,2024-10-04,0,1,0
U2789,24,Tier 1,2024-10-16,1,1,0
U2790,25,Tier 2,2024-11-09,1,1,0
U2791,20,Tier 2,2024-01-07,1,0,0
U2792,25,Tier 1,2024-06-24,1,1,0
U2793,19,Tier 2,2024-07-11,0,1,0
U2794,16,Tier 2,2024-10-26,0,0,1
U2795,18,Tier 2,2024-10-16,1,0,0
U2796,19,Tier 1,2024-05-03,0,1,0
U2797,14,Tier 3,2024-10-28,0,1,0
U2798,20,Tier 1,2024-06-21,1,1,1
U2799,25,Tier 1,2024-09-10,0,1,0
U2800,15,Tier 1,2024-10-16,1,0,1
U2801,21,Tier 1,2024-12-13,1,0,1
U2802,23,Tier 1,2024-02-03,1,0,0
U2803,24,Tier 3,2024-04-16,0,1,0
U2804,24,Tier 1,2024-01-30,1,1,0
U2805,19,Tier 1,2024-08-31,0,0,0
U2806,24,Tier 1,2024-03-06,0,1,0
U2807,21,Tier 2,2024-07-17,1,1,0
U2808,15,Tier 3,2024-09-26,1,0,1
U2809,18,Tier 1,2024-07-02,1,1,1
U2810,20,Tier 1,2024-06-01,1,1,0
U2811,16,Tier 1,2024-12-08,1,0,0
U2812,20,Tier 1,2024-07-14,1,1,1
U2813,20,Tier 1,2024-03-26,1,1,1
U2814,15,Tier 2,2024-08-05,1,1,0
U2815,19,Tier 1,2024-07-12,1,1,0
U2816,21,Tier 2,2024-04-25,1,1,0
U2817,18,Tier 1,2024-05-21,0,1,0
U2818,13,Tier 3,2024-01-14,0,1,1
U2819,13,Tier 3,2024-02-06,1,0,0
U2820,17,Tier 2,2024-08-08,1,1,0
U2821,23,Tier 1,2024-06-09,1,0,1
U2822,16,Tier 1,2024-01-06,1,1,0
U2823,20,Tier 2,2024-12-25,1,1,0
U2824,16,Tier 2,2024-08-20,1,1,0
U2825,17,Tier 2,2024-12-08,0,1,1
U2826,22,Tier 3,2024-08-07,1,0,0
U2827,21,Tier 3,2024-07-16,0,1,0
U2828,14,Tier 1,2024-04-28,1,1,0
U2829,18,Tier 2,2024-02-01,1,1,1
U2830,13,Tier 1,2024-04-12,1,1,0
U2831,18,Tier 1,2024-02-15,1,1,0
U2832,20,Tier 2,2024-07-31,1,1,1
U2833,14,Tier 1,2024-03-27,1,1,1
U2834,16,Tier 3,2024-01-18,1,1,0
U2835,18,Tier 1,2024-05-29,1,1,1
U2836,23,Tier 2,2024-05-13,0,1,0
U2837,25,Tier 2,2024-02-09,0,1,1
U2838,13,Tier 2,2024-03-19,1,1,1
U2839,21,Tier 1,2024-10-05,1,0,0
U2840,17,Tier 3,2024-05-25,1,0,1
U2841,18,Tier 2,2024-04-10,0,0,0
U2842,21,Tier 2,2024-06-02,1,1,0
U2843,23,Tier 1,2024-12-11,1,0,0
U2844,24,Tier 2,2024-05-07,1,1,0
U2845,19,Tier 3,2024-09-17,1,0,0
U2846,17,Tier 2,2024-01-07,1,1,1
U2847,21,Tier 3,2024-11-02,0,1,0
U2848,16,Tier 2,2024-03-30,0,1,1
U2849,19,Tier 1,2024-03-21,1,1,0
U2850,17,Tier 1,2024-03-29,1,0,0
U2851,20,Tier 1,2024-09-29,1,0,0
U2852,16,Tier 2,2024-04-01,1,0,1
U2853,15,Tier 3,2024-02-06,0,1,1
U2854,23,Tier 1,2024-03-14,1,1,0
U2855,14,Tier 2,2024-07-26,1,1,1
U2856,18,Tier 2,2024-01-11,1,0,0
U2857,16,Tier 2,2024-08-09,0,1,0
U2858,13,Tier 1,2024-12-25,1,0,1
U2859,13,Tier 1,2024-04-24,1,1,1
U2860,15,Tier 1,2024-09-16,1,1,0
U2861,22,Tier 1,2024-03-23,1,0,0
U2862,16,Tier 1,2024-03-06,0,1,1
U2863,24,Tier 1,2024-05-23,1,1,1
U2864,19,Tier 2,2024-08-09,1,1,1
U2865,18,Tier 1,2024-06-14,1,0,1
U2866,19,Tier 3,2024-10-07,0,1,0
U2867,19,Tier 1,2024-07-07,1,1,0
U2868,21,Tier 1,2024-07-17,1,1,0
U2869,16,Tier 1,2024-08-04,1,1,0
U2870,17,Tier 1,2024-02-08,0,1,1
U2871,23,Tier 3,2024-09-26,0,1,0
U2872,24,Tier 1,2024-10-17,0,0,0
U2873,23,Tier 3,2024-10-04,1,0,0
U2874,18,Tier 3,2024-05-10,1,1,0
U2875,21,Tier 2,2024-11-20,0,0,0
U2876,18,Tier 2,2024-09-04,1,1,0
U2877,18,Tier 2,2024-10-27,1,1,1
U2878,16,Tier 1,2024-08-04,0,1,0
U2879,19,Tier 2,2024-10-24,1,1,0
U2880,15,Tier 1,2024-06-20,1,1,0
U2881,17,Tier 1,2024-03-18,0,1,0
U2882,22,Tier 2,2024-01-06,0,0,0
U2883,16,Tier 2,2024-11-05,1,1,0
U2884,14,Tier 3,2024-07-26,1,1,0
U2885,14,Tier 1,2024-12-21,1,1,0
U2886,24,Tier 3,2024-12-17,1,1,0
U2887,18,Tier 1,2024-11-24,1,1,0
U2888,18,Tier 1,2024-11-22,1,1,1
U2889,22,Tier 1,2024-05-08,0,0,0
U2890,22,Tier 2,2024-08-23,0,0,0
U2891,17,Tier 1,2024-06-17,0,1,0
U2892,20,Tier 2,2024-06-14,1,1,1
U2893,21,Tier 3,2024-02-25,1,0,0
U2894,20,Tier 2,2024-09-26,0,1,1
U2895,15,Tier 2,2024-06-25,1,1,0
U2896,22,Tier 3,2024-01-02,1,1,1
U2897,19,Tier 2,2024-07-14,1,1,0
U2898,16,Tier 2,2024-10-06,0,0,1
U2899,18,Tier 1,2024-01-09,0,1,1
U2900,13,Tier 3,2024-01-26,1,1,0
U2901,15,Tier 2,2024-10-18,0,1,1
U2902,21,Tier 1,2024-12-01,1,1,0
U2903,13,Tier 1,2024-06-18,1,0,0
U2904,18,Tier 3,2024-09-25,0,1,0
U2905,19,Tier 1,2024-03-30,0,1,1
U2906,14,Tier 3,2024-09-17,1,0,0
U2907,24,Tier 1,2024-03-16,1,1,1
U2908,16,Tier 3,2024-02-12,0,1,0
U2909,17,Tier 1,2024-01-03,0,1,0
U2910,17,Tier 2,2024-02-07,0,1,1
U2911,16,Tier 3,2024-03-07,1,1,0
U2912,13,Tier 2,2024-08-10,0,1,1
U2913,21,Tier 2,2024-07-29,0,1,0
U2914,24,Tier 1,2024-03-13,1,0,0
U2915,16,Tier 1,2024-03-04,0,1,0
U2916,20,Tier 1,2024-07-26,1,1,0
U2917,21,Tier 2,2024-01-01,1,1,0
U2918,22,Tier 1,2024-11-11,1,0,0
U2919,18,Tier 1,2024-05-28,1,1,0
U2920,17,Tier 2,2024-03-31,1,0,0
U2921,17,Tier 2,2024-09-11,0,1,0
U2922,20,Tier 2,2024-08-02,1,0,0
U2923,22,Tier 1,2024-02-29,1,1,1
U2924,15,Tier 1,2024-05-26,0,1,1
U2925,17,Tier 3,2024-03-20,1,1,1
U2926,23,Tier 1,2024-10-05,1,0,0
U2927,21,Tier 3,2024-05-23,1,1,1
U2928,25,Tier 3,2024-04-09,1,1,0
U2929,21,Tier 3,2024-08-18,1,1,0
U2930,18,Tier 1,2024-03-29,0,0,0
U2931,19,Tier 3,2024-06-24,1,0,0
U2932,20,Tier 3,2024-10-18,0,1,1
U2933,14,Tier 2,2024-10-13,1,1,0
U2934,19,Tier 1,2024-08-14,1,1,0
U2935,20,Tier 1,2024-05-20,0,0,0
U2936,15,Tier 1,2024-07-26,0,0,0
U2937,21,Tier 2,2024-12-24,1,1,1
U2938,19,Tier 2,2024-02-29,1,1,0
U2939,24,Tier 1,2024-06-02,1,0,1
U2940,13,Tier 2,2024-05-17,1,0,0
U2941,16,Tier 1,2024-02-17,1,1,1
U2942,19,Tier 2,2024-01-27,0,1,0
U2943,17,Tier 3,2024-02-11,1,1,1
U2944,20,Tier 1,2024-04-17,0,1,0
U2945,21,Tier 1,2024-08-23,1,1,1
U2946,14,Tier 1,2024-10-13,1,1,0
U2947,19,Tier 2,2024-03-05,1,1,0
U2948,18,Tier 2,2024-08-20,1,1,1
U2949,17,Tier 3,2024-05-06,0,1,1
U2950,23,Tier 1,2024-06-26,1,1,0
U2951,22,Tier 3,2024-11-22,1,0,1
U2952,20,Tier 1,2024-01-03,0,1,0
U2953,20,Tier 2,2024-12-10,1,1,0
U2954,18,Tier 1,2024-12-22,1,1,1
U2955,23,Tier 3,2024-07-07,1,0,1
U2956,20,Tier 2,2024-07-01,0,0,0
U2957,21,Tier 2,2024-07-18,0,1,1
U2958,22,Tier 3,2024-07-30,0,0,1
U2959,16,Tier 1,2024-02-09,1,1,1
U2960,21,Tier 1,2024-09-03,0,0,1
U2961,15,Tier 3,2024-05-02,1,1,1
U2962,17,Tier 1,2024-01-16,1,1,0
U2963,17,Tier 1,2024-11-23,0,1,0
U2964,24,Tier 2,2024-02-13,1,1,0
U2965,22,Tier 2,2024-03-31,1,1,1
U2966,20,Tier 1,2024-06-17,1,0,1
U2967,21,Tier 1,2024-09-03,1,0,0
U2968,19,Tier 1,2024-11-10,0,1,0
U2969,24,Tier 2,2024-11-19,1,1,1
U2970,18,Tier 3,2024-07-01,1,1,0
U2971,17,Tier 3,2024-10-06,1,1,0
U2972,15,Tier 2,2024-08-09,0,1,0
U2973,21,Tier 1,2024-03-17,0,1,1
U2974,21,Tier 3,2024-01-10,1,0,0
U2975,17,Tier 2,2024-09-22,0,1,0
U2976,13,Tier 1,2024-06-05,0,1,0
U2977,22,Tier 3,2024-07-09,1,1,0
U2978,13,Tier 3,2024-10-29,1,1,1
U2979,20,Tier 2,2024-04-18,1,1,0
U2980,24,Tier 2,2024-12-31,0,0,0
U2981,18,Tier 1,2024-11-17,1,1,0
U2982,16,Tier 1,2024-08-17,1,1,0
U2983,20,Tier 2,2024-07-14,1,0,0
U2984,22,Tier 1,2024-02-01,0,1,1
U2985,19,Tier 2,2024-08-31,1,0,1
U2986,24,Tier 3,2024-09-30,0,1,0
U2987,14,Tier 3,2024-11-03,0,1,1
U2988,18,Tier 2,2024-04-11,1,0,1
U2989,20,Tier 3,2024-12-04,1,0,0
U2990,22,Tier 3,2024-07-19,1,1,0
U2991,15,Tier 2,2024-04-07,0,1,1
U2992,21,Tier 1,2024-08-23,1,0,0
U2993,19,Tier 1,2024-07-15,1,1,1
U2994,18,Tier 1,2024-11-13,1,1,1
U2995,15,Tier 1,2024-09-12,1,0,1
U2996,22,Tier 1,2024-04-16,0,1,1
U2997,15,Tier 1,2024-01-25,0,0,0
U2998,17,Tier 2,2024-03-20,0,0,0
U2999,17,Tier 3,2024-07-03,1,1,0
U3000,22,Tier 1,2024-09-03,1,0,1
U3001,20,Tier 2,2024-04-01,0,1,0
U3002,21,Tier 2,2024-02-18,1,1,1
U3003,16,Tier 1,2024-01-06,0,1,1
U3004,20,Tier 3,2024-09-09,1,0,0
U3005,19,Tier 2,2024-07-21,1,0,0
U3006,22,Tier 1,2024-04-13,0,1,1
U3007,23,Tier 3,2024-04-28,0,1,1
U3008,13,Tier 1,2024-07-18,0,0,0
U3009,20,Tier 2,2024-05-10,1,1,0
U3010,14,Tier 1,2024-09-01,1,1,0
U3011,19,Tier 3,2024-10-03,1,1,0
U3012,16,Tier 2,2024-09-04,1,0,0
U3013,17,Tier 2,2024-03-25,0,0,1
U3014,17,Tier 1,2024-10-03,1,0,0
U3015,20,Tier 2,2024-04-29,0,1,1
U3016,17,Tier 3,2024-12-31,1,0,1
U3017,21,Tier 2,2024-04-02,0,1,0
U3018,18,Tier 2,2024-01-21,1,0,0
U3019,14,Tier 2,2024-02-16,1,1,1
U3020,21,Tier 3,2024-01-12,0,1,0
U3021,16,Tier 2,2024-07-04,1,1,0
U3022,18,Tier 3,2024-03-10,0,1,1
U3023,20,Tier 3,2024-03-14,0,0,1
U3024,17,Tier 2,2024-10-01,0,0,1
U3025,14,Tier 1,2024-05-09,1,1,1
U3026,17,Tier 2,2024-06-19,1,0,0
U3027,24,Tier 3,2024-04-15,1,1,0
U3028,20,Tier 1,2024-09-13,1,0,0
U3029,20,Tier 2,2024-06-03,1,0,1
U3030,20,Tier 3,2024-10-27,1,0,1
U3031,15,Tier 1,2024-05-15,1,1,1
U3032,18,Tier 2,2024-02-29,1,1,1
U3033,21,Tier 1,2024-09-30,1,0,1
U3034,14,Tier 1,2024-01-23,1,1,0
U3035,16,Tier 3,2024-12-19,1,0,1
U3036,16,Tier 1,2024-06-08,0,0,0
U3037,18,Tier 1,2024-01-09,1,1,0
U3038,25,Tier 3,2024-10-06,1,0,0
U3039,14,Tier 1,2024-12-30,1,0,1
U3040,19,Tier 3,2024-01-15,0,1,0
U3041,15,Tier 3,2024-06-19,1,1,0
U3042,24,Tier 1,2024-03-30,1,0,1
U3043,14,Tier 1,2024-08-29,0,1,0
U3044,18,Tier 2,2024-05-28,0,1,0
U3045,21,Tier 2,2024-08-11,1,0,0
U3046,20,Tier 1,2024-04-19,1,1,1
U3047,18,Tier 2,2024-04-07,1,0,0
U3048,17,Tier 1,2024-04-12,1,1,0
U3049,18,Tier 3,2024-04-12,0,1,0
U3050,16,Tier 1,2024-05-12,1,0,0
U3051,16,Tier 1,2024-03-08,0,1,0
U3052,18,Tier 1,2024-07-17,1,0,1
U3053,16,Tier 3,2024-04-23,0,0,0
U3054,16,Tier 2,2024-08-06,1,0,0
U3055,20,Tier 3,2024-06-28,1,1,1
U3056,24,Tier 1,2024-07-11,1,1,1
U3057,19,Tier 1,2024-02-17,1,0,0
U3058,14,Tier 1,2024-02-16,1,1,0
U3059,14,Tier 2,2024-05-20,0,1,1
U3060,24,Tier 2,2024-01-06,1,1,1
U3061,17,Tier 2,2024-09-16,0,1,0
U3062,14,Tier 1,2024-01-04,1,0,0
U3063,19,Tier 3,2024-10-03,1,0,1
U3064,20,Tier 1,2024-02-13,0,0,0
U3065,20,Tier 3,2024-06-29,1,1,1
U3066,16,Tier 1,2024-12-29,1,0,1
U3067,13,Tier 2,2024-05-15,1,1,0
U3068,24,Tier 1,2024-08-17,1,1,1
U3069,16,Tier 2,2024-04-19,0,1,0
U3070,20,Tier 2,2024-10-18,0,0,1
U3071,20,Tier 2,2024-08-14,1,0,0
U3072,19,Tier 2,2024-06-29,0,0,1
U3073,17,Tier 2,2024-08-06,1,0,1
U3074,16,Tier 2,2024-04-02,1,0,0
U3075,19,Tier 3,2024-10-22,0,1,0
U3076,22,Tier 1,2024-02-25,1,0,0
U3077,24,Tier 2,2024-11-20,0,1,0
U3078,14,Tier 2,2024-03-10,0,1,0
U3079,15,Tier 1,2024-08-12,0,1,0
U3080,24,Tier 2,2024-08-31,0,1,0
U3081,21,Tier 1,2024-10-10,1,1,0
U3082,23,Tier 1,2024-02-16,1,1,0
U3083,16,Tier 1,2024-04-05,1,1,0
U3084,19,Tier 1,2024-08-19,0,0,1
U3085,20,Tier 2,2024-11-14,1,0,0
U3086,20,Tier 2,2024-02-08,1,1,1
U3087,18,Tier 3,2024-01-31,1,1,1
U3088,13,Tier 2,2024-01-27,0,1,0
U3089,19,Tier 1,2024-11-24,0,1,0
U3090,16,Tier 3,2024-03-17,1,1,0
U3091,18,Tier 3,2024-11-03,1,0,0
U3092,24,Tier 2,2024-05-12,1,1,1
U3093,18,Tier 2,2024-05-21,1,1,0
U3094,22,Tier 3,2024-11-19,1,1,0
U3095,15,Tier 2,2024-03-21,0,1,1
U3096,20,Tier 3,2024-07-14,0,1,1
U3097,24,Tier 1,2024-07-16,1,1,0
U3098,14,Tier 1,2024-11-09,1,0,0
U3099,13,Tier 2,2024-06-24,1,1,0
U3100,18,Tier 2,2024-02-21,1,1,0
U3101,14,Tier 3,2024-10-22,1,1,0
U3102,21,Tier 3,2024-03-03,1,1,1
U3103,23,Tier 1,2024-03-07,1,1,0
U3104,18,Tier 1,2024-12-31,0,1,1
U3105,16,Tier 3,2024-03-11,0,1,1
U3106,18,Tier 2,2024-09-24,1,1,0
U3107,21,Tier 1,2024-07-08,1,1,0
U3108,13,Tier 2,2024-07-17,0,1,0
U3109,19,Tier 2,2024-03-14,0,1,0
U3110,19,Tier 3,2024-09-29,1,1,1
U3111,20,Tier 2,2024-02-26,1,1,1
U3112,16,Tier 1,2024-10-14,1,1,1
U3113,20,Tier 3,2024-01-08,1,1,0
U3114,14,Tier 2,2024-01-01,1,1,0
U3115,15,Tier 2,2024-09-01,1,1,0
U3116,22,Tier 1,2024-09-26,1,1,1
U3117,21,Tier 2,2024-08-24,1,1,0
U3118,13,Tier 1,2024-02-27,1,0,0
U3119,16,Tier 1,2024-09-16,0,0,0
U3120,16,Tier 2,2024-09-06,1,0,0
U3121,16,Tier 1,2024-07-25,0,0,0
U3122,16,Tier 2,2024-05-16,1,0,1
U3123,14,Tier 1,2024-10-12,1,0,1
U3124,18,Tier 2,2024-07-23,1,1,1
U3125,21,Tier 1,2024-08-18,1,1,1
U3126,19,Tier 1,2024-05-31,1,1,1
U3127,20,Tier 1,2024-11-02,1,1,1
U3128,14,Tier 3,2024-04-02,1,0,1
U3129,24,Tier 3,2024-11-13,0,1,0
U3130,22,Tier 1,2024-11-23,1,0,0
U3131,21,Tier 3,2024-06-25,0,1,0
U3132,22,Tier 2,2024-05-24,1,1,1
U3133,23,Tier 3,2024-02-19,1,1,1
U3134,19,Tier 1,2024-10-07,1,1,1
U3135,16,Tier 2,2024-10-08,0,1,0
U3136,19,Tier 1,2024-07-30,0,0,0
U3137,21,Tier 1,2024-06-17,0,0,1
U3138,21,Tier 3,2024-09-30,1,0,0
U3139,19,Tier 2,2024-05-01,0,1,1
U3140,14,Tier 1,2024-09-15,1,0,0
U3141,17,Tier 1,2024-11-09,0,1,1
U3142,23,Tier 2,2024-02-24,1,1,1
U3143,19,Tier 2,2024-08-18,1,0,0
U3144,19,Tier 1,2024-05-30,1,1,0
U3145,16,Tier 3,2024-02-03,1,1,0
U3146,17,Tier 1,2024-02-04,0,1,0
U3147,23,Tier 1,2024-11-04,0,0,1
U3148,20,Tier 3,2024-06-17,1,1,0
U3149,21,Tier 1,2024-12-25,0,1,0
U3150,18,Tier 1,2024-02-06,0,1,0
U3151,20,Tier 2,2024-03-19,1,0,0
U3152,16,Tier 3,2024-12-01,1,0,0
U3153,20,Tier 1,2024-08-28,1,1,0
U3154,18,Tier 3,2024-09-13,1,1,0
U3155,18,Tier 3,2024-02-07,1,1,0
U3156,20,Tier 1,2024-07-30,1,1,0
U3157,23,Tier 2,2024-11-24,1,0,0
U3158,14,Tier 1,2024-08-29,1,1,0
U3159,22,Tier 2,2024-03-01,0,1,1
U3160,17,Tier 3,2024-08-18,1,0,1
U3161,18,Tier 3,2024-09-18,1,1,0
U3162,13,Tier 1,2024-12-15,1,0,1
U3163,17,Tier 2,2024-09-12,1,0,0
U3164,18,Tier 2,2024-08-30,1,0,0
U3165,14,Tier 1,2024-11-25,1,1,0
U3166,18,Tier 1,2024-04-29,1,1,0
U3167,23,Tier 1,2024-12-04,1,0,0
U3168,14,Tier 2,2024-09-07,1,1,0
U3169,21,Tier 2,2024-11-09,1,1,1
U3170,18,Tier 1,2024-05-31,0,1,0
U3171,20,Tier 3,2024-02-07,1,1,0
U3172,16,Tier 3,2024-05-18,1,0,1
U3173,15,Tier 2,2024-08-17,1,1,0
U3174,15,Tier 1,2024-12-10,0,1,0
U3175,14,Tier 2,2024-05-05,1,0,0
U3176,15,Tier 1,2024-03-02,0,0,1
U3177,20,Tier 1,2024-10-18,0,1,0
U3178,23,Tier 2,2024-12-11,1,1,1
U3179,22,Tier 1,2024-02-29,1,1,0
U3180,20,Tier 1,2024-04-25,1,1,0
U3181,14,Tier 1,2024-03-18,1,0,0
U3182,16,Tier 1,2024-05-24,1,1,0
U3183,17,Tier 1,2024-06-23,1,1,1
U3184,16,Tier 3,2024-08-14,1,1,1
U3185,19,Tier 1,2024-07-21,1,1,1
U3186,19,Tier 1,2024-05-13,0,1,0
U3187,17,Tier 1,2024-06-12,1,1,0
U3188,17,Tier 3,2024-06-15,0,0,1
U3189,22,Tier 2,2024-06-02,0,1,1
U3190,21,Tier 1,2024-03-11,0,0,0
U3191,17,Tier 3,2024-07-25,0,1,0
U3192,23,Tier 1,2024-01-20,1,1,1
U3193,24,Tier 1,2024-08-10,1,1,1
U3194,17,Tier 1,2024-01-08,1,1,1
U3195,17,Tier 1,2024-11-28,1,1,1
U3196,18,Tier 1,2024-09-07,0,1,1
U3197,24,Tier 2,2024-05-07,0,0,1
U3198,22,Tier 1,2024-10-08,1,0,0
U3199,14,Tier 2,2024-01-21,1,1,0
U3200,18,Tier 1,2024-04-13,1,1,1
U3201,19,Tier 1,2024-03-31,1,0,0
U3202,18,Tier 2,2024-08-03,1,1,0
U3203,15,Tier 3,2024-06-23,1,0,0
U3204,22,Tier 1,2024-11-24,0,0,1
U3205,20,Tier 2,2024-01-09,1,1,0
U3206,22,Tier 1,2024-12-27,0,1,0
U3207,22,Tier 1,2024-03-13,1,1,1
U3208,21,Tier 1,2024-02-03,0,0,0
U3209,18,Tier 1,2024-12-11,1,1,0
U3210,19,Tier 1,2024-07-13,0,0,0
U3211,15,Tier 1,2024-10-12,0,1,1
U3212,20,Tier 3,2024-08-31,1,1,1
U3213,15,Tier 1,2024-07-31,1,1,0
U3214,20,Tier 2,2024-08-31,0,1,1
U3215,16,Tier 1,2024-01-12,1,1,0
U3216,14,Tier 2,2024-09-19,1,1,1
U3217,15,Tier 2,2024-07-20,1,1,0
U3218,13,Tier 1,2024-06-02,0,1,0
U3219,20,Tier 1,2024-10-15,0,1,1
U3220,21,Tier 2,2024-08-04,1,0,0
U3221,19,Tier 3,2024-01-29,1,1,0
U3222,15,Tier 1,2024-10-29,0,1,1
U3223,14,Tier 1,2024-08-18,0,0,1
U3224,13,Tier 3,2024-10-28,0,0,1
U3225,15,Tier 1,2024-02-20,1,1,1
U3226,23,Tier 2,2024-05-23,1,1,0
U3227,16,Tier 1,2024-05-10,1,0,0
U3228,17,Tier 1,2024-10-19,0,0,1
U3229,14,Tier 2,2024-04-10,1,0,1
U3230,16,Tier 2,2024-02-08,1,1,1
U3231,19,Tier 1,2024-10-30,1,1,0
U3232,19,Tier 2,2024-11-12,1,1,1
U3233,16,Tier 3,2024-08-16,0,0,0
U3234,14,Tier 2,2024-02-24,1,1,1
U3235,18,Tier 1,2024-10-25,0,1,0
U3236,16,Tier 2,2024-10-19,0,0,1
U3237,16,Tier 2,2024-03-12,1,1,0
U3238,24,Tier 3,2024-05-21,0,1,0
U3239,19,Tier 2,2024-09-05,0,1,0
U3240,19,Tier 1,2024-11-13,0,1,0
U3241,18,Tier 2,2024-07-15,1,1,0
U3242,18,Tier 2,2024-03-16,1,1,0
U3243,19,Tier 1,2024-06-29,1,1,0
U3244,20,Tier 2,2024-12-09,0,1,0
U3245,20,Tier 1,2024-07-12,0,1,0
U3246,15,Tier 2,2024-02-06,0,1,0
U3247,18,Tier 1,2024-01-29,1,1,1
U3248,18,Tier 2,2024-02-01,1,1,0
U3249,22,Tier 3,2024-03-02,1,1,0
U3250,20,Tier 3,2024-03-27,1,1,1
U3251,19,Tier 3,2024-12-23,0,1,0
U3252,14,Tier 3,2024-09-19,1,1,1
U3253,19,Tier 1,2024-05-13,1,1,0
U3254,14,Tier 2,2024-08-02,1,1,0
U3255,17,Tier 2,2024-06-26,1,0,1
U3256,15,Tier 3,2024-03-13,1,1,0
U3257,20,Tier 1,2024-08-08,1,1,1
U3258,16,Tier 3,2024-05-26,1,1,1
U3259,18,Tier 2,2024-07-09,1,0,1
U3260,23,Tier 3,2024-06-03,1,1,0
U3261,16,Tier 1,2024-10-25,0,1,0
U3262,18,Tier 1,2024-10-15,1,1,1
U3263,18,Tier 3,2024-07-18,0,1,0
U3264,13,Tier 1,2024-01-03,0,0,1
U3265,21,Tier 3,2024-05-07,1,1,0
U3266,14,Tier 1,2024-08-12,0,0,1
U3267,18,Tier 2,2024-10-27,1,1,1
U3268,19,Tier 1,2024-12-21,0,1,1
U3269,20,Tier 2,2024-04-14,0,1,0
U3270,20,Tier 2,2024-05-25,0,1,0
U3271,16,Tier 1,2024-12-05,1,1,0
U3272,13,Tier 1,2024-03-27,1,1,1
U3273,21,Tier 1,2024-05-09,1,1,0
U3274,19,Tier 2,2024-06-19,1,0,0
U3275,22,Tier 2,2024-11-12,0,1,1
U3276,22,Tier 2,2024-10-04,1,1,1
U3277,22,Tier 2,2024-03-24,1,1,1
U3278,18,Tier 2,2024-05-24,0,1,0
U3279,17,Tier 1,2024-10-23,1,1,0
U3280,21,Tier 1,2024-07-25,0,0,0
U3281,18,Tier 1,2024-03-28,0,0,1
U3282,15,Tier 3,2024-05-08,1,1,1
U3283,22,Tier 3,2024-01-17,1,1,0
U3284,23,Tier 1,2024-03-09,1,1,1
U3285,18,Tier 2,2024-08-09,1,0,0
U3286,14,Tier 3,2024-07-17,0,1,0
U3287,17,Tier 2,2024-05-09,0,1,1
U3288,21,Tier 1,2024-12-22,1,0,0
U3289,23,Tier 1,2024-08-09,1,0,0
U3290,16,Tier 2,2024-05-23,1,1,0
U3291,14,Tier 3,2024-08-10,1,0,0
U3292,22,Tier 2,2024-01-23,1,1,1
U3293,17,Tier 1,2024-04-16,1,1,0
U3294,19,Tier 1,2024-07-12,1,1,0
U3295,24,Tier 3,2024-11-18,1,0,0
U3296,14,Tier 3,2024-03-22,1,1,0
U3297,20,Tier 2,2024-03-20,0,1,0
U3298,14,Tier 2,2024-02-14,0,0,1
U3299,17,Tier 1,2024-08-27,1,1,1
U3300,21,Tier 3,2024-08-13,1,0,1
U3301,18,Tier 3,2024-01-16,1,1,1
U3302,25,Tier 1,2024-05-05,1,1,1
U3303,19,Tier 2,2024-10-24,1,1,1
U3304,17,Tier 1,2024-10-06,0,0,0
U3305,16,Tier 1,2024-08-17,1,1,0
U3306,17,Tier 1,2024-04-13,1,1,0
U3307,17,Tier 1,2024-06-21,1,1,0
U3308,14,Tier 1,2024-10-07,0,0,1
U3309,17,Tier 2,2024-12-11,0,1,0
U3310,18,Tier 2,2024-07-27,1,1,0
U3311,21,Tier 2,2024-03-20,1,1,1
U3312,20,Tier 1,2024-10-24,1,0,0
U3313,20,Tier 1,2024-07-31,1,1,1
U3314,13,Tier 2,2024-12-12,1,1,1
U3315,16,Tier 1,2024-10-23,1,0,1
U3316,20,Tier 1,2024-11-09,1,0,0
U3317,18,Tier 3,2024-01-20,1,1,0
U3318,13,Tier 2,2024-05-19,1,0,0
U3319,21,Tier 3,2024-03-18,0,1,0
U3320,21,Tier 2,2024-08-26,1,1,1
U3321,19,Tier 1,2024-01-13,0,1,0
U3322,14,Tier 2,2024-08-23,1,1,0
U3323,21,Tier 1,2024-01-27,1,0,1
U3324,19,Tier 2,2024-02-17,1,1,0
U3325,21,Tier 1,2024-07-01,0,1,1
U3326,21,Tier 3,2024-08-11,1,1,1
U3327,21,Tier 1,2024-07-30,1,1,0
U3328,19,Tier 3,2024-01-29,1,1,0
U3329,15,Tier 3,2024-06-19,1,1,0
U3330,20,Tier 2,2024-03-11,0,1,0
U3331,20,Tier 2,2024-08-30,1,0,1
U3332,21,Tier 2,2024-04-04,1,1,0
U3333,15,Tier 3,2024-03-19,1,1,0
U3334,15,Tier 2,2024-02-24,0,1,0
U3335,23,Tier 3,2024-09-16,1,1,0
U3336,21,Tier 2,2024-10-15,0,0,0
U3337,23,Tier 3,2024-05-15,0,0,0
U3338,21,Tier 2,2024-07-05,1,1,0
U3339,19,Tier 2,2024-04-18,1,1,0
U3340,20,Tier 3,2024-11-04,1,1,0
U3341,23,Tier 3,2024-06-16,0,1,1
U3342,19,Tier 2,2024-05-19,1,1,0
U3343,20,Tier 1,2024-11-28,1,0,0
U3344,15,Tier 2,2024-01-17,0,0,0
U3345,18,Tier 3,2024-11-12,1,1,0
U3346,20,Tier 3,2024-04-05,1,0,1
U3347,16,Tier 3,2024-12-16,1,0,1
U3348,16,Tier 1,2024-11-20,1,0,1
U3349,17,Tier 2,2024-08-08,1,0,1
U3350,16,Tier 2,2024-05-12,1,1,0
U3351,16,Tier 3,2024-06-29,0,1,1
U3352,18,Tier 1,2024-07-20,1,0,0
U3353,23,Tier 3,2024-09-23,0,0,0
U3354,18,Tier 2,2024-03-28,1,0,1
U3355,15,Tier 1,2024-11-25,1,1,1
U3356,14,Tier 1,2024-10-28,0,1,0
U3357,20,Tier 1,2024-04-07,1,1,1
U3358,17,Tier 2,2024-02-05,0,1,1
U3359,22,Tier 1,2024-06-25,0,1,0
U3360,20,Tier 1,2024-07-18,1,1,0
U3361,21,Tier 3,2024-04-30,1,1,0
U3362,16,Tier 1,2024-03-28,1,1,1
U3363,20,Tier 1,2024-03-12,1,1,1
U3364,16,Tier 2,2024-09-12,1,1,0
U3365,23,Tier 2,2024-02-02,1,1,0
U3366,20,Tier 3,2024-08-17,1,1,0
U3367,17,Tier 2,2024-10-07,1,0,1
U3368,16,Tier 3,2024-01-03,0,1,1
U3369,15,Tier 2,2024-05-15,0,1,1
U3370,20,Tier 1,2024-10-16,1,0,0
U3371,16,Tier 1,2024-01-02,0,1,1
U3372,19,Tier 2,2024-07-13,1,0,0
U3373,16,Tier 1,2024-02-23,1,1,1
U3374,20,Tier 2,2024-09-22,1,0,0
U3375,22,Tier 2,2024-03-21,1,1,1
U3376,21,Tier 1,2024-06-19,1,0,0
U3377,21,Tier 1,2024-11-03,0,0,1
U3378,15,Tier 1,2024-05-01,0,1,0
U3379,14,Tier 2,2024-05-05,1,1,0
U3380,20,Tier 2,2024-08-07,0,1,1
U3381,17,Tier 2,2024-10-13,1,1,0
U3382,18,Tier 1,2024-02-05,1,1,0
U3383,13,Tier 2,2024-04-07,0,0,0
U3384,16,Tier 3,2024-06-14,1,1,0
U3385,13,Tier 1,2024-04-28,1,1,0
U3386,22,Tier 2,2024-09-29,1,0,1
U3387,16,Tier 3,2024-06-23,1,1,1
U3388,19,Tier 1,2024-10-05,1,1,0
U3389,13,Tier 2,2024-01-14,1,0,0
U3390,20,Tier 1,2024-12-02,1,0,1
U3391,17,Tier 2,2024-01-13,1,1,0
U3392,23,Tier 1,2024-02-25,1,0,1
U3393,23,Tier 3,2024-04-21,1,1,0
U3394,17,Tier 2,2024-12-12,0,1,0
U3395,23,Tier 3,2024-09-17,1,1,0
U3396,25,Tier 2,2024-08-13,1,1,1
U3397,22,Tier 2,2024-05-31,1,1,0
U3398,22,Tier 2,2024-01-20,1,1,0
U3399,16,Tier 3,2024-05-28,1,0,0
U3400,19,Tier 3,2024-12-17,1,1,1
U3401,14,Tier 2,2024-06-01,0,0,0
U3402,14,Tier 3,2024-02-02,0,1,0
U3403,25,Tier 2,2024-10-05,1,0,0
U3404,17,Tier 2,2024-06-01,1,1,0
U3405,21,Tier 2,2024-10-16,1,1,0
U3406,21,Tier 1,2024-12-28,1,1,1
U3407,22,Tier 1,2024-08-24,1,0,0
U3408,25,Tier 1,2024-09-10,0,0,0
U3409,16,Tier 2,2024-12-15,1,1,1
U3410,13,Tier 1,2024-03-01,0,1,0
U3411,18,Tier 2,2024-04-30,1,1,1
U3412,15,Tier 3,2024-10-18,1,0,1
U3413,13,Tier 1,2024-12-02,1,0,0
U3414,17,Tier 2,2024-03-01,1,0,0
U3415,21,Tier 1,2024-07-25,0,0,0
U3416,19,Tier 1,2024-05-07,1,0,0
U3417,17,Tier 3,2024-09-02,1,1,0
U3418,20,Tier 2,2024-03-08,0,0,0
U3419,16,Tier 3,2024-06-27,0,0,0
U3420,13,Tier 1,2024-06-19,0,0,0
U3421,21,Tier 2,2024-01-14,0,1,0
U3422,20,Tier 1,2024-01-27,1,1,1
U3423,21,Tier 1,2024-02-29,0,1,0
U3424,13,Tier 1,2024-09-08,0,1,0
U3425,22,Tier 1,2024-06-18,0,1,0
U3426,19,Tier 1,2024-12-04,0,1,0
U3427,19,Tier 1,2024-11-17,1,1,1
U3428,20,Tier 3,2024-08-04,0,1,0
U3429,22,Tier 1,2024-05-24,1,1,1
U3430,19,Tier 1,2024-01-21,1,1,1
U3431,19,Tier 1,2024-08-21,1,0,0
U3432,25,Tier 2,2024-12-04,0,0,0
U3433,21,Tier 1,2024-05-12,1,1,0
U3434,18,Tier 3,2024-01-03,1,0,1
U3435,20,Tier 3,2024-06-11,1,0,0
U3436,17,Tier 1,2024-12-12,0,1,0
U3437,16,Tier 2,2024-08-12,1,1,1
U3438,19,Tier 1,2024-07-16,0,1,1
U3439,23,Tier 2,2024-07-22,0,1,1
U3440,23,Tier 2,2024-01-18,1,0,0
U3441,17,Tier 1,2024-09-28,1,1,0
U3442,19,Tier 1,2024-09-19,0,1,0
U3443,16,Tier 2,2024-04-30,0,0,0
U3444,25,Tier 2,2024-11-13,0,1,0
U3445,25,Tier 1,2024-02-27,1,0,0
U3446,20,Tier 2,2024-09-30,0,1,0
U3447,21,Tier 2,2024-02-06,1,1,0
U3448,20,Tier 3,2024-03-06,1,1,0
U3449,19,Tier 1,2024-06-30,0,1,0
U3450,14,Tier 3,2024-04-11,1,1,1
U3451,18,Tier 2,2024-04-03,0,1,1
U3452,20,Tier 1,2024-01-16,1,1,0
U3453,20,Tier 2,2024-12-01,0,1,1
U3454,17,Tier 2,2024-01-04,1,1,0
U3455,24,Tier 3,2024-01-22,1,0,0
U3456,15,Tier 1,2024-10-16,0,1,1
U3457,18,Tier 2,2024-09-12,1,1,0
U3458,20,Tier 1,2024-04-01,1,1,0
U3459,20,Tier 3,2024-04-09,0,1,1
U3460,20,Tier 1,2024-07-25,1,1,0
U3461,16,Tier 3,2024-10-13,0,1,0
U3462,15,Tier 3,2024-04-12,1,0,1
U3463,20,Tier 1,2024-06-22,1,1,1
U3464,19,Tier 3,2024-01-10,0,1,1
U3465,15,Tier 3,2024-02-22,0,1,1
U3466,20,Tier 1,2024-07-27,1,0,1
U3467,18,Tier 2,2024-03-22,1,1,0
U3468,20,Tier 2,2024-11-03,0,1,1
U3469,22,Tier 1,2024-12-05,1,1,0
U3470,15,Tier 1,2024-05-03,1,1,1
U3471,13,Tier 1,2024-05-18,1,1,0
U3472,21,Tier 1,2024-12-12,1,0,0
U3473,19,Tier 2,2024-12-16,1,1,0
U3474,20,Tier 1,2024-05-30,1,1,0
U3475,22,Tier 3,2024-12-27,1,0,1
U3476,21,Tier 2,2024-06-08,1,1,0
U3477,24,Tier 1,2024-10-20,1,1,1
U3478,19,Tier 2,2024-06-01,0,1,1
U3479,18,Tier 2,2024-09-11,1,1,0
U3480,18,Tier 3,2024-05-20,0,1,0
U3481,15,Tier 1,2024-10-31,0,1,1
U3482,19,Tier 1,2024-04-19,1,0,0
U3483,16,Tier 3,2024-03-03,1,0,0
U3484,23,Tier 3,2024-05-01,1,0,0
U3485,19,Tier 2,2024-11-11,0,1,1
U3486,19,Tier 3,2024-09-25,0,1,1
U3487,17,Tier 1,2024-07-15,1,1,0
U3488,14,Tier 2,2024-02-27,0,1,1
U3489,13,Tier 1,2024-06-07,1,0,0
U3490,18,Tier 1,2024-09-08,1,1,0
U3491,14,Tier 3,2024-10-10,0,0,0
U3492,19,Tier 1,2024-04-28,1,1,0
U3493,23,Tier 2,2024-12-18,1,1,0
U3494,23,Tier 3,2024-10-09,1,1,0
U3495,20,Tier 1,2024-02-11,0,1,0
U3496,16,Tier 3,2024-11-15,1,0,1
U3497,22,Tier 3,2024-12-04,0,0,0
U3498,23,Tier 2,2024-05-09,1,1,0
U3499,15,Tier 1,2024-04-19,1,1,0
U3500,21,Tier 1,2024-10-23,0,1,0
U3501,16,Tier 2,2024-12-20,1,1,0
U3502,21,Tier 1,2024-07-28,0,1,0
U3503,25,Tier 1,2024-03-03,1,0,0
U3504,13,Tier 3,2024-10-12,1,1,0
U3505,23,Tier 1,2024-07-07,1,1,1
U3506,20,Tier 2,2024-12-26,0,0,1
U3507,24,Tier 1,2024-06-22,1,1,0
U3508,18,Tier 2,2024-02-28,0,1,0
U3509,22,Tier 3,2024-06-10,1,1,0
U3510,14,Tier 1,2024-07-11,1,1,1
U3511,17,Tier 1,2024-10-22,1,1,1
U3512,14,Tier 2,2024-01-03,0,1,1
U3513,24,Tier 2,2024-04-24,0,0,0
U3514,22,Tier 2,2024-01-18,0,0,1
U3515,22,Tier 1,2024-11-09,1,0,1
U3516,23,Tier 1,2024-10-27,1,1,0
U3517,14,Tier 3,2024-11-23,1,0,0
U3518,17,Tier 3,2024-10-06,0,1,1
U3519,14,Tier 2,2024-01-22,1,1,0
U3520,16,Tier 3,2024-01-08,1,1,0
U3521,16,Tier 2,2024-10-04,1,1,0
U3522,18,Tier 2,2024-08-05,1,1,0
U3523,16,Tier 1,2024-12-11,1,1,0
U3524,14,Tier 2,2024-05-22,0,0,1
U3525,15,Tier 2,2024-10-29,1,1,1
U3526,15,Tier 1,2024-08-30,0,0,0
U3527,24,Tier 2,2024-10-05,0,1,0
U3528,21,Tier 3,2024-12-03,1,1,0
U3529,24,Tier 2,2024-03-11,1,1,1
U3530,18,Tier 2,2024-10-01,1,1,0
U3531,16,Tier 3,2024-10-05,0,1,1
U3532,21,Tier 1,2024-08-24,1,1,0
U3533,17,Tier 2,2024-11-23,1,1,1
U3534,17,Tier 3,2024-03-31,1,1,0
U3535,16,Tier 2,2024-07-04,1,0,1
U3536,15,Tier 1,2024-07-25,1,1,1
U3537,16,Tier 1,2024-09-03,1,1,1
U3538,17,Tier 3,2024-02-29,0,0,0
U3539,20,Tier 2,2024-08-14,0,1,1
U3540,14,Tier 3,2024-02-11,1,0,0
U3541,16,Tier 2,2024-03-03,1,0,0
U3542,21,Tier 2,2024-11-27,0,0,0
U3543,15,Tier 3,2024-02-20,1,1,1
U3544,17,Tier 2,2024-06-12,0,1,0
U3545,22,Tier 1,2024-01-19,1,1,0
U3546,15,Tier 2,2024-02-16,0,1,0
U3547,14,Tier 3,2024-04-17,1,1,0
U3548,18,Tier 1,2024-06-25,1,1,0
U3549,17,Tier 1,2024-04-28,0,0,0
U3550,19,Tier 1,2024-12-19,1,1,0
U3551,21,Tier 3,2024-09-24,1,0,0
U3552,15,Tier 1,2024-02-08,1,0,1
U3553,19,Tier 2,2024-04-07,0,1,1
U3554,18,Tier 2,2024-01-14,1,1,1
U3555,15,Tier 2,2024-01-15,0,1,1
U3556,20,Tier 2,2024-06-04,1,0,0
U3557,16,Tier 1,2024-07-26,1,1,0
U3558,18,Tier 2,2024-02-15,0,1,1
U3559,14,Tier 3,2024-04-13,1,1,0
U3560,18,Tier 3,2024-01-17,1,0,1
U3561,17,Tier 1,2024-09-11,1,0,0
U3562,22,Tier 3,2024-11-29,1,1,0
U3563,14,Tier 2,2024-10-15,1,1,1
U3564,18,Tier 3,2024-12-11,1,1,0
U3565,18,Tier 2,2024-01-01,1,1,1
U3566,21,Tier 2,2024-03-27,1,0,0
U3567,19,Tier 3,2024-09-14,1,0,0
U3568,20,Tier 3,2024-07-13,1,0,1
U3569,21,Tier 2,2024-06-18,0,1,0
U3570,22,Tier 1,2024-12-12,0,1,1
U3571,17,Tier 1,2024-10-18,1,1,1
U3572,19,Tier 1,2024-07-11,1,1,0
U3573,22,Tier 1,2024-09-12,0,1,0
U3574,25,Tier 1,2024-12-18,1,0,0
U3575,23,Tier 3,2024-03-12,1,1,0
U3576,17,Tier 1,2024-01-18,0,0,0
U3577,15,Tier 2,2024-01-29,1,1,1
U3578,18,Tier 1,2024-02-16,1,1,0
U3579,21,Tier 1,2024-03-14,0,1,0
U3580,18,Tier 1,2024-10-15,0,1,0
U3581,18,Tier 1,2024-01-09,1,1,1
U3582,22,Tier 3,2024-01-10,1,0,0
U3583,17,Tier 3,2024-09-29,1,1,0
U3584,22,Tier 1,2024-09-14,0,0,0
U3585,18,Tier 2,2024-07-03,1,0,0
U3586,17,Tier 2,2024-01-21,1,1,1
U3587,18,Tier 3,2024-06-09,0,0,0
U3588,21,Tier 3,2024-02-23,1,1,0
U3589,15,Tier 2,2024-06-23,1,0,0
U3590,15,Tier 2,2024-08-24,1,1,1
U3591,24,Tier 3,2024-02-22,1,1,0
U3592,15,Tier 1,2024-11-18,1,1,0
U3593,19,Tier 2,2024-10-21,0,1,1
U3594,19,Tier 3,2024-09-05,0,0,1
U3595,18,Tier 2,2024-09-10,1,0,0
U3596,20,Tier 2,2024-08-23,1,0,0
U3597,16,Tier 2,2024-11-05,1,1,1
U3598,19,Tier 1,2024-06-05,1,1,1
U3599,17,Tier 2,2024-05-22,1,1,1
U3600,20,Tier 2,2024-04-20,0,1,1
U3601,15,Tier 2,2024-06-17,1,1,0
U3602,19,Tier 2,2024-06-14,1,1,1
U3603,15,Tier 3,2024-02-11,1,1,1
U3604,16,Tier 1,2024-12-25,1,1,0
U3605,16,Tier 2,2024-09-13,1,1,1
U3606,15,Tier 2,2024-12-30,1,1,0
U3607,22,Tier 2,2024-01-02,1,0,0
U3608,16,Tier 1,2024-01-01,0,1,0
U3609,23,Tier 2,2024-02-19,1,0,0
U3610,24,Tier 3,2024-03-22,1,1,0
U3611,19,Tier 2,2024-02-23,1,0,1
U3612,15,Tier 3,2024-10-14,0,1,0
U3613,17,Tier 3,2024-04-29,1,1,0
U3614,21,Tier 1,2024-12-24,1,1,1
U3615,17,Tier 1,2024-08-04,1,0,0
U3616,14,Tier 3,2024-01-26,0,1,0
U3617,19,Tier 3,2024-06-12,1,1,1
U3618,22,Tier 1,2024-02-11,1,0,0
U3619,21,Tier 1,2024-07-09,1,1,0
U3620,15,Tier 1,2024-05-08,1,1,0
U3621,20,Tier 3,2024-10-31,1,1,0
U3622,16,Tier 1,2024-01-21,1,1,0
U3623,16,Tier 2,2024-09-15,0,1,1
U3624,22,Tier 3,2024-02-19,1,1,1
U3625,16,Tier 1,2024-07-27,1,0,1
U3626,16,Tier 2,2024-08-19,1,0,0
U3627,13,Tier 1,2024-07-10,1,1,0
U3628,22,Tier 3,2024-12-09,1,1,0
U3629,21,Tier 1,2024-07-12,0,0,0
U3630,20,Tier 2,2024-05-28,0,0,0
U3631,21,Tier 2,2024-08-27,1,0,0
U3632,15,Tier 1,2024-10-07,1,1,1
U3633,18,Tier 1,2024-04-13,1,0,0
U3634,17,Tier 2,2024-09-18,0,0,0
U3635,14,Tier 1,2024-07-10,0,1,0
U3636,18,Tier 3,2024-10-09,0,1,1
U3637,23,Tier 3,2024-05-26,0,1,0
U3638,13,Tier 2,2024-09-13,1,1,0
U3639,17,Tier 2,2024-11-29,1,0,1
U3640,16,Tier 2,2024-01-28,0,0,1
U3641,16,Tier 3,2024-12-11,1,0,1
U3642,23,Tier 2,2024-07-16,1,0,0
U3643,18,Tier 1,2024-06-26,1,1,1
U3644,18,Tier 1,2024-12-10,1,1,0
U3645,21,Tier 2,2024-06-04,1,0,0
U3646,15,Tier 2,2024-04-13,1,1,0
U3647,18,Tier 2,2024-05-14,0,1,0
U3648,18,Tier 1,2024-07-17,1,1,1
U3649,19,Tier 2,2024-02-18,1,1,0
U3650,25,Tier 1,2024-10-09,0,1,1
U3651,21,Tier 1,2024-09-26,1,1,0
U3652,18,Tier 2,2024-08-09,1,1,1
U3653,22,Tier 1,2024-03-17,1,0,0
U3654,15,Tier 2,2024-07-25,1,0,0
U3655,13,Tier 1,2024-02-25,1,0,0
U3656,16,Tier 2,2024-03-01,0,1,0
U3657,17,Tier 2,2024-07-03,1,0,1
U3658,19,Tier 1,2024-12-16,1,0,1
U3659,19,Tier 1,2024-09-08,1,1,0
U3660,23,Tier 3,2024-03-19,1,0,0
U3661,18,Tier 2,2024-01-24,0,1,0
U3662,18,Tier 2,2024-10-15,1,0,1
U3663,14,Tier 1,2024-09-06,1,1,0
U3664,13,Tier 2,2024-02-09,0,1,0
U3665,19,Tier 2,2024-05-26,1,1,0
U3666,18,Tier 2,2024-06-15,0,1,0
U3667,22,Tier 2,2024-02-17,1,1,0
U3668,15,Tier 1,2024-03-25,1,0,1
U3669,13,Tier 1,2024-09-24,0,0,1
U3670,18,Tier 3,2024-05-04,0,0,0
U3671,16,Tier 3,2024-07-21,1,1,0
U3672,13,Tier 1,2024-09-06,1,0,0
U3673,21,Tier 2,2024-09-19,1,1,0
U3674,14,Tier 1,2024-07-22,1,0,0
U3675,19,Tier 1,2024-04-23,0,1,0
U3676,16,Tier 1,2024-07-02,1,1,0
U3677,15,Tier 1,2024-07-29,1,0,1
U3678,17,Tier 2,2024-12-11,0,0,0
U3679,21,Tier 2,2024-08-04,1,1,0
U3680,18,Tier 1,2024-11-29,1,0,1
U3681,21,Tier 1,2024-12-03,0,1,0
U3682,15,Tier 3,2024-12-15,0,0,0
U3683,21,Tier 1,2024-08-21,0,1,0
U3684,16,Tier 2,2024-08-03,1,1,1
U3685,20,Tier 1,2024-12-13,0,1,1
U3686,19,Tier 2,2024-10-04,1,1,1
U3687,23,Tier 1,2024-07-26,1,0,1
U3688,17,Tier 1,2024-06-13,0,1,0
U3689,14,Tier 1,2024-06-16,1,1,1
U3690,13,Tier 1,2024-11-06,0,1,0
U3691,22,Tier 2,2024-06-20,1,1,1
U3692,19,Tier 2,2024-11-20,1,0,1
U3693,21,Tier 1,2024-01-03,0,1,0
U3694,16,Tier 1,2024-05-27,1,1,0
U3695,17,Tier 2,2024-11-08,1,1,0
U3696,13,Tier 2,2024-04-25,1,1,0
U3697,24,Tier 3,2024-02-03,0,0,0
U3698,20,Tier 2,2024-02-15,1,1,0
U3699,23,Tier 2,2024-03-13,1,1,0
U3700,16,Tier 2,2024-04-11,1,0,1
U3701,19,Tier 3,2024-08-18,0,1,0
U3702,20,Tier 3,2024-07-11,0,0,1
U3703,17,Tier 1,2024-06-18,0,1,0
U3704,22,Tier 1,2024-11-28,1,0,1
U3705,24,Tier 1,2024-02-03,1,1,0
U3706,23,Tier 2,2024-04-22,1,1,0
U3707,21,Tier 2,2024-07-31,1,1,1
U3708,16,Tier 2,2024-10-20,1,0,0
U3709,16,Tier 1,2024-03-01,0,0,1
U3710,24,Tier 2,2024-03-20,0,1,1
U3711,13,Tier 3,2024-03-08,1,0,0
U3712,20,Tier 1,2024-12-24,1,1,0
U3713,20,Tier 2,2024-07-19,0,0,0
U3714,20,Tier 2,2024-09-06,1,0,0
U3715,25,Tier 3,2024-07-29,1,1,0
U3716,17,Tier 3,2024-06-24,1,0,0
U3717,17,Tier 2,2024-07-14,1,1,0
U3718,14,Tier 2,2024-03-26,0,1,1
U3719,18,Tier 3,2024-05-20,1,1,1
U3720,16,Tier 2,2024-03-02,1,0,1
U3721,17,Tier 1,2024-10-18,1,0,0
U3722,22,Tier 3,2024-05-08,0,0,1
U3723,23,Tier 1,2024-05-04,1,0,1
U3724,15,Tier 1,2024-06-27,1,0,0
U3725,17,Tier 3,2024-11-26,0,1,1
U3726,23,Tier 2,2024-06-21,0,1,0
U3727,14,Tier 2,2024-06-13,0,1,1
U3728,14,Tier 1,2024-10-01,0,1,1
U3729,15,Tier 1,2024-03-28,1,1,1
U3730,19,Tier 1,2024-03-26,1,1,0
U3731,15,Tier 1,2024-08-25,1,0,0
U3732,24,Tier 2,2024-06-06,1,0,1
U3733,18,Tier 1,2024-06-22,0,1,1
U3734,18,Tier 2,2024-11-30,0,0,0
U3735,16,Tier 1,2024-12-27,0,1,0
U3736,18,Tier 3,2024-04-04,1,0,0
U3737,20,Tier 1,2024-08-05,0,1,0
U3738,21,Tier 1,2024-09-05,0,1,0
U3739,21,Tier 1,2024-04-04,1,0,0
U3740,19,Tier 2,2024-05-13,0,1,0
U3741,23,Tier 2,2024-02-19,1,1,0
U3742,22,Tier 2,2024-02-06,1,1,1
U3743,21,Tier 2,2024-12-13,0,1,1
U3744,14,Tier 1,2024-10-09,0,0,1
U3745,13,Tier 2,2024-06-09,1,1,1
U3746,16,Tier 2,2024-10-14,1,0,1
U3747,20,Tier 1,2024-10-29,0,1,1
U3748,18,Tier 1,2024-07-02,0,1,0
U3749,18,Tier 1,2024-04-20,0,1,0
U3750,23,Tier 1,2024-05-27,1,0,0
U3751,23,Tier 2,2024-05-12,1,1,0
U3752,23,Tier 1,2024-03-08,1,1,1
U3753,17,Tier 1,2024-01-08,1,1,0
U3754,20,Tier 1,2024-05-06,1,1,0
U3755,16,Tier 3,2024-02-07,1,0,1
U3756,15,Tier 3,2024-10-09,1,1,1
U3757,15,Tier 1,2024-01-20,1,1,1
U3758,17,Tier 1,2024-01-15,0,1,1
U3759,18,Tier 1,2024-10-04,1,1,1
U3760,22,Tier 2,2024-01-31,1,1,1
U3761,14,Tier 1,2024-08-02,1,1,1
U3762,21,Tier 2,2024-05-04,1,1,1
U3763,19,Tier 2,2024-01-30,1,1,0
U3764,16,Tier 3,2024-06-22,0,1,1
U3765,18,Tier 1,2024-07-22,0,0,1
U3766,17,Tier 3,2024-03-14,1,0,0
U3767,19,Tier 3,2024-04-15,1,1,0
U3768,18,Tier 1,2024-11-18,1,1,1
U3769,15,Tier 1,2024-03-08,0,0,0
U3770,14,Tier 1,2024-08-25,1,0,1
U3771,19,Tier 1,2024-03-20,1,1,1
U3772,23,Tier 1,2024-06-21,0,0,1
U3773,17,Tier 2,2024-12-24,0,0,0
U3774,21,Tier 2,2024-06-21,0,1,1
U3775,20,Tier 3,2024-09-09,0,1,0
U3776,23,Tier 1,2024-03-29,0,0,1
U3777,22,Tier 3,2024-10-06,1,1,0
U3778,19,Tier 1,2024-09-12,1,0,1
U3779,20,Tier 3,2024-02-12,0,0,0
U3780,23,Tier 1,2024-08-25,0,0,0
U3781,18,Tier 1,2024-03-23,0,1,0
U3782,17,Tier 3,2024-05-31,1,1,1
U3783,13,Tier 1,2024-10-15,1,1,0
U3784,22,Tier 2,2024-05-01,1,0,0
U3785,21,Tier 2,2024-05-17,1,0,1
U3786,14,Tier 2,2024-01-16,1,1,0
U3787,19,Tier 2,2024-12-30,0,1,0
U3788,18,Tier 2,2024-10-28,1,0,0
U3789,14,Tier 1,2024-01-14,0,0,1
U3790,25,Tier 2,2024-06-18,0,1,0
U3791,16,Tier 3,2024-08-22,1,1,1
U3792,14,Tier 1,2024-12-05,1,0,0
U3793,19,Tier 1,2024-08-21,1,0,0
U3794,21,Tier 2,2024-02-25,0,0,0
U3795,13,Tier 2,2024-05-09,0,1,1
U3796,20,Tier 2,2024-02-21,0,1,0
U3797,19,Tier 1,2024-05-15,0,1,1
U3798,14,Tier 2,2024-02-07,1,0,0
U3799,15,Tier 1,2024-01-04,0,0,0
U3800,19,Tier 2,2024-08-27,0,0,0
U3801,17,Tier 3,2024-03-28,0,1,1
U3802,23,Tier 1,2024-06-15,1,0,1
U3803,22,Tier 2,2024-12-10,0,1,1
U3804,25,Tier 3,2024-11-04,1,1,0
U3805,16,Tier 2,2024-10-12,0,1,1
U3806,24,Tier 3,2024-08-20,1,0,0
U3807,18,Tier 2,2024-10-22,1,0,0
U3808,17,Tier 3,2024-03-19,1,1,1
U3809,14,Tier 1,2024-08-05,1,1,1
U3810,14,Tier 1,2024-11-13,1,0,1
U3811,20,Tier 1,2024-06-29,0,1,1
U3812,18,Tier 2,2024-09-19,1,0,0
U3813,16,Tier 3,2024-09-21,1,1,0
U3814,19,Tier 1,2024-11-07,1,1,0
U3815,16,Tier 2,2024-07-22,1,1,1
U3816,19,Tier 2,2024-02-07,1,1,0
U3817,17,Tier 2,2024-04-27,1,1,1
U3818,22,Tier 1,2024-06-14,1,1,1
U3819,22,Tier 2,2024-02-02,0,1,0
U3820,18,Tier 1,2024-08-09,1,1,0
U3821,17,Tier 1,2024-11-19,1,0,1
U3822,17,Tier 3,2024-10-14,1,1,0
U3823,21,Tier 1,2024-03-10,0,1,0
U3824,17,Tier 1,2024-03-17,1,0,0
U3825,16,Tier 3,2024-08-26,1,1,1
U3826,14,Tier 1,2024-01-24,1,1,0
U3827,18,Tier 2,2024-08-29,1,0,0
U3828,18,Tier 1,2024-07-02,1,0,0
U3829,22,Tier 1,2024-08-31,1,0,0
U3830,16,Tier 1,2024-09-18,1,1,0
U3831,17,Tier 1,2024-09-12,1,0,0
U3832,21,Tier 2,2024-10-13,1,1,1
U3833,22,Tier 2,2024-06-27,0,1,0
U3834,17,Tier 2,2024-12-14,0,0,1
U3835,18,Tier 3,2024-09-15,1,1,1
U3836,17,Tier 1,2024-01-04,1,0,0
U3837,23,Tier 2,2024-10-25,0,1,1
U3838,14,Tier 2,2024-02-17,0,1,0
U3839,23,Tier 3,2024-04-15,1,0,0
U3840,20,Tier 1,2024-11-23,0,1,0
U3841,19,Tier 2,2024-04-27,1,0,0
U3842,13,Tier 3,2024-08-15,1,0,1
U3843,18,Tier 1,2024-02-05,1,0,0
U3844,18,Tier 3,2024-12-23,1,1,0
U3845,15,Tier 1,2024-10-20,1,1,1
U3846,20,Tier 2,2024-04-16,1,0,1
U3847,24,Tier 3,2024-01-02,0,0,1
U3848,19,Tier 2,2024-11-04,1,1,0
U3849,20,Tier 2,2024-04-11,1,0,0
U3850,14,Tier 1,2024-07-09,1,1,1
U3851,18,Tier 3,2024-05-18,1,0,0
U3852,14,Tier 2,2024-01-20,1,1,1
U3853,19,Tier 1,2024-06-13,0,1,0
U3854,23,Tier 2,2024-11-13,1,1,0
U3855,20,Tier 2,2024-04-19,1,1,1
U3856,14,Tier 1,2024-07-27,0,0,0
U3857,17,Tier 1,2024-10-09,1,1,0
U3858,19,Tier 1,2024-10-05,0,0,0
U3859,18,Tier 2,2024-05-25,1,1,1
U3860,22,Tier 2,2024-09-16,1,1,1
U3861,22,Tier 2,2024-07-16,1,1,1
U3862,19,Tier 3,2024-09-04,1,1,0
U3863,17,Tier 3,2024-08-16,1,1,0
U3864,16,Tier 2,2024-04-11,0,1,1
U3865,14,Tier 1,2024-11-09,0,0,0
U3866,17,Tier 2,2024-05-22,0,1,1
U3867,18,Tier 2,2024-08-28,0,1,1
U3868,20,Tier 2,2024-04-27,1,0,0
U3869,20,Tier 2,2024-12-25,1,1,1
U3870,14,Tier 1,2024-10-15,1,1,1
U3871,18,Tier 3,2024-05-27,0,1,1
U3872,15,Tier 1,2024-07-03,1,1,0
U3873,15,Tier 2,2024-02-19,1,1,0
U3874,22,Tier 1,2024-11-26,0,1,0
U3875,13,Tier 3,2024-08-31,1,0,0
U3876,18,Tier 1,2024-11-22,1,0,0
U3877,15,Tier 1,2024-10-26,1,1,1
U3878,22,Tier 1,2024-07-23,1,0,0
U3879,19,Tier 1,2024-01-26,0,1,0
U3880,16,Tier 1,2024-07-05,0,1,0
U3881,18,Tier 2,2024-03-04,1,1,0
U3882,21,Tier 2,2024-03-26,1,1,0
U3883,24,Tier 1,2024-07-20,0,1,1
U3884,16,Tier 1,2024-01-01,1,1,0
U3885,23,Tier 3,2024-03-20,1,0,1
U3886,23,Tier 2,2024-01-02,0,0,0
U3887,23,Tier 2,2024-11-01,0,1,1
U3888,20,Tier 2,2024-06-02,1,0,1
U3889,20,Tier 1,2024-01-06,1,0,0
U3890,18,Tier 1,2024-11-14,0,1,1
U3891,21,Tier 1,2024-11-25,0,1,0
U3892,19,Tier 3,2024-02-07,0,1,0
U3893,20,Tier 3,2024-11-01,1,1,0
U3894,18,Tier 2,2024-01-09,0,1,1
U3895,21,Tier 1,2024-01-31,1,1,1
U3896,22,Tier 1,2024-06-23,0,1,1
U3897,15,Tier 1,2024-02-12,1,1,0
U3898,22,Tier 2,2024-12-07,1,1,0
U3899,19,Tier 1,2024-08-31,0,1,0
U3900,22,Tier 3,2024-10-24,1,1,0
U3901,18,Tier 1,2024-03-13,1,1,0
U3902,17,Tier 3,2024-11-15,0,1,0
U3903,23,Tier 3,2024-12-13,1,0,1
U3904,16,Tier 3,2024-04-04,0,1,1
U3905,22,Tier 2,2024-03-28,1,1,1
U3906,18,Tier 2,2024-12-01,1,1,1
U3907,19,Tier 2,2024-12-01,0,0,0
U3908,17,Tier 2,2024-05-26,1,0,0
U3909,19,Tier 2,2024-03-21,0,1,0
U3910,17,Tier 3,2024-01-15,1,1,0
U3911,13,Tier 2,2024-07-20,0,1,0
U3912,16,Tier 3,2024-02-25,1,1,0
U3913,13,Tier 3,2024-01-05,1,0,1
U3914,24,Tier 1,2024-04-21,0,1,1
U3915,24,Tier 1,2024-08-31,1,1,1
U3916,18,Tier 2,2024-07-11,0,1,1
U3917,21,Tier 2,2024-10-17,0,1,0
U3918,17,Tier 3,2024-06-13,0,0,0
U3919,20,Tier 2,2024-10-13,0,1,1
U3920,21,Tier 2,2024-04-15,1,0,0
U3921,24,Tier 2,2024-06-27,1,1,0
U3922,18,Tier 1,2024-03-24,1,1,1
U3923,21,Tier 2,2024-08-27,1,1,1
U3924,16,Tier 3,2024-11-22,1,1,0
U3925,25,Tier 1,2024-11-23,1,1,0
U3926,13,Tier 2,2024-09-25,1,1,1
U3927,19,Tier 2,2024-10-11,1,0,1
U3928,20,Tier 1,2024-02-15,1,1,1
U3929,20,Tier 1,2024-09-30,0,1,1
U3930,15,Tier 3,2024-07-06,1,1,0
U3931,23,Tier 1,2024-09-21,1,1,1
U3932,15,Tier 1,2024-08-15,0,0,1
U3933,20,Tier 1,2024-01-02,1,1,1
U3934,16,Tier 2,2024-11-15,0,0,0
U3935,17,Tier 2,2024-01-08,1,1,1
U3936,19,Tier 2,2024-05-10,1,0,1
U3937,18,Tier 1,2024-08-01,0,0,0
U3938,15,Tier 3,2024-11-21,0,0,0
U3939,15,Tier 1,2024-10-28,1,1,1
U3940,18,Tier 1,2024-10-29,0,1,1
U3941,21,Tier 2,2024-02-04,1,1,0
U3942,23,Tier 1,2024-03-26,1,1,0
U3943,14,Tier 3,2024-11-07,1,1,1
U3944,18,Tier 3,2024-12-27,1,0,1
U3945,14,Tier 1,2024-03-09,1,1,1
U3946,13,Tier 3,2024-08-06,0,0,0
U3947,20,Tier 3,2024-09-14,1,1,0
U3948,19,Tier 3,2024-02-01,1,0,0
U3949,15,Tier 1,2024-06-26,1,1,0
U3950,16,Tier 2,2024-05-11,0,1,0
U3951,13,Tier 1,2024-10-29,0,0,0
U3952,22,Tier 3,2024-11-21,0,1,0
U3953,24,Tier 1,2024-08-20,0,0,0
U3954,15,Tier 2,2024-09-18,0,1,1
U3955,16,Tier 1,2024-10-26,0,1,0
U3956,22,Tier 1,2024-01-07,0,0,0
U3957,23,Tier 2,2024-12-02,1,1,0
U3958,18,Tier 3,2024-07-01,1,0,1
U3959,14,Tier 2,2024-09-03,1,1,0
U3960,13,Tier 3,2024-01-30,1,0,0
U3961,19,Tier 1,2024-06-26,1,1,0
U3962,18,Tier 2,2024-02-10,1,1,1
U3963,13,Tier 2,2024-06-27,0,1,0
U3964,19,Tier 1,2024-02-20,1,1,1
U3965,13,Tier 2,2024-08-04,0,1,0
U3966,21,Tier 2,2024-11-26,0,1,0
U3967,17,Tier 2,2024-01-08,0,1,1
U3968,13,Tier 2,2024-01-16,0,1,1
U3969,19,Tier 2,2024-10-25,0,1,0
U3970,18,Tier 1,2024-12-26,1,1,1
U3971,24,Tier 1,2024-05-01,1,1,0
U3972,19,Tier 2,2024-11-24,1,1,0
U3973,16,Tier 1,2024-01-14,0,1,1
U3974,20,Tier 1,2024-06-01,0,0,0
U3975,16,Tier 2,2024-12-24,0,1,1
U3976,23,Tier 2,2024-01-19,1,0,0
U3977,17,Tier 1,2024-05-31,1,1,1
U3978,19,Tier 2,2024-11-07,1,0,0
U3979,14,Tier 2,2024-07-23,1,1,0
U3980,18,Tier 1,2024-12-20,1,1,0
U3981,22,Tier 3,2024-10-03,1,0,1
U3982,21,Tier 2,2024-11-02,0,0,1
U3983,16,Tier 2,2024-01-30,1,1,0
U3984,16,Tier 2,2024-11-18,1,1,0
U3985,22,Tier 1,2024-08-26,0,1,1
U3986,23,Tier 2,2024-04-07,1,1,1
U3987,14,Tier 1,2024-11-22,1,0,1
U3988,18,Tier 3,2024-05-13,1,1,0
U3989,17,Tier 3,2024-06-22,1,1,1
U3990,22,Tier 2,2024-10-06,1,1,1
U3991,14,Tier 1,2024-09-07,1,1,1
U3992,16,Tier 1,2024-12-11,1,1,0
U3993,21,Tier 1,2024-06-30,1,0,1
U3994,14,Tier 2,2024-10-09,1,1,0
U3995,18,Tier 1,2024-09-03,0,0,1
U3996,18,Tier 2,2024-05-12,1,1,0
U3997,17,Tier 1,2024-07-24,0,1,0
U3998,18,Tier 3,2024-10-27,1,1,1
U3999,19,Tier 1,2024-12-01,1,1,1
U4000,15,Tier 3,2024-12-02,0,0,0
U4001,19,Tier 3,2024-12-13,1,1,0
U4002,21,Tier 2,2024-12-11,1,1,0
U4003,21,Tier 2,2024-02-13,0,1,1
U4004,15,Tier 2,2024-12-25,1,1,0
U4005,15,Tier 2,2024-01-31,0,0,0
U4006,16,Tier 1,2024-11-15,0,1,0
U4007,17,Tier 1,2024-12-18,1,0,0
U4008,18,Tier 2,2024-04-03,1,1,0
U4009,20,Tier 2,2024-07-25,1,1,1
U4010,14,Tier 2,2024-05-19,0,1,1
U4011,13,Tier 1,2024-06-28,0,0,0
U4012,18,Tier 1,2024-09-16,0,0,0
U4013,20,Tier 1,2024-08-10,1,1,1
U4014,15,Tier 1,2024-10-18,0,1,0
U4015,20,Tier 1,2024-03-20,1,1,0
U4016,16,Tier 1,2024-04-28,1,1,1
U4017,23,Tier 1,2024-03-22,0,1,1
U4018,23,Tier 3,2024-04-05,1,1,0
U4019,17,Tier 1,2024-03-17,0,1,1
U4020,16,Tier 2,2024-07-04,1,1,1
U4021,18,Tier 1,2024-10-20,0,1,1
U4022,16,Tier 3,2024-06-04,1,0,1
U4023,20,Tier 2,2024-12-08,1,1,0
U4024,22,Tier 1,2024-07-02,1,0,0
U4025,20,Tier 2,2024-12-20,1,1,0
U4026,22,Tier 1,2024-09-04,1,1,0
U4027,18,Tier 2,2024-10-20,0,1,0
U4028,15,Tier 1,2024-02-14,1,1,1
U4029,21,Tier 3,2024-06-11,1,1,1
U4030,17,Tier 2,2024-04-11,1,1,0
U4031,20,Tier 1,2024-10-25,1,0,0
U4032,16,Tier 2,2024-05-14,0,1,1
U4033,14,Tier 1,2024-04-05,0,0,1
U4034,25,Tier 3,2024-04-27,1,1,0
U4035,15,Tier 2,2024-02-14,1,1,1
U4036,25,Tier 2,2024-06-16,0,1,0
U4037,24,Tier 1,2024-04-04,1,0,1
U4038,21,Tier 3,2024-03-30,1,1,1
U4039,20,Tier 2,2024-06-09,1,0,0
U4040,19,Tier 1,2024-04-08,1,1,0
U4041,22,Tier 1,2024-03-18,1,0,0
U4042,16,Tier 1,2024-11-24,1,1,1
U4043,18,Tier 3,2024-08-23,1,1,0
U4044,19,Tier 1,2024-04-16,1,1,0
U4045,18,Tier 2,2024-08-14,1,1,1
U4046,18,Tier 1,2024-11-29,1,1,1
U4047,17,Tier 1,2024-09-22,1,1,1
U4048,19,Tier 2,2024-02-07,1,1,0
U4049,22,Tier 3,2024-02-24,0,1,0
U4050,16,Tier 2,2024-01-02,1,1,1
U4051,23,Tier 3,2024-04-30,0,1,1
U4052,20,Tier 2,2024-04-12,1,1,1
U4053,22,Tier 1,2024-03-07,0,0,0
U4054,19,Tier 1,2024-08-03,1,0,1
U4055,21,Tier 2,2024-07-22,1,1,1
U4056,13,Tier 3,2024-07-04,0,0,0
U4057,22,Tier 3,2024-01-13,1,1,0
U4058,13,Tier 1,2024-05-17,0,1,1
U4059,23,Tier 1,2024-04-06,1,1,0
U4060,25,Tier 1,2024-10-05,0,0,1
U4061,17,Tier 3,2024-05-18,0,1,0
U4062,16,Tier 3,2024-05-12,0,0,0
U4063,21,Tier 3,2024-08-06,1,0,0
U4064,16,Tier 1,2024-02-09,1,1,0
U4065,22,Tier 2,2024-01-22,0,1,1
U4066,14,Tier 2,2024-09-10,0,1,0
U4067,15,Tier 1,2024-04-23,0,1,1
U4068,24,Tier 2,2024-08-09,1,1,1
U4069,20,Tier 1,2024-01-23,0,1,0
U4070,22,Tier 1,2024-05-31,1,1,0
U4071,17,Tier 3,2024-01-09,1,1,0
U4072,20,Tier 3,2024-02-03,1,1,1
U4073,19,Tier 2,2024-05-22,1,1,0
U4074,19,Tier 2,2024-02-11,0,1,1
U4075,20,Tier 1,2024-05-02,1,1,0
U4076,19,Tier 2,2024-08-31,1,1,1
U4077,18,Tier 3,2024-09-29,1,0,1
U4078,16,Tier 3,2024-10-31,1,1,1
U4079,21,Tier 2,2024-07-22,1,1,0
U4080,16,Tier 1,2024-07-25,1,0,1
U4081,20,Tier 1,2024-04-21,1,1,0
U4082,16,Tier 2,2024-02-19,0,0,1
U4083,20,Tier 1,2024-04-30,0,1,1
U4084,21,Tier 3,2024-09-11,1,0,1
U4085,16,Tier 1,2024-08-31,1,0,0
U4086,14,Tier 1,2024-07-25,1,1,1
U4087,15,Tier 1,2024-06-25,0,1,1
U4088,19,Tier 3,2024-01-26,1,0,0
U4089,22,Tier 1,2024-01-11,1,0,1
U4090,13,Tier 2,2024-02-21,1,0,0
U4091,21,Tier 2,2024-11-19,0,1,1
U4092,17,Tier 1,2024-02-13,1,0,0
U4093,18,Tier 2,2024-12-14,1,1,1
U4094,23,Tier 2,2024-08-04,0,1,0
U4095,17,Tier 2,2024-04-20,0,1,0
U4096,18,Tier 3,2024-11-12,0,1,0
U4097,13,Tier 1,2024-06-20,1,1,0
U4098,14,Tier 1,2024-08-27,0,1,0
U4099,16,Tier 3,2024-04-10,0,1,1
U4100,13,Tier 1,2024-10-14,0,1,1
U4101,20,Tier 2,2024-01-26,0,0,0
U4102,18,Tier 3,2024-01-12,0,1,0
U4103,19,Tier 1,2024-11-07,1,1,1
U4104,15,Tier 2,2024-03-16,1,1,0
U4105,17,Tier 1,2024-12-10,0,1,1
U4106,20,Tier 1,2024-03-13,1,1,0
U4107,24,Tier 1,2024-04-02,1,1,0
U4108,14,Tier 3,2024-03-23,1,1,0
U4109,23,Tier 1,2024-09-16,0,0,1
U4110,19,Tier 2,2024-03-21,1,1,0
U4111,19,Tier 3,2024-06-09,0,1,0
U4112,18,Tier 2,2024-07-19,1,1,1
U4113,14,Tier 2,2024-05-31,1,1,0
U4114,14,Tier 2,2024-05-15,1,1,0
U4115,19,Tier 1,2024-04-15,1,1,1
U4116,17,Tier 2,2024-01-08,1,1,1
U4117,23,Tier 2,2024-10-09,1,1,1
U4118,18,Tier 3,2024-11-26,1,1,0
U4119,15,Tier 3,2024-11-23,0,1,0
U4120,20,Tier 3,2024-12-20,1,0,0
U4121,17,Tier 3,2024-05-22,0,1,1
U4122,19,Tier 2,2024-05-10,1,1,0
U4123,20,Tier 2,2024-09-02,1,1,0
U4124,23,Tier 3,2024-05-09,1,0,0
U4125,21,Tier 1,2024-09-27,0,0,1
U4126,20,Tier 3,2024-01-13,0,1,0
U4127,20,Tier 2,2024-06-12,0,0,0
U4128,24,Tier 2,2024-04-19,1,1,1
U4129,17,Tier 2,2024-02-21,0,0,0
U4130,13,Tier 3,2024-05-03,1,1,0
U4131,16,Tier 1,2024-03-03,1,1,1
U4132,16,Tier 2,2024-02-03,1,1,0
U4133,20,Tier 2,2024-12-02,1,1,1
U4134,20,Tier 1,2024-05-30,1,1,0
U4135,19,Tier 3,2024-04-06,0,1,1
U4136,13,Tier 2,2024-10-26,1,1,1
U4137,21,Tier 2,2024-05-22,1,1,0
U4138,17,Tier 1,2024-09-27,1,1,0
U4139,20,Tier 2,2024-03-20,0,0,0
U4140,19,Tier 2,2024-09-15,1,0,0
U4141,17,Tier 2,2024-05-20,1,0,0
U4142,15,Tier 1,2024-06-15,0,0,0
U4143,14,Tier 3,2024-05-04,1,1,0
U4144,22,Tier 2,2024-10-01,1,1,1
U4145,23,Tier 2,2024-09-23,1,1,1
U4146,20,Tier 2,2024-09-09,1,1,1
U4147,14,Tier 1,2024-08-27,0,1,0
U4148,18,Tier 2,2024-11-25,1,0,1
U4149,21,Tier 2,2024-02-12,1,1,1
U4150,21,Tier 2,2024-05-22,1,0,1
U4151,14,Tier 2,2024-06-29,1,1,0
U4152,13,Tier 2,2024-01-22,0,0,1
U4153,20,Tier 1,2024-07-15,1,1,1
U4154,17,Tier 2,2024-08-10,1,1,0
U4155,16,Tier 1,2024-10-20,0,0,0
U4156,13,Tier 1,2024-01-08,0,1,1
U4157,19,Tier 3,2024-03-26,0,1,0
U4158,22,Tier 2,2024-01-30,1,1,1
U4159,24,Tier 2,2024-06-26,0,1,0
U4160,19,Tier 2,2024-12-15,1,1,1
U4161,19,Tier 3,2024-12-24,1,1,0
U4162,14,Tier 2,2024-12-18,1,1,0
U4163,19,Tier 3,2024-08-20,0,1,0
U4164,17,Tier 1,2024-09-12,1,1,1
U4165,19,Tier 3,2024-01-27,1,0,0
U4166,17,Tier 3,2024-05-16,1,0,1
U4167,16,Tier 3,2024-02-13,1,1,0
U4168,14,Tier 1,2024-07-16,0,1,0
U4169,17,Tier 1,2024-07-18,1,1,0
U4170,14,Tier 1,2024-12-12,1,0,0
U4171,15,Tier 1,2024-08-27,0,0,0
U4172,25,Tier 3,2024-01-02,1,0,0
U4173,18,Tier 1,2024-11-04,0,1,1
U4174,19,Tier 1,2024-07-23,0,1,0
U4175,22,Tier 1,2024-07-19,0,1,0
U4176,25,Tier 1,2024-06-04,0,1,0
U4177,19,Tier 1,2024-04-03,1,1,0
U4178,22,Tier 3,2024-03-05,1,1,0
U4179,17,Tier 2,2024-08-17,1,0,0
U4180,17,Tier 1,2024-06-15,1,1,0
U4181,18,Tier 2,2024-01-17,1,0,1
U4182,20,Tier 2,2024-09-14,1,1,0
U4183,20,Tier 1,2024-01-25,0,0,0
U4184,17,Tier 2,2024-03-17,1,0,1
U4185,15,Tier 2,2024-12-28,1,0,1
U4186,20,Tier 2,2024-01-11,1,0,0
U4187,15,Tier 2,2024-09-03,1,0,1
U4188,19,Tier 1,2024-02-08,0,1,0
U4189,20,Tier 3,2024-04-15,1,1,0
U4190,20,Tier 3,2024-04-27,1,1,0
U4191,21,Tier 3,2024-11-08,1,0,0
U4192,22,Tier 1,2024-02-10,1,0,0
U4193,18,Tier 3,2024-12-28,1,1,0
U4194,21,Tier 3,2024-11-04,0,1,1
U4195,19,Tier 3,2024-06-18,1,1,0
U4196,15,Tier 1,2024-05-10,1,0,0
U4197,13,Tier 2,2024-03-23,1,1,0
U4198,16,Tier 3,2024-09-29,0,1,0
U4199,18,Tier 2,2024-10-21,0,1,1
U4200,19,Tier 2,2024-01-24,1,1,0
U4201,22,Tier 3,2024-10-24,1,1,0
U4202,15,Tier 2,2024-07-27,0,1,1
U4203,15,Tier 2,2024-07-05,0,0,0
U4204,24,Tier 2,2024-12-05,0,1,0
U4205,14,Tier 3,2024-12-01,0,1,0
U4206,18,Tier 1,2024-06-28,1,0,0
U4207,19,Tier 2,2024-11-25,1,0,1
U4208,19,Tier 2,2024-08-04,0,0,0
U4209,14,Tier 3,2024-06-29,0,1,1
U4210,14,Tier 2,2024-11-17,1,0,0
U4211,14,Tier 3,2024-10-10,1,1,0
U4212,19,Tier 3,2024-01-10,0,0,0
U4213,19,Tier 1,2024-01-12,1,1,0
U4214,16,Tier 2,2024-06-26,0,1,1
U4215,20,Tier 1,2024-03-20,1,1,0
U4216,22,Tier 1,2024-11-27,1,1,0
U4217,13,Tier 2,2024-12-27,1,0,0
U4218,18,Tier 3,2024-02-12,1,1,1
U4219,20,Tier 3,2024-10-10,1,1,0
U4220,16,Tier 1,2024-11-06,1,1,0
U4221,17,Tier 1,2024-05-02,0,1,0
U4222,19,Tier 2,2024-06-04,0,0,0
U4223,23,Tier 2,2024-03-10,1,0,1
U4224,21,Tier 1,2024-08-06,1,0,0
U4225,19,Tier 3,2024-05-30,1,1,0
U4226,21,Tier 3,2024-12-02,1,1,1
U4227,17,Tier 2,2024-09-26,1,1,0
U4228,20,Tier 3,2024-05-16,1,1,0
U4229,18,Tier 1,2024-12-18,1,1,1
U4230,15,Tier 2,2024-04-06,1,0,1
U4231,20,Tier 2,2024-07-06,1,1,1
U4232,19,Tier 1,2024-01-25,0,1,1
U4233,17,Tier 3,2024-03-09,1,1,1
U4234,23,Tier 2,2024-04-29,0,1,1
U4235,13,Tier 2,2024-12-22,0,0,1
U4236,17,Tier 1,2024-10-11,0,1,0
U4237,14,Tier 1,2024-03-04,0,1,0
U4238,21,Tier 1,2024-07-12,1,1,1
U4239,20,Tier 2,2024-08-19,1,0,0
U4240,17,Tier 2,2024-07-21,1,0,0
U4241,20,Tier 1,2024-05-08,0,1,0
U4242,18,Tier 2,2024-12-30,0,1,0
U4243,21,Tier 2,2024-08-06,0,1,0
U4244,18,Tier 2,2024-11-14,1,1,1
U4245,18,Tier 2,2024-09-28,0,0,1
U4246,23,Tier 3,2024-12-08,1,0,0
U4247,16,Tier 2,2024-07-20,1,0,0
U4248,15,Tier 2,2024-03-11,0,1,0
U4249,19,Tier 1,2024-01-15,1,0,1
U4250,24,Tier 1,2024-12-31,0,1,0
U4251,17,Tier 1,2024-07-23,1,0,0
U4252,14,Tier 2,2024-04-20,0,1,0
U4253,17,Tier 1,2024-05-21,1,1,1
U4254,18,Tier 1,2024-02-03,0,1,0
U4255,15,Tier 3,2024-07-27,0,1,0
U4256,20,Tier 1,2024-12-02,0,1,0
U4257,25,Tier 1,2024-08-27,1,0,0
U4258,18,Tier 1,2024-12-27,0,1,1
U4259,17,Tier 3,2024-04-03,1,1,0
U4260,18,Tier 1,2024-08-10,1,1,1
U4261,14,Tier 2,2024-02-16,1,1,0
U4262,23,Tier 2,2024-10-28,0,0,1
U4263,18,Tier 2,2024-08-28,1,1,0
U4264,17,Tier 2,2024-02-13,0,1,0
U4265,20,Tier 3,2024-09-27,0,0,0
U4266,18,Tier 1,2024-03-17,1,0,0
U4267,20,Tier 1,2024-12-20,0,1,0
U4268,14,Tier 1,2024-09-21,1,0,0
U4269,22,Tier 1,2024-06-26,0,1,1
U4270,24,Tier 1,2024-05-11,1,0,1
U4271,20,Tier 1,2024-11-11,1,1,0
U4272,24,Tier 2,2024-10-03,1,0,1
U4273,15,Tier 2,2024-08-24,1,1,0
U4274,18,Tier 1,2024-10-13,1,1,1
U4275,19,Tier 2,2024-02-01,1,1,0
U4276,19,Tier 1,2024-05-23,1,1,0
U4277,18,Tier 1,2024-05-13,1,0,0
U4278,17,Tier 2,2024-07-15,1,1,1
U4279,15,Tier 1,2024-01-27,0,1,1
U4280,18,Tier 1,2024-01-11,1,1,1
U4281,15,Tier 2,2024-01-01,0,1,1
U4282,21,Tier 3,2024-09-12,1,0,0
U4283,16,Tier 2,2024-12-10,0,1,0
U4284,14,Tier 1,2024-12-13,0,1,1
U4285,19,Tier 3,2024-08-25,1,0,0
U4286,19,Tier 2,2024-06-17,0,0,0
U4287,22,Tier 2,2024-10-31,1,1,1
U4288,19,Tier 3,2024-04-13,0,1,0
U4289,17,Tier 2,2024-02-12,0,0,1
U4290,21,Tier 1,2024-03-30,1,0,0
U4291,19,Tier 2,2024-11-07,0,0,0
U4292,14,Tier 2,2024-03-08,1,0,1
U4293,19,Tier 2,2024-09-14,1,0,0
U4294,23,Tier 2,2024-02-19,1,0,0
U4295,18,Tier 3,2024-11-13,0,0,1
U4296,17,Tier 3,2024-11-11,0,1,0
U4297,15,Tier 3,2024-10-20,0,1,0
U4298,15,Tier 3,2024-10-05,1,1,0
U4299,18,Tier 3,2024-03-18,1,1,0
U4300,19,Tier 1,2024-11-27,0,0,0
U4301,14,Tier 1,2024-11-24,1,0,0
U4302,23,Tier 2,2024-06-12,1,0,0
U4303,21,Tier 3,2024-07-11,1,0,0
U4304,19,Tier 2,2024-10-21,1,1,1
U4305,22,Tier 2,2024-09-27,1,0,0
U4306,14,Tier 1,2024-07-24,0,1,1
U4307,18,Tier 1,2024-03-08,1,1,1
U4308,20,Tier 2,2024-02-01,1,1,0
U4309,22,Tier 1,2024-02-11,1,0,0
U4310,21,Tier 1,2024-01-31,1,1,0
U4311,16,Tier 1,2024-01-04,1,0,0
U4312,24,Tier 1,2024-01-30,1,1,0
U4313,15,Tier 2,2024-06-23,0,1,0
U4314,22,Tier 1,2024-05-11,1,1,1
U4315,24,Tier 2,2024-01-08,0,1,1
U4316,15,Tier 1,2024-04-24,0,0,1
U4317,21,Tier 3,2024-08-07,1,1,0
U4318,13,Tier 1,2024-08-22,1,0,1
U4319,18,Tier 2,2024-10-06,0,0,1
U4320,19,Tier 2,2024-10-05,1,0,0
U4321,19,Tier 1,2024-02-17,1,1,0
U4322,23,Tier 3,2024-01-25,1,0,0
U4323,20,Tier 2,2024-01-02,1,1,1
U4324,18,Tier 2,2024-10-27,1,1,0
U4325,21,Tier 1,2024-05-21,0,1,0
U4326,24,Tier 3,2024-01-05,0,0,0
U4327,13,Tier 3,2024-05-28,1,1,0
U4328,25,Tier 1,2024-12-14,1,1,1
U4329,14,Tier 1,2024-04-07,1,1,0
U4330,22,Tier 3,2024-05-10,1,1,1
U4331,16,Tier 2,2024-07-03,1,1,1
U4332,15,Tier 3,2024-12-17,1,0,1
U4333,18,Tier 2,2024-02-15,1,1,0
U4334,20,Tier 2,2024-05-18,1,0,0
U4335,17,Tier 1,2024-05-17,1,1,0
U4336,14,Tier 1,2024-01-02,0,0,0
U4337,19,Tier 2,2024-05-27,1,1,1
U4338,23,Tier 3,2024-08-30,0,1,0
U4339,17,Tier 1,2024-07-01,1,1,0
U4340,16,Tier 2,2024-12-15,1,1,0
U4341,18,Tier 2,2024-04-13,1,0,0
U4342,13,Tier 2,2024-05-08,1,1,1
U4343,22,Tier 3,2024-12-29,1,0,0
U4344,22,Tier 3,2024-06-21,0,0,0
U4345,19,Tier 1,2024-11-29,0,1,0
U4346,17,Tier 3,2024-12-01,1,1,0
U4347,21,Tier 3,2024-07-23,1,1,0
U4348,19,Tier 3,2024-12-11,1,1,1
U4349,22,Tier 2,2024-04-13,1,1,0
U4350,20,Tier 3,2024-05-10,1,0,0
U4351,21,Tier 1,2024-02-23,1,1,1
U4352,19,Tier 1,2024-07-08,1,1,1
U4353,18,Tier 3,2024-04-02,1,1,0
U4354,24,Tier 1,2024-02-19,1,1,1
U4355,19,Tier 1,2024-02-16,1,0,1
U4356,19,Tier 3,2024-12-22,1,0,0
U4357,16,Tier 3,2024-02-21,0,0,0
U4358,20,Tier 1,2024-09-14,1,0,1
U4359,19,Tier 3,2024-02-17,0,1,0
U4360,15,Tier 2,2024-02-04,0,1,0
U4361,14,Tier 2,2024-05-21,0,1,0
U4362,19,Tier 3,2024-07-16,0,0,0
U4363,21,Tier 2,2024-11-08,0,0,0
U4364,19,Tier 1,2024-03-24,0,1,1
U4365,16,Tier 1,2024-03-10,1,1,0
U4366,20,Tier 2,2024-08-03,1,1,1
U4367,14,Tier 2,2024-04-27,0,0,1
U4368,18,Tier 3,2024-12-22,0,1,0
U4369,15,Tier 3,2024-02-01,0,0,1
U4370,15,Tier 2,2024-06-17,0,1,0
U4371,16,Tier 3,2024-05-30,0,1,0
U4372,17,Tier 1,2024-06-12,0,0,1
U4373,14,Tier 1,2024-02-12,0,1,1
U4374,18,Tier 3,2024-02-11,1,0,0
U4375,19,Tier 1,2024-07-07,0,0,0
U4376,18,Tier 1,2024-05-05,0,1,0
U4377,17,Tier 2,2024-08-31,0,0,0
U4378,22,Tier 2,2024-06-18,0,1,1
U4379,15,Tier 3,2024-08-12,1,1,1
U4380,18,Tier 1,2024-07-02,1,0,0
U4381,14,Tier 1,2024-04-22,0,1,1
U4382,14,Tier 1,2024-05-13,1,1,0
U4383,19,Tier 2,2024-05-21,1,0,0
U4384,19,Tier 1,2024-07-25,1,1,0
U4385,22,Tier 2,2024-02-29,0,0,0
U4386,19,Tier 3,2024-07-12,0,0,0
U4387,24,Tier 3,2024-03-14,0,1,0
U4388,13,Tier 1,2024-12-25,1,1,0
U4389,14,Tier 2,2024-10-23,1,1,0
U4390,13,Tier 2,2024-07-08,1,1,0
U4391,15,Tier 3,2024-05-23,1,0,0
U4392,19,Tier 3,2024-06-04,0,0,0
U4393,20,Tier 1,2024-09-20,1,1,0
U4394,13,Tier 2,2024-08-31,1,1,1
U4395,24,Tier 1,2024-09-23,1,0,1
U4396,22,Tier 1,2024-01-12,1,1,1
U4397,17,Tier 1,2024-04-09,0,0,1
U4398,14,Tier 2,2024-11-06,1,0,0
U4399,15,Tier 2,2024-12-19,0,1,1
U4400,15,Tier 1,2024-02-22,1,1,0
U4401,15,Tier 2,2024-09-01,1,0,0
U4402,19,Tier 1,2024-04-14,1,1,1
U4403,16,Tier 2,2024-12-24,1,1,1
U4404,17,Tier 1,2024-08-27,0,0,0
U4405,25,Tier 1,2024-04-23,1,0,0
U4406,20,Tier 2,2024-05-07,1,1,0
U4407,24,Tier 1,2024-01-24,1,1,0
U4408,15,Tier 2,2024-07-24,1,1,0
U4409,17,Tier 1,2024-03-22,0,1,0
U4410,19,Tier 2,2024-09-05,1,1,1
U4411,14,Tier 1,2024-08-12,1,1,0
U4412,13,Tier 2,2024-01-07,0,1,1
U4413,20,Tier 3,2024-11-25,1,1,0
U4414,20,Tier 1,2024-01-01,1,1,0
U4415,18,Tier 2,2024-02-11,1,1,0
U4416,18,Tier 1,2024-04-24,1,1,1
U4417,18,Tier 2,2024-05-13,0,1,0
U4418,13,Tier 1,2024-07-28,1,0,0
U4419,17,Tier 2,2024-07-15,0,1,0
U4420,15,Tier 2,2024-11-19,1,1,1
U4421,14,Tier 3,2024-09-01,0,0,0
U4422,24,Tier 2,2024-11-03,1,1,0
U4423,19,Tier 2,2024-07-10,0,0,0
U4424,21,Tier 2,2024-01-01,1,1,0
U4425,17,Tier 3,2024-01-12,1,1,0
U4426,18,Tier 3,2024-02-02,0,1,1
U4427,16,Tier 1,2024-12-06,0,1,1
U4428,14,Tier 3,2024-08-21,1,1,0
U4429,15,Tier 2,2024-10-20,1,1,0
U4430,21,Tier 3,2024-08-05,1,1,1
U4431,20,Tier 3,2024-08-22,0,0,0
U4432,19,Tier 1,2024-03-29,0,1,0
U4433,18,Tier 2,2024-06-08,1,1,1
U4434,23,Tier 1,2024-04-17,0,1,0
U4435,14,Tier 1,2024-05-09,0,1,1
U4436,16,Tier 1,2024-07-10,1,0,1
U4437,17,Tier 2,2024-11-01,0,1,0
U4438,21,Tier 1,2024-01-11,1,1,0
U4439,25,Tier 1,2024-10-15,0,0,1
U4440,16,Tier 2,2024-02-08,1,0,0
U4441,22,Tier 1,2024-07-21,1,1,1
U4442,22,Tier 1,2024-02-14,1,1,1
U4443,16,Tier 1,2024-08-11,1,1,1
U4444,18,Tier 1,2024-04-23,0,1,1
U4445,18,Tier 2,2024-04-28,1,1,1
U4446,24,Tier 1,2024-06-14,1,1,0
U4447,15,Tier 3,2024-10-26,0,0,0
U4448,21,Tier 2,2024-01-09,1,1,1
U4449,17,Tier 1,2024-01-16,1,1,1
U4450,21,Tier 1,2024-06-13,0,1,1
U4451,18,Tier 2,2024-08-13,0,1,0
U4452,19,Tier 2,2024-08-13,1,1,1
U4453,22,Tier 1,2024-04-06,1,1,1
U4454,21,Tier 1,2024-09-14,0,1,0
U4455,22,Tier 3,2024-06-25,1,1,0
U4456,14,Tier 1,2024-05-31,1,1,1
U4457,20,Tier 1,2024-10-28,1,1,0
U4458,15,Tier 3,2024-09-26,1,1,1
U4459,18,Tier 2,2024-09-08,0,1,1
U4460,19,Tier 1,2024-05-22,0,1,0
U4461,18,Tier 2,2024-05-24,0,1,0
U4462,19,Tier 1,2024-11-20,0,0,0
U4463,25,Tier 2,2024-11-23,1,0,1
U4464,15,Tier 2,2024-02-23,1,1,0
U4465,20,Tier 3,2024-07-19,0,0,1
U4466,18,Tier 3,2024-04-18,1,1,0
U4467,15,Tier 3,2024-04-06,1,0,0
U4468,15,Tier 3,2024-12-27,0,1,1
U4469,24,Tier 2,2024-09-06,1,1,0
U4470,22,Tier 1,2024-09-19,1,1,0
U4471,23,Tier 2,2024-03-16,0,1,1
U4472,25,Tier 2,2024-11-23,0,0,0
U4473,16,Tier 3,2024-02-09,1,1,0
U4474,17,Tier 1,2024-11-27,0,1,1
U4475,20,Tier 3,2024-05-30,1,1,0
U4476,18,Tier 3,2024-12-17,1,1,0
U4477,18,Tier 3,2024-03-12,0,1,0
U4478,17,Tier 3,2024-03-07,0,1,0
U4479,19,Tier 1,2024-01-16,1,1,0
U4480,19,Tier 1,2024-03-25,1,0,1
U4481,15,Tier 1,2024-05-24,1,1,0
U4482,18,Tier 1,2024-12-30,1,1,1
U4483,19,Tier 2,2024-03-29,1,1,1
U4484,19,Tier 3,2024-08-11,1,0,1
U4485,16,Tier 3,2024-01-30,1,1,0
U4486,21,Tier 2,2024-02-09,1,1,0
U4487,13,Tier 1,2024-11-08,1,0,1
U4488,17,Tier 1,2024-10-31,0,1,0
U4489,21,Tier 1,2024-02-01,1,1,1
U4490,19,Tier 1,2024-03-10,1,1,0
U4491,16,Tier 2,2024-05-10,0,0,0
U4492,20,Tier 1,2024-02-13,0,0,1
U4493,19,Tier 1,2024-08-27,1,0,1
U4494,21,Tier 1,2024-11-01,1,1,1
U4495,21,Tier 2,2024-05-21,0,1,1
U4496,19,Tier 2,2024-11-13,1,1,0
U4497,18,Tier 2,2024-09-21,0,0,1
U4498,15,Tier 2,2024-11-15,1,0,0
U4499,16,Tier 3,2024-05-07,1,1,0
U4500,18,Tier 1,2024-04-12,1,1,0
U4501,19,Tier 2,2024-09-14,0,1,1
U4502,19,Tier 2,2024-11-22,0,1,0
U4503,16,Tier 2,2024-07-29,1,1,0
U4504,13,Tier 3,2024-03-29,1,1,0
U4505,18,Tier 1,2024-12-19,1,1,0
U4506,16,Tier 2,2024-03-18,1,1,1
U4507,21,Tier 1,2024-03-12,0,0,1
U4508,13,Tier 2,2024-02-15,1,0,0
U4509,19,Tier 1,2024-01-23,0,0,0
U4510,24,Tier 1,2024-04-23,1,0,0
U4511,15,Tier 2,2024-01-31,0,1,1
U4512,18,Tier 2,2024-04-13,0,1,0
U4513,14,Tier 1,2024-02-03,1,0,1
U4514,20,Tier 2,2024-07-04,1,1,1
U4515,19,Tier 2,2024-09-21,1,1,0
U4516,18,Tier 1,2024-08-17,1,1,1
U4517,19,Tier 2,2024-03-20,1,0,0
U4518,23,Tier 2,2024-01-05,1,1,0
U4519,15,Tier 2,2024-11-02,0,1,0
U4520,13,Tier 1,2024-06-01,1,1,0
U4521,22,Tier 1,2024-02-12,0,0,0
U4522,19,Tier 2,2024-03-19,0,1,1
U4523,23,Tier 3,2024-11-14,0,1,0
U4524,19,Tier 2,2024-09-22,1,1,0
U4525,22,Tier 1,2024-10-03,1,0,0
U4526,18,Tier 2,2024-01-15,1,0,0
U4527,21,Tier 3,2024-12-15,1,1,1
U4528,23,Tier 1,2024-12-12,1,1,1
U4529,19,Tier 3,2024-07-02,0,0,1
U4530,15,Tier 3,2024-01-16,1,1,0
U4531,16,Tier 1,2024-08-12,1,0,0
U4532,15,Tier 3,2024-01-15,0,1,0
U4533,16,Tier 1,2024-12-20,1,1,0
U4534,17,Tier 3,2024-10-23,1,0,0
U4535,19,Tier 2,2024-06-06,0,1,1
U4536,19,Tier 2,2024-04-28,1,1,1
U4537,18,Tier 2,2024-09-10,1,1,0
U4538,19,Tier 3,2024-08-05,1,0,0
U4539,14,Tier 1,2024-02-14,0,1,1
U4540,14,Tier 2,2024-08-11,1,1,0
U4541,15,Tier 1,2024-03-09,1,0,1
U4542,19,Tier 1,2024-12-16,1,1,0
U4543,16,Tier 1,2024-07-03,1,1,1
U4544,16,Tier 2,2024-10-25,1,1,0
U4545,18,Tier 1,2024-11-27,1,0,1
U4546,22,Tier 1,2024-08-20,1,1,0
U4547,13,Tier 1,2024-08-28,1,1,0
U4548,20,Tier 1,2024-01-02,1,1,0
U4549,20,Tier 2,2024-09-23,1,0,0
U4550,21,Tier 3,2024-04-17,0,0,1
U4551,23,Tier 1,2024-01-23,1,1,1
U4552,13,Tier 3,2024-07-13,1,1,0
U4553,15,Tier 2,2024-08-29,0,0,0
U4554,23,Tier 2,2024-01-11,0,1,1
U4555,18,Tier 2,2024-01-21,1,0,0
U4556,19,Tier 3,2024-11-08,1,1,1
U4557,20,Tier 1,2024-01-26,1,1,1
U4558,20,Tier 2,2024-11-04,1,1,0
U4559,23,Tier 2,2024-12-14,0,0,0
U4560,25,Tier 2,2024-07-09,1,1,0
U4561,21,Tier 3,2024-08-21,0,1,0
U4562,16,Tier 1,2024-06-16,1,1,0
U4563,22,Tier 2,2024-08-10,1,1,1
U4564,13,Tier 2,2024-08-04,0,1,0
U4565,16,Tier 1,2024-03-08,1,1,0
U4566,23,Tier 1,2024-11-24,1,0,1
U4567,16,Tier 2,2024-02-07,0,1,1
U4568,16,Tier 3,2024-01-19,0,0,0
U4569,15,Tier 2,2024-12-19,0,1,0
U4570,22,Tier 3,2024-10-22,1,1,1
U4571,18,Tier 2,2024-03-08,1,1,1
U4572,20,Tier 1,2024-04-23,0,0,1
U4573,16,Tier 1,2024-10-04,1,0,1
U4574,21,Tier 1,2024-12-19,0,1,0
U4575,21,Tier 1,2024-12-12,1,0,0
U4576,17,Tier 1,2024-05-16,1,1,0
U4577,18,Tier 2,2024-03-10,0,1,1
U4578,16,Tier 2,2024-11-15,1,1,0
U4579,24,Tier 1,2024-11-10,1,1,1
U4580,20,Tier 1,2024-05-14,1,1,1
U4581,23,Tier 1,2024-12-19,1,0,0
U4582,17,Tier 2,2024-04-16,1,1,1
U4583,21,Tier 1,2024-03-21,1,0,1
U4584,21,Tier 1,2024-02-01,1,1,0
U4585,20,Tier 3,2024-01-13,0,1,1
U4586,24,Tier 3,2024-01-29,1,0,0
U4587,18,Tier 1,2024-09-04,0,0,1
U4588,15,Tier 2,2024-03-12,1,0,1
U4589,20,Tier 1,2024-06-06,1,1,0
U4590,21,Tier 3,2024-03-16,1,0,0
U4591,19,Tier 2,2024-07-08,0,0,0
U4592,16,Tier 1,2024-10-11,0,1,0
U4593,18,Tier 2,2024-02-13,0,1,0
U4594,17,Tier 1,2024-11-25,1,1,0
U4595,18,Tier 1,2024-02-03,1,1,1
U4596,20,Tier 1,2024-10-11,0,1,0
U4597,21,Tier 2,2024-09-28,0,0,0
U4598,16,Tier 1,2024-11-20,0,1,0
U4599,18,Tier 1,2024-08-03,1,0,0
U4600,16,Tier 1,2024-12-22,0,1,1
U4601,15,Tier 1,2024-01-17,1,1,0
U4602,21,Tier 3,2024-10-27,1,1,0
U4603,23,Tier 1,2024-06-05,1,1,0
U4604,17,Tier 1,2024-05-06,1,0,0
U4605,21,Tier 2,2024-10-17,0,0,0
U4606,23,Tier 3,2024-12-03,0,1,0
U4607,22,Tier 3,2024-08-15,0,0,0
U4608,15,Tier 2,2024-08-09,1,1,0
U4609,24,Tier 1,2024-09-30,1,1,0
U4610,17,Tier 2,2024-07-18,0,1,0
U4611,17,Tier 2,2024-04-05,1,1,0
U4612,14,Tier 1,2024-11-30,0,1,1
U4613,18,Tier 3,2024-06-06,0,1,0
U4614,14,Tier 1,2024-10-18,0,1,0
U4615,16,Tier 3,2024-08-04,1,0,0
U4616,17,Tier 3,2024-12-20,0,1,0
U4617,21,Tier 2,2024-05-02,1,1,1
U4618,22,Tier 3,2024-09-12,1,1,1
U4619,17,Tier 2,2024-08-06,0,0,1
U4620,22,Tier 1,2024-05-23,1,0,0
U4621,22,Tier 2,2024-07-06,0,0,1
U4622,21,Tier 1,2024-12-04,1,1,0
U4623,15,Tier 1,2024-10-31,1,1,1
U4624,20,Tier 2,2024-10-08,0,0,0
U4625,24,Tier 1,2024-03-16,1,1,1
U4626,20,Tier 1,2024-06-18,1,1,1
U4627,17,Tier 2,2024-10-18,1,1,0
U4628,18,Tier 3,2024-09-11,1,1,1
U4629,20,Tier 1,2024-09-09,0,1,0
U4630,19,Tier 1,2024-01-16,1,1,1
U4631,14,Tier 1,2024-01-31,0,1,0
U4632,17,Tier 2,2024-08-07,0,1,0
U4633,21,Tier 1,2024-02-06,1,0,1
U4634,22,Tier 2,2024-08-31,0,1,1
U4635,15,Tier 1,2024-07-08,1,1,1
U4636,24,Tier 1,2024-01-20,1,1,0
U4637,17,Tier 3,2024-07-01,1,1,1
U4638,20,Tier 1,2024-07-10,1,1,0
U4639,21,Tier 2,2024-01-25,0,1,0
U4640,22,Tier 1,2024-08-28,1,1,0
U4641,24,Tier 2,2024-07-24,1,1,1
U4642,17,Tier 2,2024-11-04,0,0,1
U4643,22,Tier 1,2024-07-24,0,1,1
U4644,15,Tier 1,2024-04-05,1,1,0
U4645,20,Tier 1,2024-06-01,0,1,1
U4646,21,Tier 2,2024-07-12,1,0,0
U4647,20,Tier 3,2024-06-01,0,1,0
U4648,16,Tier 2,2024-10-19,1,0,1
U4649,22,Tier 2,2024-08-22,0,1,0
U4650,15,Tier 1,2024-07-27,1,1,1
U4651,14,Tier 1,2024-05-16,1,1,1
U4652,20,Tier 1,2024-10-04,1,1,1
U4653,18,Tier 1,2024-12-05,1,1,1
U4654,22,Tier 1,2024-11-05,0,1,0
U4655,17,Tier 2,2024-11-03,1,1,0
U4656,15,Tier 2,2024-01-29,0,1,1
U4657,22,Tier 3,2024-05-30,0,1,0
U4658,19,Tier 1,2024-12-06,0,0,0
U4659,15,Tier 2,2024-04-07,1,0,1
U4660,21,Tier 3,2024-03-13,0,1,1
U4661,19,Tier 2,2024-05-01,0,0,0
U4662,19,Tier 1,2024-10-19,0,1,0
U4663,18,Tier 1,2024-08-02,1,1,0
U4664,22,Tier 1,2024-08-17,1,1,0
U4665,22,Tier 1,2024-12-22,1,1,0
U4666,20,Tier 2,2024-08-02,1,1,0
U4667,14,Tier 1,2024-01-30,1,1,0
U4668,22,Tier 1,2024-11-05,1,1,0
U4669,20,Tier 2,2024-03-09,1,1,1
U4670,20,Tier 3,2024-06-13,1,0,0
U4671,17,Tier 2,2024-10-25,1,0,1
U4672,22,Tier 2,2024-09-07,0,1,0
U4673,21,Tier 1,2024-01-02,1,1,0
U4674,14,Tier 1,2024-01-31,0,1,0
U4675,18,Tier 1,2024-10-28,1,1,1
U4676,23,Tier 2,2024-01-08,1,1,0
U4677,13,Tier 3,2024-12-09,1,1,0
U4678,24,Tier 1,2024-11-19,0,1,0
U4679,20,Tier 2,2024-03-16,1,1,0
U4680,20,Tier 1,2024-05-09,0,0,0
U4681,16,Tier 2,2024-05-15,1,0,1
U4682,16,Tier 1,2024-07-07,1,1,0
U4683,24,Tier 1,2024-08-04,0,1,0
U4684,17,Tier 3,2024-01-08,1,0,1
U4685,21,Tier 2,2024-06-01,0,1,1
U4686,18,Tier 2,2024-05-14,1,1,1
U4687,15,Tier 1,2024-04-30,1,1,0
U4688,13,Tier 1,2024-07-09,0,1,0
U4689,19,Tier 1,2024-11-16,0,0,0
U4690,24,Tier 3,2024-10-19,1,1,0
U4691,17,Tier 3,2024-10-31,0,1,1
U4692,17,Tier 2,2024-09-19,1,1,0
U4693,17,Tier 1,2024-12-25,0,1,1
U4694,19,Tier 3,2024-05-25,0,1,1
U4695,18,Tier 2,2024-03-08,1,0,0
U4696,22,Tier 2,2024-02-25,1,1,1
U4697,18,Tier 1,2024-04-29,1,1,0
U4698,18,Tier 2,2024-11-28,1,1,0
U4699,15,Tier 2,2024-09-04,1,1,0
U4700,25,Tier 3,2024-10-03,1,1,1
U4701,16,Tier 3,2024-05-25,0,1,0
U4702,14,Tier 1,2024-06-13,1,1,0
U4703,20,Tier 2,2024-01-01,1,1,0
U4704,19,Tier 3,2024-01-13,1,1,0
U4705,18,Tier 1,2024-04-15,0,0,0
U4706,18,Tier 1,2024-08-13,1,1,0
U4707,21,Tier 1,2024-01-02,1,1,0
U4708,15,Tier 2,2024-05-21,1,1,0
U4709,22,Tier 1,2024-11-04,1,1,0
U4710,20,Tier 2,2024-07-08,1,1,0
U4711,18,Tier 1,2024-12-25,1,1,0
U4712,18,Tier 3,2024-05-22,1,1,1
U4713,16,Tier 1,2024-06-30,1,1,0
U4714,21,Tier 1,2024-04-21,1,1,1
U4715,19,Tier 2,2024-11-30,1,1,1
U4716,17,Tier 2,2024-01-28,1,1,1
U4717,19,Tier 1,2024-01-06,0,1,1
U4718,25,Tier 1,2024-03-06,0,0,0
U4719,18,Tier 1,2024-04-26,1,0,0
U4720,23,Tier 2,2024-11-06,1,1,1
U4721,17,Tier 3,2024-05-22,1,1,0
U4722,14,Tier 2,2024-02-01,1,1,1
U4723,16,Tier 2,2024-05-17,1,1,0
U4724,18,Tier 2,2024-06-11,1,1,0
U4725,16,Tier 1,2024-11-16,0,1,0
U4726,13,Tier 3,2024-08-24,0,0,1
U4727,23,Tier 3,2024-09-09,1,1,0
U4728,22,Tier 1,2024-08-17,1,1,0
U4729,21,Tier 1,2024-07-19,0,0,0
U4730,15,Tier 1,2024-06-25,0,1,1
U4731,15,Tier 1,2024-04-11,0,1,0
U4732,14,Tier 2,2024-10-02,1,1,1
U4733,21,Tier 2,2024-07-31,1,1,0
U4734,23,Tier 3,2024-02-27,0,1,1
U4735,18,Tier 2,2024-05-24,1,1,0
U4736,14,Tier 2,2024-10-22,1,1,1
U4737,19,Tier 2,2024-10-10,1,1,0
U4738,17,Tier 1,2024-02-10,0,1,0
U4739,17,Tier 1,2024-05-26,0,0,0
U4740,20,Tier 2,2024-05-10,1,1,0
U4741,20,Tier 1,2024-09-29,0,1,1
U4742,14,Tier 1,2024-11-14,1,1,1
U4743,13,Tier 3,2024-03-22,0,1,1
U4744,25,Tier 2,2024-10-28,1,1,0
U4745,16,Tier 1,2024-07-02,1,0,0
U4746,14,Tier 2,2024-12-02,1,1,0
U4747,15,Tier 3,2024-07-25,1,0,1
U4748,13,Tier 1,2024-09-21,1,0,0
U4749,18,Tier 1,2024-09-17,1,0,0
U4750,21,Tier 3,2024-12-11,0,1,0
U4751,17,Tier 1,2024-09-06,1,0,0
U4752,18,Tier 1,2024-01-11,1,1,1
U4753,20,Tier 2,2024-08-07,1,1,1
U4754,18,Tier 3,2024-01-31,1,1,1
U4755,22,Tier 1,2024-09-02,1,0,0
U4756,22,Tier 1,2024-12-01,0,1,0
U4757,13,Tier 1,2024-10-08,1,1,1
U4758,21,Tier 3,2024-08-26,1,1,1
U4759,18,Tier 1,2024-09-28,0,1,1
U4760,25,Tier 2,2024-04-07,1,1,0
U4761,18,Tier 3,2024-02-16,1,0,1
U4762,25,Tier 1,2024-09-22,0,0,1
U4763,21,Tier 3,2024-03-29,1,0,1
U4764,16,Tier 3,2024-10-19,1,1,0
U4765,19,Tier 3,2024-01-19,0,1,0
U4766,25,Tier 1,2024-02-22,1,1,0
U4767,22,Tier 2,2024-07-14,1,1,1
U4768,14,Tier 3,2024-01-28,0,1,0
U4769,20,Tier 3,2024-12-05,1,0,1
U4770,17,Tier 1,2024-07-13,1,1,0
U4771,13,Tier 3,2024-02-29,0,0,1
U4772,18,Tier 1,2024-01-20,0,0,1
U4773,16,Tier 1,2024-07-12,1,1,0
U4774,22,Tier 2,2024-08-28,1,0,1
U4775,17,Tier 3,2024-09-27,0,0,1
U4776,22,Tier 2,2024-05-30,0,1,0
U4777,13,Tier 2,2024-10-20,1,1,0
U4778,17,Tier 3,2024-11-13,1,1,0
U4779,16,Tier 1,2024-06-24,1,1,0
U4780,16,Tier 2,2024-04-05,0,1,0
U4781,14,Tier 1,2024-02-08,0,1,0
U4782,15,Tier 1,2024-06-14,0,1,0
U4783,19,Tier 2,2024-12-01,0,1,0
U4784,17,Tier 3,2024-02-23,1,1,1
U4785,18,Tier 2,2024-06-24,1,1,1
U4786,17,Tier 3,2024-04-30,0,1,0
U4787,22,Tier 1,2024-01-12,0,1,0
U4788,23,Tier 1,2024-04-08,1,1,0
U4789,18,Tier 2,2024-12-08,1,0,1
U4790,17,Tier 1,2024-04-10,0,1,1
U4791,14,Tier 1,2024-01-29,1,1,1
U4792,24,Tier 2,2024-05-14,1,1,1
U4793,14,Tier 1,2024-06-13,1,1,0
U4794,17,Tier 1,2024-12-02,0,1,0
U4795,17,Tier 2,2024-12-19,1,1,0
U4796,17,Tier 2,2024-09-03,0,0,0
U4797,15,Tier 3,2024-02-23,1,0,0
U4798,21,Tier 2,2024-03-05,1,1,0
U4799,15,Tier 2,2024-07-19,1,0,0
U4800,20,Tier 3,2024-07-30,0,1,0
U4801,15,Tier 3,2024-01-30,0,0,0
U4802,14,Tier 1,2024-07-02,0,1,0
U4803,23,Tier 1,2024-03-27,0,1,0
U4804,15,Tier 2,2024-07-05,1,1,0
U4805,22,Tier 2,2024-01-14,1,1,0
U4806,19,Tier 3,2024-12-02,1,0,0
U4807,14,Tier 2,2024-07-22,1,1,0
U4808,24,Tier 2,2024-04-16,0,1,1
U4809,16,Tier 3,2024-05-01,0,1,1
U4810,22,Tier 2,2024-02-26,0,1,0
U4811,15,Tier 1,2024-11-24,1,1,1
U4812,22,Tier 3,2024-11-05,1,0,0
U4813,13,Tier 1,2024-09-19,1,0,1
U4814,19,Tier 3,2024-03-03,1,1,1
U4815,21,Tier 3,2024-08-03,1,1,0
U4816,23,Tier 2,2024-01-17,1,1,0
U4817,23,Tier 2,2024-09-09,1,0,0
U4818,22,Tier 2,2024-11-18,1,0,1
U4819,23,Tier 1,2024-11-05,1,1,0
U4820,15,Tier 1,2024-10-04,1,0,0
U4821,16,Tier 2,2024-01-05,1,1,1
U4822,16,Tier 3,2024-06-06,1,1,1
U4823,17,Tier 2,2024-06-19,1,0,0
U4824,18,Tier 1,2024-08-18,1,1,1
U4825,19,Tier 2,2024-04-28,1,1,0
U4826,15,Tier 3,2024-09-30,1,1,1
U4827,20,Tier 2,2024-01-26,1,1,0
U4828,15,Tier 2,2024-09-10,0,1,1
U4829,17,Tier 3,2024-03-05,1,0,0
U4830,18,Tier 2,2024-09-24,0,1,0
U4831,21,Tier 2,2024-05-08,1,0,1
U4832,21,Tier 3,2024-10-02,1,1,0
U4833,20,Tier 1,2024-09-06,0,1,0
U4834,15,Tier 3,2024-03-28,1,0,0
U4835,19,Tier 1,2024-05-01,0,1,0
U4836,14,Tier 1,2024-03-30,1,1,1
U4837,17,Tier 3,2024-08-28,1,1,0
U4838,18,Tier 1,2024-07-16,0,1,0
U4839,13,Tier 2,2024-06-05,1,1,0
U4840,16,Tier 3,2024-10-31,1,0,0
U4841,24,Tier 3,2024-07-24,1,0,1
U4842,24,Tier 3,2024-02-02,1,1,1
U4843,17,Tier 1,2024-07-29,1,0,0
U4844,13,Tier 2,2024-07-13,1,0,0
U4845,15,Tier 1,2024-01-30,0,0,1
U4846,18,Tier 2,2024-01-02,0,1,1
U4847,24,Tier 3,2024-12-07,1,1,0
U4848,15,Tier 1,2024-10-25,0,1,1
U4849,21,Tier 2,2024-05-13,1,1,1
U4850,14,Tier 2,2024-12-16,1,1,1
U4851,25,Tier 2,2024-01-28,0,1,0
U4852,17,Tier 3,2024-07-08,0,1,0
U4853,21,Tier 1,2024-11-11,0,1,0
U4854,17,Tier 2,2024-01-16,1,1,0
U4855,20,Tier 3,2024-01-26,1,1,1
U4856,15,Tier 2,2024-02-01,0,0,1
U4857,15,Tier 1,2024-12-12,1,1,0
U4858,23,Tier 2,2024-06-06,0,0,1
U4859,23,Tier 1,2024-02-29,1,0,0
U4860,23,Tier 1,2024-10-28,0,0,0
U4861,20,Tier 3,2024-12-15,1,0,1
U4862,21,Tier 2,2024-06-28,1,0,0
U4863,14,Tier 3,2024-02-04,1,1,0
U4864,17,Tier 3,2024-09-23,0,0,0
U4865,17,Tier 2,2024-08-06,0,0,1
U4866,20,Tier 1,2024-03-27,1,0,1
U4867,17,Tier 2,2024-05-09,0,1,0
U4868,15,Tier 1,2024-05-20,1,1,0
U4869,19,Tier 3,2024-12-08,1,1,1
U4870,22,Tier 1,2024-08-19,1,1,0
U4871,17,Tier 1,2024-02-07,1,0,0
U4872,15,Tier 2,2024-10-30,1,1,0
U4873,15,Tier 1,2024-12-25,1,1,1
U4874,16,Tier 1,2024-05-06,0,1,1
U4875,17,Tier 2,2024-04-25,0,1,1
U4876,20,Tier 1,2024-11-10,1,1,1
U4877,19,Tier 1,2024-11-04,1,1,0
U4878,20,Tier 1,2024-08-02,0,1,1
U4879,17,Tier 2,2024-10-02,0,1,0
U4880,22,Tier 2,2024-12-13,1,1,1
U4881,16,Tier 2,2024-08-12,0,0,0
U4882,18,Tier 2,2024-11-01,1,0,1
U4883,21,Tier 1,2024-05-21,1,0,1
U4884,15,Tier 3,2024-01-25,1,1,1
U4885,14,Tier 1,2024-02-03,1,1,0
U4886,23,Tier 2,2024-11-11,0,1,1
U4887,17,Tier 3,2024-10-15,1,0,1
U4888,20,Tier 3,2024-08-23,1,0,1
U4889,13,Tier 1,2024-08-13,0,1,0
U4890,20,Tier 1,2024-08-16,0,0,0
U4891,17,Tier 2,2024-05-08,0,1,0
U4892,14,Tier 1,2024-03-19,1,1,0
U4893,19,Tier 3,2024-02-21,1,1,1
U4894,16,Tier 2,2024-08-10,0,1,0
U4895,17,Tier 2,2024-12-07,1,1,1
U4896,14,Tier 1,2024-03-21,1,0,0
U4897,15,Tier 2,2024-07-26,1,1,0
U4898,17,Tier 2,2024-04-20,1,1,0
U4899,14,Tier 3,2024-03-04,1,0,1
U4900,23,Tier 1,2024-10-14,1,1,1
U4901,13,Tier 1,2024-03-14,1,1,0
U4902,18,Tier 1,2024-09-17,1,1,0
U4903,15,Tier 1,2024-09-25,1,1,1
U4904,17,Tier 2,2024-06-16,1,1,1
U4905,23,Tier 3,2024-09-24,0,1,0
U4906,15,Tier 1,2024-10-05,0,1,0
U4907,24,Tier 3,2024-10-13,1,1,0
U4908,16,Tier 1,2024-04-02,1,0,1
U4909,21,Tier 1,2024-11-11,1,0,0
U4910,19,Tier 1,2024-05-05,1,0,1
U4911,23,Tier 1,2024-04-30,1,1,0
U4912,19,Tier 3,2024-08-12,1,1,1
U4913,19,Tier 1,2024-07-16,0,0,1
U4914,15,Tier 2,2024-12-14,1,1,1
U4915,15,Tier 2,2024-08-07,1,1,0
U4916,23,Tier 3,2024-05-31,1,0,0
U4917,17,Tier 1,2024-12-24,0,1,0
U4918,17,Tier 1,2024-06-22,1,1,0
U4919,21,Tier 1,2024-09-13,0,0,0
U4920,17,Tier 2,2024-07-22,1,0,0
U4921,24,Tier 1,2024-08-04,0,1,0
U4922,21,Tier 3,2024-08-05,0,1,0
U4923,19,Tier 2,2024-03-14,0,1,1
U4924,23,Tier 2,2024-07-21,1,0,0
U4925,13,Tier 2,2024-02-23,1,1,1
U4926,16,Tier 1,2024-12-30,1,1,0
U4927,18,Tier 2,2024-08-19,0,0,1
U4928,16,Tier 3,2024-10-10,1,1,0
U4929,21,Tier 3,2024-10-13,1,0,0
U4930,23,Tier 3,2024-08-19,1,0,1
U4931,18,Tier 3,2024-04-21,1,1,0
U4932,17,Tier 1,2024-01-16,1,0,0
U4933,24,Tier 1,2024-07-28,1,1,1
U4934,18,Tier 1,2024-06-20,1,0,1
U4935,18,Tier 1,2024-04-12,1,0,1
U4936,17,Tier 1,2024-06-13,0,1,0
U4937,23,Tier 2,2024-02-08,0,0,0
U4938,19,Tier 2,2024-07-08,0,0,0
U4939,21,Tier 3,2024-03-09,1,1,1
U4940,22,Tier 2,2024-12-10,0,1,1
U4941,17,Tier 3,2024-04-01,1,1,1
U4942,18,Tier 1,2024-08-01,1,1,1
U4943,22,Tier 1,2024-05-04,1,0,0
U4944,17,Tier 2,2024-02-03,1,0,0
U4945,21,Tier 1,2024-12-08,1,1,1
U4946,24,Tier 1,2024-03-10,0,1,0
U4947,20,Tier 1,2024-05-30,1,1,1
U4948,21,Tier 1,2024-10-06,1,1,0
U4949,21,Tier 2,2024-05-16,1,1,1
U4950,22,Tier 2,2024-02-10,1,1,0
U4951,18,Tier 2,2024-01-10,1,1,1
U4952,14,Tier 2,2024-12-08,1,0,0
U4953,18,Tier 1,2024-04-16,0,1,1
U4954,20,Tier 1,2024-05-23,1,1,1
U4955,18,Tier 1,2024-08-24,1,1,0
U4956,21,Tier 1,2024-08-26,0,0,1
U4957,17,Tier 2,2024-01-20,0,0,0
U4958,20,Tier 3,2024-04-16,0,0,0
U4959,15,Tier 2,2024-08-16,1,1,0
U4960,21,Tier 1,2024-07-31,1,1,0
U4961,19,Tier 2,2024-12-09,1,1,1
U4962,16,Tier 2,2024-11-21,0,1,0
U4963,17,Tier 2,2024-10-23,0,1,0
U4964,21,Tier 2,2024-04-27,1,0,0
U4965,18,Tier 2,2024-01-24,1,1,1
U4966,16,Tier 2,2024-11-09,0,1,0
U4967,24,Tier 2,2024-05-20,1,0,1
U4968,20,Tier 1,2024-10-26,1,1,1
U4969,24,Tier 2,2024-07-23,1,1,1
U4970,18,Tier 1,2024-09-18,1,1,1
U4971,18,Tier 1,2024-04-02,0,1,1
U4972,23,Tier 3,2024-12-09,1,0,1
U4973,19,Tier 3,2024-01-28,1,1,0
U4974,20,Tier 1,2024-05-19,1,0,1
U4975,16,Tier 2,2024-09-03,1,0,0
U4976,18,Tier 1,2024-04-07,1,0,1
U4977,15,Tier 2,2024-07-19,1,1,1
U4978,16,Tier 3,2024-12-11,1,1,0
U4979,13,Tier 3,2024-01-06,0,1,0
U4980,13,Tier 2,2024-12-13,0,1,0
U4981,24,Tier 1,2024-02-08,1,0,0
U4982,16,Tier 2,2024-10-17,1,1,1
U4983,20,Tier 1,2024-11-25,0,0,0
U4984,22,Tier 3,2024-08-26,1,1,0
U4985,19,Tier 3,2024-12-05,0,1,1
U4986,15,Tier 2,2024-03-17,1,0,0
U4987,21,Tier 1,2024-09-12,0,1,0
U4988,19,Tier 1,2024-09-23,0,0,1
U4989,21,Tier 1,2024-08-28,0,1,0
U4990,21,Tier 3,2024-01-05,0,0,0
U4991,24,Tier 2,2024-01-07,0,1,0
U4992,19,Tier 1,2024-12-27,1,0,1
U4993,17,Tier 2,2024-12-07,1,1,0
U4994,20,Tier 3,2024-08-06,1,1,1
U4995,14,Tier 1,2024-05-28,0,0,1
U4996,23,Tier 3,2024-01-11,0,0,1
U4997,14,Tier 3,2024-08-11,1,1,0
U4998,17,Tier 3,2024-06-23,1,1,0
U4999,22,Tier 1,2024-08-30,0,1,0
U5000,19,Tier 1,2024-01-10,1,1,0
